review_id,user_name,review_text,rating,thumbs_up_count,review_created_version,app_version,review_date,developer_reply,developer_reply_date,brand,platform,lang_param,country_param,scraped_at,week_start
99619ba4-ec69-4314-883f-c026fce51d48,Grady Smith,"I love lichess! It is ad free, and costs nothing!",5,2,,,2026-04-11 23:20:04,,,Lichess,Google Play,en,us,2026-04-17 17:51:35,2026-04-07
da9781ca-6472-40c7-a42c-36314093a618,Grand Master,"don't get me wrong the app is amazing, but I want to add a pgn for historical games from magnus, bobby and Garry and many others. I hope you to make it and I will back and give this app 5 stars",3,0,0.22.7,0.22.7,2026-04-11 21:33:04,,,Lichess,Google Play,en,us,2026-04-17 17:51:35,2026-04-07
158df3b3-0b5e-474f-9f0c-30eb015d45e4,Eee,"Free, open-source and extremely fast and smooth! the only downside - for some reason there is no play with friends option via link sharing and no account needed like the previous Lichess. Hope it gets added soon!",5,1,,,2026-04-11 18:32:37,,,Lichess,Google Play,en,us,2026-04-17 17:51:35,2026-04-07
77bd7985-3e78-4d3b-950c-e9a7d45ade79,Alin Fusea,offline unavailable - going to play other chess app,2,3,0.13.13,0.13.13,2026-04-11 17:31:29,,,Lichess,Google Play,en,us,2026-04-17 17:51:35,2026-04-07
7b68b365-8c69-4dae-8ee0-0c056d2ee12d,Nandhini Gopi,Lichess signin is a rubbish process. frustrating. Their irritating captcha method is worst.,1,0,0.22.7,0.22.7,2026-04-11 16:52:27,,,Lichess,Google Play,en,us,2026-04-17 17:51:35,2026-04-07
f4a5f3e1-4faf-47b0-b812-97f5605c5963,Bibin G Raj,I'm unable to sign in via my tablet. Is it just me or others too? Could you please solve this? Appreciate all the people contributing to this and keeping it free 👏,5,2,0.22.6,0.22.6,2026-04-11 14:54:07,,,Lichess,Google Play,en,us,2026-04-17 17:51:35,2026-04-07
2a11ca12-7ea0-4c18-9532-89a749c75677,Alexandros Markovic,"The new app is a big improvement! The only thing i would wish is to be able to change the sound effects in-game, having additional preconfigured options would be incredible.",5,1,0.22.7,0.22.7,2026-04-11 12:30:21,,,Lichess,Google Play,en,us,2026-04-17 17:51:35,2026-04-07
67388c1a-c50a-41d1-879c-9e89bde6e554,Thierry Barbaray,"Application au top, toujours la présence de tricheur mais aucunement la faute des créateur. Juste je comprend pas ce style de joueur qu'es que cela leur apporte ?",5,1,0.22.7,0.22.7,2026-04-10 23:23:13,,,Lichess,Google Play,en,us,2026-04-17 17:51:35,2026-04-07
21d9c5a1-a844-4c12-8893-5dec44032dd3,hema saied,Too many cheaters,1,0,0.22.7,0.22.7,2026-04-10 18:59:46,,,Lichess,Google Play,en,us,2026-04-17 17:51:35,2026-04-07
bc510bcf-11c3-43ab-9844-1220acc549b7,Tafadzwa Maringe,"I cannot send a game challenge link or create a tournament , please can you fix this otherwise you are doing a great job keeping the game we love so much free and have sort a primium feel❤️",4,1,0.22.7,0.22.7,2026-04-10 18:02:07,,,Lichess,Google Play,en,us,2026-04-17 17:51:35,2026-04-07
df2e0fbf-ec3b-4572-bb53-64a7d5b96901,Meshack Othman,Can't download it,4,0,,,2026-04-10 17:16:18,,,Lichess,Google Play,en,us,2026-04-17 17:51:35,2026-04-07
f847d635-1a88-4b6d-a943-a4e1ccae73b2,Devang Patil,you can't match with players and the players keep aborting the game,1,0,,,2026-04-10 15:21:56,,,Lichess,Google Play,en,us,2026-04-17 17:51:35,2026-04-07
55afe340-80bd-4570-ab89-8d06e46aa6ad,Zack Norris,sign in doesn't work,1,1,0.22.7,0.22.7,2026-04-10 13:32:54,,,Lichess,Google Play,en,us,2026-04-17 17:51:35,2026-04-07
f604fb7d-3d8e-43c0-8afc-9d77f5b5be51,Letlhogonolo Khoza,it helps you grow and play with different people around the world,5,1,0.22.7,0.22.7,2026-04-10 13:04:11,,,Lichess,Google Play,en,us,2026-04-17 17:51:35,2026-04-07
5366ffcb-2c8d-473a-8600-c15732e89065,Vipul Gola (LordVipul),"Clean interface, unlimited puzzles and analysis, no ads. There simply isn't anything better!",5,1,0.22.7,0.22.7,2026-04-10 08:43:43,,,Lichess,Google Play,en,us,2026-04-17 17:51:35,2026-04-07
730687b5-a310-4cb3-bc7b-98fbe9551812,Gulom Alimov (Googlom),"Sign in doesn't work. After closing the web page with successful authorization, the app does nothing. Tried reinstalling twice with no luck",1,2,0.22.7,0.22.7,2026-04-10 07:39:31,,,Lichess,Google Play,en,us,2026-04-17 17:51:35,2026-04-07
b9ca57d8-7022-4c70-82e6-6fdf1a8e91d6,The Humour Games!,"I grew bored of playing against the most obvious cheaters of any game, so I started cheating, to prove how easy it is to my chess friends and family, and the public. One month, hundreds of games. Lichess does not care, and never will as long as investment keeps rolling and backers keep paying. I refuse to play on an app that permits it. Permanently closed my account and will never use the app again. Lichess are literally vitriol to the chess community.",1,6,,,2026-04-09 16:54:33,,,Lichess,Google Play,en,us,2026-04-17 17:51:35,2026-04-07
1d517d87-be4d-47d8-9724-1d1a7cff8758,Viraat L,"Very good site for playing faster time controls, but there is no puzzle racer and no option to edit or create your own study.",5,1,0.22.7,0.22.7,2026-04-09 09:23:41,,,Lichess,Google Play,en,us,2026-04-17 17:51:35,2026-04-07
b4306922-1534-4aad-9845-9120d91b0e7c,Matt Little,app is riddled with cheaters,1,0,0.22.7,0.22.7,2026-04-08 23:59:14,,,Lichess,Google Play,en,us,2026-04-17 17:51:35,2026-04-07
baa706d7-b918-4555-b4cf-39db5caa700e,Rob Owner,Works exactly as described both online and offline. Thank you!,5,1,0.21.9,0.21.9,2026-04-08 09:57:16,,,Lichess,Google Play,en,us,2026-04-17 17:51:35,2026-04-07
e7be21ad-8e62-4d42-8c81-2d6ef321346e,Ahmad Al-Sheikho,"There is a bug, I couldn't Login to my Account, would you please to fix it...",1,1,0.22.7,0.22.7,2026-04-07 13:29:05,,,Lichess,Google Play,en,us,2026-04-17 17:51:35,2026-04-07
da130a97-baa3-421f-af66-b49d3053e12a,Richard Sharma,"After trying 30 different family friendly names and being told it's not family friendly, I deleted the game. Never even got to play. If it's that frustrating to simply pick a GD simple name, I'm out. This stupid thing needs to be fixed!!",1,0,,,2026-04-07 03:20:40,,,Lichess,Google Play,en,us,2026-04-17 17:51:35,2026-04-07
9b80b5c5-feae-4305-b0e1-e69ff5f2202e,Zubair Khalid,"Amazing app, good features and new learning puzzles. I have been playing chess for approximately 8 years. Thanks to Lichess.",5,1,0.22.7,0.22.7,2026-04-07 01:37:36,,,Lichess,Google Play,en,us,2026-04-17 17:51:35,2026-04-07
dad9e24f-c69b-4f18-acc0-0569e155e5f0,Puru Kumar,Terribly awful app. It increases the latency for this new stupid complex design and you will lose your winning position games.,1,0,,,2026-04-06 23:13:57,,,Lichess,Google Play,en,us,2026-04-17 17:51:35,2026-03-31
e0d76ddc-6ea8-4de8-b19d-60702d827c56,Joven James Torrejos,This is the best chess mobile app I used for a long time now. It really helps me improve my skills. I want to suggest a feature though. Can you put a pairing tournament system offline where I could make a mini tournament among my peers. It would be complete total tool package if this happens. Thank lichess,5,1,0.22.7,0.22.7,2026-04-06 20:40:10,,,Lichess,Google Play,en,us,2026-04-17 17:51:35,2026-03-31
d60c8dd8-e282-43e9-a393-8ab8ece53556,Lukas,"Unable or unwilling to provide a way to contact them. If you click on “Contact” (good one), you have to wade through countless questions until you reach a page where—ta-da—you're just redirected to some servers and forums. Contact options under “Contact”: zero. A classic rip-off these days. Stay away; there are reputable alternatives.",1,0,,,2026-04-06 17:39:35,,,Lichess,Google Play,en,us,2026-04-17 17:51:35,2026-03-31
b6d80629-40e8-4640-8afb-71e257c302a5,Anita Kumari,Really fun!!!,5,0,,,2026-04-06 17:09:48,,,Lichess,Google Play,en,us,2026-04-17 17:51:35,2026-03-31
74e3eb65-9d9c-4ce2-a1a6-9ac6ee88ba9f,Darren Alexander,"free, no subscriptions and an amazing puzzle mix and difficulty. Surely, this needs to be more popular.",5,0,,,2026-04-06 16:55:50,,,Lichess,Google Play,en,us,2026-04-17 17:51:35,2026-03-31
0fce0ab2-f602-46e2-8d80-0e9a46a767cd,Omkar Gaikwad,"very poor broadcasting and hence I'm not going to watch tournaments on this app because it shows matches or rounds played by players instead of their score or result, Eg in Grenke Chess Festival 2026",1,7,0.22.7,0.22.7,2026-04-06 15:45:54,,,Lichess,Google Play,en,us,2026-04-17 17:51:35,2026-03-31
a26afefe-e15e-4020-a500-99ead8d76754,REMA K,it is the best app for studying and playing chess for free.,5,0,0.22.7,0.22.7,2026-04-06 15:35:31,,,Lichess,Google Play,en,us,2026-04-17 17:51:35,2026-03-31
2a47a06b-5fcb-4472-8b00-ef80dea33f25,M J,Some of the puzzles literally make zero sense,1,0,,,2026-04-06 14:21:16,,,Lichess,Google Play,en,us,2026-04-17 17:51:35,2026-03-31
5ab918a3-61b5-46d8-9b25-5cddbfbdd3d1,Miroslav Kovačević,i wold realy like to see more options for customization of start screen,4,0,0.18.2,0.18.2,2026-04-06 02:08:57,,,Lichess,Google Play,en,us,2026-04-17 17:51:35,2026-03-31
6c3d88ce-9100-43d5-af0c-0e83c214194b,Dominic Appiah,"I wish there was a ""Takeback"" engine that could allow for genuine cases of misclicks instead of opponents disingenuously refusing it.",4,0,0.22.7,0.22.7,2026-04-05 22:06:11,,,Lichess,Google Play,en,us,2026-04-17 17:51:35,2026-03-31
d0e84410-b66c-45d7-85c1-e2097854bb89,Tope Akanji,"can you please just bring back the previous app, cant even off vibration",1,0,0.22.7,0.22.7,2026-04-05 22:00:35,,,Lichess,Google Play,en,us,2026-04-17 17:51:35,2026-03-31
55b46939-6b7f-4d1e-a627-9f02e791d032,Pumza Gevenga,very realistic,5,0,0.22.7,0.22.7,2026-04-05 21:20:28,,,Lichess,Google Play,en,us,2026-04-17 17:51:35,2026-03-31
94316b40-cd88-458b-b547-9e21ceda70da,Gabriel Howard,"Gawd awful interface, difficult to navigate, menus are a mess, nonintuitive to set up a game against the computer or a human opponent of similar skill level. Literally uninstalled after 3 minutes.",2,0,,,2026-04-05 19:09:06,,,Lichess,Google Play,en,us,2026-04-17 17:51:35,2026-03-31
89f465b8-e7c7-4046-9fe8-74dfc2dfa999,Mohammad Mohaimenul ISLAM,Perfection.,5,1,,,2026-04-05 16:48:20,,,Lichess,Google Play,en,us,2026-04-17 17:51:35,2026-03-31
40340fe0-d296-42ea-bd22-4436c58906b1,Ash M.G.,"it's chess. it's free. it's so much more than that. all features are free for everyone: no paywalls for bot opponents, custom skins, or game analysis. you can customize your pieces and board to your liking, and even add a background image to make your experience unique to you (i used some monstera leaves on all green board). there are puzzles and training courses and different chess variants, and the web version has even more stuff. i couldn't recommend this enough. give this app some love ffs.",5,4,0.22.7,0.22.7,2026-04-05 16:18:37,,,Lichess,Google Play,en,us,2026-04-17 17:51:35,2026-03-31
50249e35-aaf5-4af3-b688-2284e6d1366e,Ajinkya Dhote,i don't like the review system even if it is free. also not enough bots to play with. the worst part is matchmaking it is just trash- it could be 100x better.,2,0,,,2026-04-05 11:38:24,,,Lichess,Google Play,en,us,2026-04-17 17:51:35,2026-03-31
910194e6-4074-488e-b1a0-c55fd07e08a9,Night Blood,massive cheating problem. no reliable reporting system,1,2,0.19.4,0.19.4,2026-04-05 06:11:58,,,Lichess,Google Play,en,us,2026-04-17 17:51:35,2026-03-31
fd2a4d83-3f42-41ee-b084-32bf300ec8b7,Marca Mos Elfredndò,Yeah! It's the best out there!,5,0,,,2026-04-05 05:23:33,,,Lichess,Google Play,en,us,2026-04-17 17:51:35,2026-03-31
b53b7d24-3cf9-4adb-9b78-413a84962e23,Saba Tsenteradze,it's a really good chess game.,5,10,0.14.14,0.14.14,2026-04-04 11:41:45,,,Lichess,Google Play,en,us,2026-04-17 17:51:35,2026-03-31
303905bf-bfcf-4790-bfe4-97606b004766,Taher Hilal,I cannot request a computer analysis in study in the android app. Please add this feature so that I can access computer analysis on this device and not have to open the webpage. Otherwise the app is very solid.,4,1,0.22.7,0.22.7,2026-04-03 06:48:31,,,Lichess,Google Play,en,us,2026-04-17 17:51:35,2026-03-31
271581ea-3711-4c50-ad1f-4d966670c4ff,Christian Gabriel Decalit,"Fix this ping issues, everytime i play every games, suddenly lag every single time. I do not recommend this.",1,1,0.22.7,0.22.7,2026-04-02 07:43:26,,,Lichess,Google Play,en,us,2026-04-17 17:51:35,2026-03-31
b310dab5-412a-443b-823e-82aae9abb3b1,Alyanna Enciong,it's doesn't let me register a account when I'm doing everything right and I'm not laging,1,2,0.22.7,0.22.7,2026-04-02 06:51:31,,,Lichess,Google Play,en,us,2026-04-17 17:51:35,2026-03-31
53432852-dc8e-4d67-a75a-f8046e2daa52,:,worse matchmaking than capcom frfr,1,1,0.22.7,0.22.7,2026-04-01 14:39:22,,,Lichess,Google Play,en,us,2026-04-17 17:51:35,2026-03-31
22c432d7-a85d-4873-a4b2-88dfc5d84600,Kol Harsche,one of the absolute worst chess apps out there. zero regelation on cheating devices. and ignores all customers. TERRIBLE,1,0,,,2026-04-01 06:50:32,,,Lichess,Google Play,en,us,2026-04-17 17:51:35,2026-03-31
705321ec-e538-444d-a94b-447fe04d1c83,Mihin Weragama,The new update is really good. and those graphics are really good as well.,5,1,0.22.7,0.22.7,2026-03-31 23:08:19,,,Lichess,Google Play,en,us,2026-04-17 17:51:35,2026-03-31
24eff2af-4917-422a-97d5-958d139e27ec,Trevor Otich,Best Chess app . love how you can play learn and with others and especially love how there are not ads,5,1,0.22.7,0.22.7,2026-03-31 18:36:00,,,Lichess,Google Play,en,us,2026-04-17 17:51:35,2026-03-31
a1542b66-38ad-4266-a3a0-22074af37d51,Trainingson Pyngrope,"deeply disappointed I've just open my account I got block , I'm not a beginner player and i know some theory and I've played in other platforms for the past 2plus years as well ...I got flagged that I violates the financial fair play ,just give us options to give like beginner, intermediate or advanced...",2,0,,,2026-03-31 14:09:19,,,Lichess,Google Play,en,us,2026-04-17 17:51:35,2026-03-31
777f976c-b32d-4ffa-8a59-3633bf648c53,Rituraj,very good 👍👍👍👍👍👍,5,1,,,2026-03-31 11:06:24,,,Lichess,Google Play,en,us,2026-04-17 17:51:35,2026-03-31
f70fa1c4-59ed-40e1-86cd-7cd2007ab5ff,Rudra Sharma,"love the new experience , lichess team you are a life saver i will start donating as soon I start to earn thanks 🙏 pls never stop doing what you do .",5,1,0.22.7,0.22.7,2026-03-31 10:08:40,,,Lichess,Google Play,en,us,2026-04-17 17:51:35,2026-03-31
f7d85321-1679-420f-9883-8ad6ce357162,Tyrone Klopper,Lubbin Dis,5,0,0.22.7,0.22.7,2026-03-31 10:04:18,,,Lichess,Google Play,en,us,2026-04-17 17:51:35,2026-03-31
3c24317e-9910-4ce3-ab8d-3182409ad119,Lukas G,"best chess website, I prefer lichess to even the paid chess-com expierience.",5,0,0.22.7,0.22.7,2026-03-31 04:10:44,,,Lichess,Google Play,en,us,2026-04-17 17:51:35,2026-03-31
f6d73e63-e320-405e-b49b-2c5eef89e914,Francisco Mwangupili,"Please make the ""Request Computer Analysis"" feature easier to locate...",5,6,0.22.7,0.22.7,2026-03-30 19:40:23,,,Lichess,Google Play,en,us,2026-04-17 17:51:35,2026-03-24
c7a9c0fb-8926-49ba-8177-fceddfad0244,vivek venugopal,one of the worst timers in chess apps out there. there is a way to cheat and increase the time for yourself in bullet games. absolutely pathetic. absolutely horrible horrible timer.,1,0,,,2026-03-30 19:39:38,,,Lichess,Google Play,en,us,2026-04-17 17:51:35,2026-03-24
20b85ab3-58ee-4f9f-a76b-3fc6821f3bdf,Matthew Booth,"match setting is unweighted and with zero moderation, full of cheats and bots. you end up having 1300 hundreds who play like levvy followed by a 1700 who's way above your grading...",1,0,0.22.7,0.22.7,2026-03-30 12:28:49,,,Lichess,Google Play,en,us,2026-04-17 17:51:35,2026-03-24
934555f7-7bd2-4d9b-ac4e-198903408254,Wira,"hotseat player vs player is confusing, why the pieces flipped upside down everytime turn takes",1,0,0.22.7,0.22.7,2026-03-30 11:27:07,,,Lichess,Google Play,en,us,2026-04-17 17:51:35,2026-03-24
77b6c4dd-7560-4c0f-a8b8-b8aafeaf5d5f,Srinivasa Raghava,Better than Chess. com,5,1,0.22.7,0.22.7,2026-03-30 06:53:49,,,Lichess,Google Play,en,us,2026-04-17 17:51:35,2026-03-24
b1ca568e-d269-4a1c-8bc2-faec578395bd,The Practical Drummer,TAKES FOREVER TO PAIR A GAME UP EVEN WITH COMMON TIME CONTROLS.,4,0,0.22.7,0.22.7,2026-03-30 04:19:31,,,Lichess,Google Play,en,us,2026-04-17 17:51:35,2026-03-24
25fc22d0-bf81-41bf-9b5f-d47fee9d275a,Lesiba Mphahlele,"the UI is not quite there, I struggle a lot with browsing my previous games",3,0,0.22.7,0.22.7,2026-03-29 17:47:05,,,Lichess,Google Play,en,us,2026-04-17 17:51:35,2026-03-24
4d7759c1-ee04-4ae9-8219-39c8fd9168ff,Muthu Krishnan,i like unlimited free puzzles 🤟🤟,5,1,0.22.7,0.22.7,2026-03-29 17:36:49,,,Lichess,Google Play,en,us,2026-04-17 17:51:35,2026-03-24
8ce3bb23-82e3-4917-8808-d4bc01f9045b,ॐ,"You guys absolutely nailed it with the learning thing, but as a beginner I need like a library where you sort all the things like different openings and plays",5,1,0.22.7,0.22.7,2026-03-29 17:34:11,,,Lichess,Google Play,en,us,2026-04-17 17:51:35,2026-03-24
9811e317-c95b-4d2a-87a6-9feaca4fb8a2,Bash,new update is horrible! please go back to the original interface,1,1,0.22.7,0.22.7,2026-03-29 16:16:22,,,Lichess,Google Play,en,us,2026-04-17 17:51:35,2026-03-24
236fd201-b7fc-4b9d-bedf-379ddb277964,Vinicius Rodrigues,fantastic,5,1,0.22.7,0.22.7,2026-03-29 15:55:21,,,Lichess,Google Play,en,us,2026-04-17 17:51:35,2026-03-24
c83184f4-63f0-4f11-8a50-08b2427ddafa,Reiver Molina,Best chess App of all time.,5,1,0.22.7,0.22.7,2026-03-29 13:00:55,,,Lichess,Google Play,en,us,2026-04-17 17:51:35,2026-03-24
90888ef3-ca94-40e0-85e9-788406874f79,SUMAN MONDAL,"Apps freeze after 30sec of opening the app, kindly fix this.",3,0,0.22.7,0.22.7,2026-03-29 10:18:59,,,Lichess,Google Play,en,us,2026-04-17 17:51:35,2026-03-24
aef1b9ff-1fc0-45a4-bc21-97eed0497241,Siva Kumar,I mean for free in this economy i love it.,5,1,0.22.7,0.22.7,2026-03-29 05:30:25,,,Lichess,Google Play,en,us,2026-04-17 17:51:35,2026-03-24
1e189a7c-f4af-47ab-a9c6-afc5fb425636,Dielectric Truth,Best site and app to play chess on. all for free. thank you lichess,5,0,0.22.7,0.22.7,2026-03-28 23:55:50,,,Lichess,Google Play,en,us,2026-04-17 17:51:35,2026-03-24
03fc54d9-4b65-472a-b471-defaa270535a,Jim Greene,the best chess platform,5,0,0.22.7,0.22.7,2026-03-28 22:27:38,,,Lichess,Google Play,en,us,2026-04-17 17:51:35,2026-03-24
ab00c523-b812-451f-b70b-2090e310722e,sourav sahoo,the recent update is really good...love it,5,4,0.22.7,0.22.7,2026-03-28 19:42:37,,,Lichess,Google Play,en,us,2026-04-17 17:51:35,2026-03-24
3c9190af-187f-4edf-b6b3-2515722839d7,Rodney Jaime,very good game and free analysis,5,0,0.22.7,0.22.7,2026-03-28 18:16:08,,,Lichess,Google Play,en,us,2026-04-17 17:51:35,2026-03-24
f758af83-76d4-4a8b-800a-50497238dc72,Mitch Derise,"App just completely freezes up, every minute or so. Used to be great, now it's not even remotely playable",2,0,0.22.7,0.22.7,2026-03-28 06:42:26,,,Lichess,Google Play,en,us,2026-04-17 17:51:35,2026-03-24
47feb618-58a3-48fc-9f6c-236dab2d56a4,Adam Fominaya,does this site do any community control? cheater tracking? banning? no reply to any reports.,1,0,0.22.7,0.22.7,2026-03-28 03:50:14,,,Lichess,Google Play,en,us,2026-04-17 17:51:35,2026-03-24
323ecc23-aa8b-4489-8d6b-cf0f5131f595,charlie jones,"Great app for playing chess, alot of talented people to play against. This is what apps should be like, reward people for making a good quality app, not just forced to watch ads to feed there greed. thank you.",5,1,0.22.7,0.22.7,2026-03-27 00:55:55,,,Lichess,Google Play,en,us,2026-04-17 17:51:35,2026-03-24
344e3611-b282-4874-aad3-8245955e9e2e,Ahmed Mohamed,the perfect app ever to play online chess,5,1,0.22.7,0.22.7,2026-03-26 22:01:53,,,Lichess,Google Play,en,us,2026-04-17 17:51:35,2026-03-24
f3c36698-93e0-4e48-aa32-8c8d42a4be47,Prince,"In my friends phone it is showing me the option of post and to join community, but in my phone even after updating the app I am not getting these options",1,0,0.22.7,0.22.7,2026-03-26 10:09:57,,,Lichess,Google Play,en,us,2026-04-17 17:51:35,2026-03-24
eafdc630-08b8-4b52-95c2-293a267885dc,Alex Curteman,"Everything you need to play chess, and all the tools you need to get better. All for free, without ads or collecting any personal data. A rare gem in these times. Why bother with anything else?",5,1,0.22.7,0.22.7,2026-03-25 23:04:18,,,Lichess,Google Play,en,us,2026-04-17 17:51:35,2026-03-24
3003f810-92ac-4a9d-86e7-51b4ede21e2f,Leul Mekonnen,horrible horrible appllication,1,0,0.22.7,0.22.7,2026-03-25 18:26:17,,,Lichess,Google Play,en,us,2026-04-17 17:51:35,2026-03-24
b2b5ff2e-b5f2-42cc-bccd-8075756c91da,Lal Babu Sharma,This is the best app for chess lovers. If we could also review brilliant and great moves then it would be nice.,5,1,0.22.7,0.22.7,2026-03-25 17:50:28,,,Lichess,Google Play,en,us,2026-04-17 17:51:35,2026-03-24
f0b4d8f3-28bd-4344-9a0e-3e0683cdbc67,Salem Abawii,"the new app is working now , but the timer is not correct in some games i ran out of times multiple times , for example if i have left 10 or 5 sec the actual timer is to 1 or 2. and it is not connection problem",4,2,0.22.7,0.22.7,2026-03-25 16:13:15,,,Lichess,Google Play,en,us,2026-04-17 17:51:35,2026-03-24
cb1b7f30-4198-46e8-be11-5216d0a63f95,Devyugan R,excelent,5,1,0.21.9,0.21.9,2026-03-25 14:53:43,,,Lichess,Google Play,en,us,2026-04-17 17:51:35,2026-03-24
e26e3475-3b45-4377-a0ab-6d7cbb48fb25,Ekens Nathan,beautiful app I really love chess and the app makes it easier for me to play it worth it,5,1,0.21.9,0.21.9,2026-03-25 14:16:36,,,Lichess,Google Play,en,us,2026-04-17 17:51:35,2026-03-24
9ae30f27-7ed4-40c6-a067-ccd3d66812a7,Ioannis Koutoulakis,Thank you for existing!,5,1,0.22.7,0.22.7,2026-03-25 13:12:03,,,Lichess,Google Play,en,us,2026-04-17 17:51:35,2026-03-24
df2bf46e-020d-40d2-b696-4ae58c81186a,apple avocado,"They added offline play vs bots, with a very nice practice mode too. But custom mode is still very limited, please make it possible for players to make a custom position where you can give yourself like 20 pawns advantage and maybe challenge the computer. In the current custom board setup, it just doesn't let you start the game if you have a ""unrealistic"" amount of a certain piece. I know it's not the proper amount of pieces, but it's for fun!",4,20,0.22.7,0.22.7,2026-03-25 12:57:54,,,Lichess,Google Play,en,us,2026-04-17 17:51:35,2026-03-24
70cfff9e-aa9c-4e81-b411-d4c8eb94c148,Kun Dred,"The puzzle insights and the puzzle motifs help me strengthen the areas I did not know I was weak in, and I've started noticing actual improvements in my game. latest update is so dope I finally uninstalled the legacy Lichess after 5 years of using it. I can play offline now. hands down this is the best app for chess lovers like me. thank you team.",5,1,,,2026-03-25 12:48:11,,,Lichess,Google Play,en,us,2026-04-17 17:51:35,2026-03-24
1cf7ce81-9c0d-4640-9106-ea007c1c4023,HRISHIKESH GUJAR,no multiple premoves,1,0,0.22.7,0.22.7,2026-03-25 08:31:34,,,Lichess,Google Play,en,us,2026-04-17 17:51:35,2026-03-24
0ece0ceb-98a4-4d5a-865b-6d580e99a58f,Vinay Shirahatti,"A great app to play the great game of chess. However, there is a some room for improvement. For example, the phone screen turns off after some time (based on the screen timeout settings) when the app is being used. Can this be rectified so that the app prevents the phone screen from automatically turning off? Thanks and keep up the great work. 👍",4,2,0.22.7,0.22.7,2026-03-25 06:20:50,,,Lichess,Google Play,en,us,2026-04-17 17:51:35,2026-03-24
b5d08a20-fc17-41f0-ac43-f589e2095c47,Joseph Nyaema,"Really struggling to rate this new app with a white background and uppercase L everyone liked the app with white background, and same name with a lowercase l. It worked perfectly up to the point, where, for no reason at all, the opening explorer stopped working, leading me here looking for an upgrade that works, only to get this with Uppercase L... I've no words for it... trying to find something positive to say. At the very least, get the in-game opening-explorer during analysis.",2,1,0.22.7,0.22.7,2026-03-25 04:00:20,,,Lichess,Google Play,en,us,2026-04-17 17:51:35,2026-03-24
d768f0bc-5b3f-4c19-964f-c98ceaf7df42,King Sora,"I used years ago it was good now the game always redirect to the browser to log ain't work at all and hasn't offline play, most of the options vanished. very bad",1,2,0.22.7,0.22.7,2026-03-25 01:33:51,,,Lichess,Google Play,en,us,2026-04-17 17:51:35,2026-03-24
0af2ee06-4bc1-413b-beb9-4872dbe495ea,Vanessa Quinn,I used to love and recommend this game but like others said its changed and become unusable. Its a mess and the point system is ridiculous. We can't have anything nice.,1,0,,,2026-03-24 20:17:37,,,Lichess,Google Play,en,us,2026-04-17 17:51:35,2026-03-24
c7291dfc-ff4d-42a8-bf08-3551131d15bf,Abdun-Nafay Khawaja,"No question, the GOAT of chess sites. I exclusively use Lichess for my online games, and left every other platform within a month of installing this app. It is much more professional and educational than anything else available. The only complaints I can make is that the web version is much better than the app, especially with the moves voice-over as ""sound"", but also the incredible ""Learn from your Mistakes"" feature, which sadly has been buggy on the android app for as long as I have known.",5,7,0.22.7,0.22.7,2026-03-24 19:26:20,,,Lichess,Google Play,en,us,2026-04-17 17:51:35,2026-03-24
7d503c1c-0f6e-49ea-81c8-571133d52fae,Pritam Tarafdar,Had a very nice experience with this app.. highly recommended 👍,5,1,0.22.7,0.22.7,2026-03-23 20:33:36,,,Lichess,Google Play,en,us,2026-04-17 17:51:35,2026-03-17
cf9899d9-bb97-4ce8-b563-c23ae882cb8b,Sachin,free chess with very neat and clean UI. lots of players are online to play with & the tournaments are always available! really likes the way they served,5,2,0.22.7,0.22.7,2026-03-23 18:28:24,,,Lichess,Google Play,en,us,2026-04-17 17:51:35,2026-03-17
de9f0ef7-0c61-4aed-98c8-6ae596950bd2,DoctorX,Please increase the board long size,4,0,0.22.6,0.22.6,2026-03-23 15:14:47,,,Lichess,Google Play,en,us,2026-04-17 17:51:35,2026-03-17
b1708ccb-adee-4ab4-a064-582b3430b7fd,Gustavo Barbosa,Please allow premoving in puzzles and add racer :) Update: It's possible to move much faster in timed puzzles now,5,4,0.22.6,0.22.6,2026-03-23 14:40:47,,,Lichess,Google Play,en,us,2026-04-17 17:51:35,2026-03-17
2439669f-c2a8-49e5-ad3a-ac564f9a7a9c,J. Sisya,old app design was better,3,0,0.22.7,0.22.7,2026-03-23 10:09:25,,,Lichess,Google Play,en,us,2026-04-17 17:51:35,2026-03-17
febd1319-1862-41fb-9cdb-bd5a40c8b42a,Abuhena Rony,"best chess game ever, no ads",5,1,,,2026-03-23 06:03:37,,,Lichess,Google Play,en,us,2026-04-17 17:51:35,2026-03-17
739df8e8-83a8-487f-9422-eda9d95f2700,alaar9t,"Moves animation in LichessTV is very fast. I don't like it, especially when I watch rapid or classic.",3,0,0.22.7,0.22.7,2026-03-22 22:02:47,,,Lichess,Google Play,en,us,2026-04-17 17:51:35,2026-03-17
0b973b7e-9a20-449a-bcf6-ea0dfcbec62f,MAnny,pls 🥺🙏 add a Black and White Box Chess Board,4,0,0.22.6,0.22.6,2026-03-22 17:59:39,,,Lichess,Google Play,en,us,2026-04-17 17:51:35,2026-03-17
38339cb3-1665-4f29-aa3f-7ba2876c933b,Atharva Pandit,"ui can be better , but overall good game and nice free puzzles",5,1,0.21.9,0.21.9,2026-03-22 06:14:40,,,Lichess,Google Play,en,us,2026-04-17 17:51:35,2026-03-17
ee840739-ddac-4307-a5eb-4cf563393f64,Niel Anderson,chess pure and simple,5,1,0.22.4,0.22.4,2026-03-22 06:00:49,,,Lichess,Google Play,en,us,2026-04-17 17:51:35,2026-03-17
cd356537-231e-4f33-b38b-c6224bf83023,moffasa moffasa,"piece animations is slow, make it fast",4,0,,,2026-03-22 03:15:12,,,Lichess,Google Play,en,us,2026-04-17 17:51:35,2026-03-17
e5cd3198-601d-44cf-a791-5f04700532d6,Mihaly Nemeth,"It used to be maximum star app. Previously I had only one issue, namely, when I won, the other player messaged me ""you thrash!"". So, I reported that player minimum 3 times, but despite the policy, he/she kept being amongst the players instead of being kicked out for such an unacceptable behaviour! But now the Puzzles feature became unusable because it is infested with it-doesn't-make-any-sense puzzles!",1,4,0.22.6,0.22.6,2026-03-21 16:13:14,,,Lichess,Google Play,en,us,2026-04-17 17:51:35,2026-03-17
c38d1d81-ae69-4094-ba01-890e023c5f35,Virender S,add landscape mode like legacy app has,5,13,0.22.6,0.22.6,2026-03-21 11:05:28,,,Lichess,Google Play,en,us,2026-04-17 17:51:35,2026-03-17
bee85b2a-3255-4e9a-9f1e-ef3a042a5d9a,Ng Yk,this game is useless because of this game.,1,0,0.22.6,0.22.6,2026-03-21 09:34:16,,,Lichess,Google Play,en,us,2026-04-17 17:51:35,2026-03-17
4873eb64-a242-419c-892e-fdbd97f29bef,Vijay Kumar Sharma,"i have issues with login , i have already an account in it but i am unable to sign in it again .",5,0,0.22.6,0.22.6,2026-03-21 07:30:31,,,Lichess,Google Play,en,us,2026-04-17 17:51:35,2026-03-17
3e870989-2996-448a-af54-22189885ca54,Scaria Coc,absolutely free,5,1,,,2026-03-21 06:03:33,,,Lichess,Google Play,en,us,2026-04-17 17:51:35,2026-03-17
9a685864-457d-4e16-8229-e12ff7a1b12a,Majd Mallouk,Just amazing,5,1,0.22.4,0.22.4,2026-03-21 00:58:58,,,Lichess,Google Play,en,us,2026-04-17 17:51:35,2026-03-17
b798d319-85fb-43ac-8608-6b1c1fa87d65,John Mushitu,"I've been using the Lichess app for over 7 years now, and I've recommended it to others before. However, I don't think I can recommend it anymore with the recent (and rather unnecessary) UI changes. The option to challenge friends to a match is nowhere to be found on the app, but is still available on the website. How does that even make any sense??",1,5,0.21.9,0.21.9,2026-03-20 19:01:14,,,Lichess,Google Play,en,us,2026-04-17 17:51:35,2026-03-17
f9cf5024-9b7e-4626-bae6-7e9dc7c68094,Abhishek Yadav,facing problem during log in,2,0,0.22.6,0.22.6,2026-03-20 14:13:56,,,Lichess,Google Play,en,us,2026-04-17 17:51:35,2026-03-17
72215521-8f2b-4833-84c8-51eb85a48757,Sharox Khder,The best chess platform ever,5,0,0.21.9,0.21.9,2026-03-20 09:14:05,,,Lichess,Google Play,en,us,2026-04-17 17:51:35,2026-03-17
3a704cb1-3ea8-427e-a792-35ad9062c336,Théodore Abilamekou Badjel,The board design of the previous version is far better. here the black pieces particularly are ugly. Not very distinctive. rethink the design.,3,1,0.22.4,0.22.4,2026-03-20 07:34:14,,,Lichess,Google Play,en,us,2026-04-17 17:51:35,2026-03-17
c47a9713-6b53-4df8-94e3-f0cbf07e3f1f,Ranger Gaming,nice but too complicated,4,0,0.18.2,0.18.2,2026-03-20 06:10:52,,,Lichess,Google Play,en,us,2026-04-17 17:51:35,2026-03-17
a413fdbb-5eba-4eac-bf57-14fc126f6577,Kareem Hammouda,"best app for playing chess ever and same on pc in website , Lichess help me to improve my skills because ever things is free like tactics and studys ,",5,0,0.22.4,0.22.4,2026-03-19 05:18:41,,,Lichess,Google Play,en,us,2026-04-17 17:51:35,2026-03-17
5ef5b4bd-72b3-401e-9d31-ecf3c8da2bb8,Bryan Perras,ad-free and free but the AI difficulty goes from extremely easy to extremely hard with nothing inbetween. Could use some tweaking.,3,0,,,2026-03-19 01:59:26,,,Lichess,Google Play,en,us,2026-04-17 17:51:35,2026-03-17
2f5b6b8a-0b5a-4db4-a973-bdf6107ec3d4,Jon D,"Love the app but I can no longer play a correspondence game (where you can access the analysis board) against the stockfish engine at various levels. Instead it looks like I'd have to pick an online bot, but none of them will accept that type of game. Fix and I will give 5 stars.",3,5,0.22.4,0.22.4,2026-03-19 01:47:33,,,Lichess,Google Play,en,us,2026-04-17 17:51:35,2026-03-17
c6140ba6-0c32-4a3c-a618-1a978f0f99cf,Tito Jeff's Life,Nor usable. played chess against computer and it wouldn't let me move my rook. Finally the opponent never moved. uninstall immediately.,1,0,0.22.4,0.22.4,2026-03-18 10:11:46,,,Lichess,Google Play,en,us,2026-04-17 17:51:35,2026-03-17
42534612-3e37-47c1-9721-25cab2ed5277,Kavita Singh,this game is super boring and angry ble by sign in,1,0,,,2026-03-18 09:14:03,,,Lichess,Google Play,en,us,2026-04-17 17:51:35,2026-03-17
6a944a01-d4ea-43ba-8493-7f647b63f18e,FireKingJosh,good but could be better,4,0,0.22.3,0.22.3,2026-03-18 00:52:44,,,Lichess,Google Play,en,us,2026-04-17 17:51:35,2026-03-17
c4daca0d-d1de-4b0b-8963-adf83dec9342,Marcus Vought,takes 5 minutes to play 1 game. a literal 5 minutes. unless you play 3 or 5 minutes chess where the cheaters are. they dont do anything about cheaters. but will ban you for leaving a game.,1,0,0.22.3,0.22.3,2026-03-17 21:57:47,,,Lichess,Google Play,en,us,2026-04-17 17:51:35,2026-03-17
8fad9993-c28a-42d9-9cc0-132554dacc5c,reverse autopsy,bad very bad,1,0,,,2026-03-17 19:40:10,,,Lichess,Google Play,en,us,2026-04-17 17:51:35,2026-03-17
a6879c27-f940-4241-a8a3-3d6903b4a3e1,Renz Bongais,far better than the legacy version tbh,4,1,0.22.3,0.22.3,2026-03-17 18:35:16,,,Lichess,Google Play,en,us,2026-04-17 17:51:35,2026-03-17
bd846d12-2f33-4ee6-989a-b134b12bfbc1,selva jayanthi,"good app to play, learn and explore many thing",5,1,,,2026-03-17 15:59:42,,,Lichess,Google Play,en,us,2026-04-17 17:51:35,2026-03-17
7e17beaa-dfe8-4763-b103-cf0300466b88,mug,few years later and still have bunch of bugs,1,0,0.22.3,0.22.3,2026-03-17 12:36:51,,,Lichess,Google Play,en,us,2026-04-17 17:51:35,2026-03-17
615c4727-6117-4de6-afd3-6924201ca8c5,MorrisTF2,this app is awful and now exercises in the old version are broken and will probably never get fixed... what a shame,1,2,0.21.9,0.21.9,2026-03-15 19:11:37,,,Lichess,Google Play,en,us,2026-04-17 17:51:35,2026-03-10
e9d00390-9393-4afc-859f-05edbfd2eeca,vishal ghule,I cannot play simul and swiss tournaments on this app.Also the blogs should open on this app.Or else the app is good.,4,0,0.21.9,0.21.9,2026-03-15 12:07:29,,,Lichess,Google Play,en,us,2026-04-17 17:51:35,2026-03-10
5f441664-98cb-47f6-892a-35ebc19d0530,Tapas Roy Chowdhury,I have played many online chess tournament s,5,0,0.21.9,0.21.9,2026-03-15 10:02:04,,,Lichess,Google Play,en,us,2026-04-17 17:51:35,2026-03-10
432a69d0-b248-4de2-9076-b11349b99f91,BAIDAA Al Hammoud,full of bots hackers,1,0,,,2026-03-14 10:40:51,,,Lichess,Google Play,en,us,2026-04-17 17:51:35,2026-03-10
ebdd9dc8-6aa2-45f4-9326-751f797c2c1b,idera oluseye,good all round,5,0,,,2026-03-13 13:11:23,,,Lichess,Google Play,en,us,2026-04-17 17:51:35,2026-03-10
da9cdba0-0ad1-4c67-8cdd-911e1ba735d1,Réda Kerouicha,"liches deliver the best chess app on phone, elegant and fast",5,0,0.21.9,0.21.9,2026-03-12 22:25:57,,,Lichess,Google Play,en,us,2026-04-17 17:51:35,2026-03-10
4c8a9cc9-8539-4b59-a75f-921aa9b4e912,Anthony Leeper,Recent updates are great. fully switched from the old app now great job 👏,5,23,0.21.9,0.21.9,2026-03-12 21:14:41,,,Lichess,Google Play,en,us,2026-04-17 17:51:35,2026-03-10
7869dda5-7546-4ec3-b7bd-039f60d87547,Kyvon - - Jayza,What happened to invisible pieces on the chess app settings? I can't play blindfold chess anymore. Disguise chess isn't the same as it but it's too easy. I wanna play blindfold chess somehow.,5,0,0.21.9,0.21.9,2026-03-12 20:53:16,,,Lichess,Google Play,en,us,2026-04-17 17:51:35,2026-03-10
37330a02-af13-424b-abaf-8db378ef601b,nik k,older app was 5 stars. newer is unusable,5,0,0.21.9,0.21.9,2026-03-12 20:08:04,,,Lichess,Google Play,en,us,2026-04-17 17:51:35,2026-03-10
fc797189-a1c0-4a24-92ac-2bc81af99ef3,Kean Delicano,good game,5,0,,,2026-03-12 13:57:41,,,Lichess,Google Play,en,us,2026-04-17 17:51:35,2026-03-10
cccaab77-1c7a-4ab7-a2b9-cf78205bc17a,Sakthi M,A great chess app for common people. Wish the UI could be interactive and good advise or commentary during analysis for better understanding. But unlimited Analysis is the game changing idea.,4,0,,,2026-03-12 13:48:14,,,Lichess,Google Play,en,us,2026-04-17 17:51:35,2026-03-10
deeb3dbf-dd29-41ca-be88-93f37e0c5d37,Louis Rialland,Nice modernisation of the old app.,5,0,0.21.9,0.21.9,2026-03-12 09:14:05,,,Lichess,Google Play,en,us,2026-04-17 17:51:35,2026-03-10
e0633c41-e37e-4a00-8338-f725faa3df0e,Maria,"this game is just chess. if you love chess, you love this game. if you don't, YOU LOVE CHECKERS.",5,1,0.21.9,0.21.9,2026-03-12 07:05:30,,,Lichess,Google Play,en,us,2026-04-17 17:51:35,2026-03-10
240215ea-c6ac-440b-884a-3371bd33bcac,Emman Bello,too strong,1,0,0.21.9,0.21.9,2026-03-12 05:25:15,,,Lichess,Google Play,en,us,2026-04-17 17:51:35,2026-03-10
003674e7-3380-4bbc-9eb5-38e0e6132237,Daniel Zvarici,The absolute worst of the chess experience.,1,0,,,2026-03-12 02:12:22,,,Lichess,Google Play,en,us,2026-04-17 17:51:35,2026-03-10
70577985-1096-46d0-9785-4dc3e4b11747,Amit,"Very good experience, free from ads, you can get analyse of every game you play, and puzzle section analyses your performance on 11 or more tactics skill. Minimalistic design very effective.",5,2,0.21.9,0.21.9,2026-03-11 12:25:51,,,Lichess,Google Play,en,us,2026-04-17 17:51:35,2026-03-10
489184f4-a5c1-4577-9529-432ba08a1718,duncan pronk,so many ghost touches that don't happen in other chess apps. settings being reset every now and then.,1,0,0.21.9,0.21.9,2026-03-11 10:20:43,,,Lichess,Google Play,en,us,2026-04-17 17:51:35,2026-03-10
abad0d60-a98f-4d91-888d-73469ec65c20,Herlock,I'm playing a game and then suddenly it is resigned. You people are very incompetent.,1,0,,,2026-03-10 18:57:45,,,Lichess,Google Play,en,us,2026-04-17 17:51:35,2026-03-10
c2c6f92c-30a9-4395-8e7b-c4950ac76930,Michael,Too many people are cheating online nowadays thanks to AI engines.... I've also noticed a difference in game play vs a few years ago as my elo is higher than I'm allowed to get to... I'm winning games and rising just to get hit with several losses knocking me back down? I'm an advanced player of mid 1700s and 1300 players should not be beating me like they are an 1800 player..(maybe I'm playing AI bots who don't follow elo. Sad days when you can't trust anyone...online chess is forever ruined.,1,0,,,2026-03-10 16:50:13,,,Lichess,Google Play,en,us,2026-04-17 17:51:35,2026-03-10
c181d793-9878-46d7-a6e2-207458671069,Harshit R,"This is totally a free app, really useful giving unlimited puzzles even with different tactics",5,2,,,2026-03-10 15:38:40,,,Lichess,Google Play,en,us,2026-04-17 17:51:35,2026-03-10
5c935ff6-3fc0-4943-981d-dca9890fcf72,Amílcar Tavares,Absolutely free! Note to developers: premoving worked better on the older version.,5,0,0.21.9,0.21.9,2026-03-10 14:53:19,,,Lichess,Google Play,en,us,2026-04-17 17:51:35,2026-03-10
e261fb16-7a2b-4f04-9ecd-23760a3f8ef3,Wahyudin Yahya,"Finally the new features with computer to practice have came out. Maybe next is grandmaster games list, so we don't have to download pgn file or go to another website to read or see it. Btw, live games of the recent events also already great.",5,1,0.21.9,0.21.9,2026-03-10 03:44:53,,,Lichess,Google Play,en,us,2026-04-17 17:51:35,2026-03-10
5508b141-eb04-44c9-92ed-2c4542246d02,Pain,"This app is doomed, developer made the ui worst possible ☠️",1,2,,,2026-03-08 23:18:09,,,Lichess,Google Play,en,us,2026-04-17 17:51:35,2026-03-03
42141744-5261-421b-a0dd-40426cd11d88,SHRUSHAL G (GOVINDHHGOVIND),best chess teaching app in the world,5,1,0.21.9,0.21.9,2026-03-08 17:15:27,,,Lichess,Google Play,en,us,2026-04-17 17:51:35,2026-03-03
fc3f3bd0-4ca6-4424-8dff-34077ec2a737,Alexey Ozhigov,"Worse, than legacy version! Small buttons, works slower. UI/UX of the legacy version was almost ideal. The new version UI/UX is a huge disappointment.",1,3,0.21.9,0.21.9,2026-03-08 11:49:39,,,Lichess,Google Play,en,us,2026-04-17 17:51:35,2026-03-03
c5a64ea4-848d-44e0-9d0c-3b759afa4468,Muthulakshmi Easwaran,"wonderful, marvellous, stupendous, magnificient and magnus carlsen should help this app to improve more and more. 🤝",5,1,,,2026-03-08 10:57:59,,,Lichess,Google Play,en,us,2026-04-17 17:51:35,2026-03-03
15001f6c-f1b5-4f6c-aa04-e4e8fac072d5,Hubert,"App is still in development but you can do unlimited puzzles, learn and play for free and with no ads!",5,2,0.21.9,0.21.9,2026-03-08 00:09:40,,,Lichess,Google Play,en,us,2026-04-17 17:51:35,2026-03-03
4b187b27-03c9-4163-bf56-2761708db032,Dima Nail2009,they gave us a reimagination of old design and bots,5,0,0.21.9,0.21.9,2026-03-07 23:35:04,,,Lichess,Google Play,en,us,2026-04-17 17:51:35,2026-03-03
c26bbfbc-e6fe-4315-a0e2-65c6db935735,Bala Gt,signin issue High i try to signin but error continuously,1,0,0.21.9,0.21.9,2026-03-07 21:13:17,,,Lichess,Google Play,en,us,2026-04-17 17:51:35,2026-03-03
300fd393-d0a6-4145-b8f4-dd96d085c205,supperhey,so barebone,1,0,0.21.9,0.21.9,2026-03-07 08:48:59,,,Lichess,Google Play,en,us,2026-04-17 17:51:35,2026-03-03
925d974c-ec38-4ae9-a629-e92ae7dce1b8,Oscar musakwa,can you combine it with lichess legacy. I cnt challenge a friend,2,0,0.21.9,0.21.9,2026-03-06 20:49:20,,,Lichess,Google Play,en,us,2026-04-17 17:51:35,2026-03-03
68a506ae-113b-4d93-8aec-419afd5e5972,J Osborne,if I wanted a game that took 20 minutes to move id play my friends,1,0,,,2026-03-06 19:27:57,,,Lichess,Google Play,en,us,2026-04-17 17:51:35,2026-03-03
7f610da3-6d31-4baf-ae25-b39e54640e61,Happy Vector Day,"5⭐ offline bots came, now it's the best app Developers please add offline bots to play against There is no option to play against offline bots Puzzles don't have any options to see previous moves",5,5,0.21.9,0.21.9,2026-03-06 13:57:33,,,Lichess,Google Play,en,us,2026-04-17 17:51:35,2026-03-03
bd6f33dc-b394-4f57-8d00-6d094e718edf,Belahma Rawdet Zayed,the latest version and user interface is so bad. please go back to the old version,1,2,0.21.9,0.21.9,2026-03-06 04:44:21,,,Lichess,Google Play,en,us,2026-04-17 17:51:35,2026-03-03
9022981a-59f5-41c9-8548-c9de4f8c2963,anoninus,Lichess is the most lightweight and less data hungry app for chess. The newupdate of march 2026 now allows to play with computer while being offline!,5,1,,,2026-03-06 04:38:49,,,Lichess,Google Play,en,us,2026-04-17 17:51:35,2026-03-03
e2b6e361-212c-49d7-baec-993d176b9886,Kumar Shivam,Best platform for chess players! 👍,5,1,0.21.9,0.21.9,2026-03-05 15:24:50,,,Lichess,Google Play,en,us,2026-04-17 17:51:35,2026-03-03
31d84e06-d4f6-4e32-a7ce-f5d094e74b0a,SigmaAk Kabisek,"this is better, even though, can we have some of the same qualities in lichess legacy mobile apps like drawing line, theme edit, and heptic vibration after a tenth of seconds",4,0,,,2026-03-05 12:58:53,,,Lichess,Google Play,en,us,2026-04-17 17:51:35,2026-03-03
bbd5c3d4-dd43-47a0-b708-e984ba3ddf1c,Ahmed,I am using mobile data and it isn't working that's why I am losing elo,3,1,0.21.9,0.21.9,2026-03-05 06:00:11,,,Lichess,Google Play,en,us,2026-04-17 17:51:35,2026-03-03
7b2baa77-9edd-4146-8c91-6cb1ea0d9f65,Thilak Arunashantha,lichess is a best chess game but I have a problem with lichess I download the lichess app then the Google lichess link connected to the app then I click the create account in lichess app then the Google lichess link unconnected I can't connect because I can't understand how to connect cansomeone connect my account to the Google lichess link please connect and send me a message,5,0,0.21.9,0.21.9,2026-03-04 15:10:04,,,Lichess,Google Play,en,us,2026-04-17 17:51:35,2026-03-03
f11abb98-374b-4939-a760-e882b7488a61,Bhuvi ganesh,Best app,5,1,0.19.4,0.19.4,2026-03-04 11:18:25,,,Lichess,Google Play,en,us,2026-04-17 17:51:35,2026-03-03
8b73d8ee-8480-414f-b9be-10e0d234d232,Bilolbek Normuminov,Endi oʻzbek tilida ham ishlatsa boʻladi!,5,0,,,2026-03-04 04:08:58,,,Lichess,Google Play,en,us,2026-04-17 17:51:35,2026-03-03
4c271cca-dea5-4719-8abc-dd545a730052,Gracious Hamaluba,Nice app😊,1,0,,,2026-03-04 00:57:43,,,Lichess,Google Play,en,us,2026-04-17 17:51:35,2026-03-03
0be19f07-1346-4f35-a3aa-ff39601a1440,RONY HAJONG,love playing chess on lichess but the app doesn't function well,1,1,,,2026-03-03 16:33:56,,,Lichess,Google Play,en,us,2026-04-17 17:51:35,2026-03-03
87bb3906-40b8-43d1-ae20-4512f4d6cb96,Venna Ashzer,Its a good chess app. I love the puzzles and all. Its very good for beginners like me but the only problem is its laggy and there are times that it just won't open,4,0,0.21.9,0.21.9,2026-03-03 16:26:47,,,Lichess,Google Play,en,us,2026-04-17 17:51:35,2026-03-03
628f5d56-4777-4766-a304-0b6ce95a25df,Hamze Ibrahim,Hate the new ui,1,1,,,2026-03-03 09:48:25,,,Lichess,Google Play,en,us,2026-04-17 17:51:35,2026-03-03
97e4c720-38ea-4cb2-b0c1-0331152c1210,HukuToc2288,The app looks actually like it was made for $50 and pack of bear. From all pieces design you choose the ugliest an it can't be changed! Almost all functionality lack except the game itself. I have to use app since I can't play in browser but having access to website renders app completely useless,1,5,0.19.4,0.19.4,2026-03-03 09:37:48,,,Lichess,Google Play,en,us,2026-04-17 17:51:35,2026-03-03
b9e7f8c1-7b53-42b6-9d6e-08766a3faf5f,Sergio Ramos,"why would you do this? there was nothing wrong with the first version, then suddenly the puzzle answers break and when i try and reinstall i find this new version which pretty much sucks and the now called legacy version puzzles are still broken. why?",1,5,0.19.4,0.19.4,2026-03-03 06:49:22,,,Lichess,Google Play,en,us,2026-04-17 17:51:35,2026-03-03
de6ff65f-3d9e-4799-b14d-5b2ae5c369f3,David Reyes Lora,very nice app,5,1,0.19.4,0.19.4,2026-03-02 18:09:05,,,Lichess,Google Play,en,us,2026-04-17 17:51:35,2026-02-24
02765ace-4416-4d9e-b5b3-70f9db661d6c,Sand & Glass,"Please include puzzles from puzzle games (puzzle streak, puzzle storm) on the puzzle history list.",4,0,0.19.4,0.19.4,2026-03-02 17:45:34,,,Lichess,Google Play,en,us,2026-04-17 17:51:35,2026-02-24
d0bcefc0-241e-431a-906e-dae5e2104ba5,Kənan Göylərov,"I will donate to you, lichess, constantly. My lovely chess app. So please please never die. At the same time I am a developer. If you want i can help you freely. Please tell me.",5,0,0.19.4,0.19.4,2026-03-02 10:39:42,,,Lichess,Google Play,en,us,2026-04-17 17:51:35,2026-02-24
df77fe22-bc3f-498d-9fce-d82ae2ac8292,Salome Michael dang,I want let their be Bluetooth mode due to some people are out of data,3,0,,,2026-03-01 19:51:48,,,Lichess,Google Play,en,us,2026-04-17 17:51:35,2026-02-24
605a8665-8cb2-4c25-9175-a96eb6a59495,Tanjona Fanantenana,the best app to improve chess level for free,5,0,0.19.4,0.19.4,2026-03-01 17:14:05,,,Lichess,Google Play,en,us,2026-04-17 17:51:35,2026-02-24
e4ed6862-fba9-45f6-924f-890d497a2fa4,Basha KM,l want to try register process but you told sent link in my mail but I didn't receive any link every time I'm trying and this happening,1,0,0.19.4,0.19.4,2026-03-01 13:12:34,,,Lichess,Google Play,en,us,2026-04-17 17:51:35,2026-02-24
d8cf00e2-814d-462b-bc39-fa176c47c389,SHIVNATH KUMAR,"bhai tumhara app crash ho jaa raha, iski functionality loss ho jaati hai ek baar bhi back button dabaya to. dubara restart karna padta hai 3 mahine se dekh raha, kab thik karoge developers, bahut bada bug hai ye aur tumlog abtak patch nahi laaye kya kar rahe ho abtak.",1,0,0.19.4,0.19.4,2026-03-01 09:39:01,,,Lichess,Google Play,en,us,2026-04-17 17:51:35,2026-02-24
0d507486-b556-4c25-afb0-ff0c4a378006,Aadidev Kv,we could only premove one time,4,0,0.19.4,0.19.4,2026-02-28 18:48:18,,,Lichess,Google Play,en,us,2026-04-17 17:51:35,2026-02-24
142ccc67-6332-4a18-9127-1066238baa8b,Anubhav Pathak,the best chess app ever. period.,5,0,0.19.4,0.19.4,2026-02-28 16:57:44,,,Lichess,Google Play,en,us,2026-04-17 17:51:35,2026-02-24
84fd8c3d-4816-4704-8a22-1420622b4f20,Shourya Tamrakar,"everything is totally free and this app is just perfect but I just can't sign in , I don't know why? 😭",5,0,0.19.4,0.19.4,2026-02-28 09:49:44,,,Lichess,Google Play,en,us,2026-04-17 17:51:35,2026-02-24
2eca041f-116c-4677-912f-04e813ba73a1,Yevhen Baidiuk,can't do back move in puzzles,3,0,0.19.4,0.19.4,2026-02-27 21:27:44,,,Lichess,Google Play,en,us,2026-04-17 17:51:35,2026-02-24
f001ccb1-9c1d-44ee-80f9-df7d8b982646,Comfort Mpofu,"I really hate this site, where have one ever seen time that doesn't move. my opponents will be left with 3 milliseconds but will still have time to pull through over 10 moves. it's just stupid",1,2,0.19.4,0.19.4,2026-02-27 21:07:49,,,Lichess,Google Play,en,us,2026-04-17 17:51:35,2026-02-24
5ac0c7ef-56f0-4b83-ba45-beb52852ca77,Nabhonil Mallik,"the previous interface was better, I can't even log in now, even when I am pressing authorise, and the time is just as bad, it's was slower than the previous interface",1,1,,,2026-02-27 11:05:54,,,Lichess,Google Play,en,us,2026-04-17 17:51:35,2026-02-24
400c48a8-70b1-4e1b-a418-cf1f1ba700b2,Rafael Urrea,"The website has SO MUCH MORE features than the app. The learning section on the app is all over the place while on the website it's organized. On the site, I'm learning the game one piece at a time but on the app I can't find this section where I left off.",2,3,0.19.4,0.19.4,2026-02-27 10:36:25,,,Lichess,Google Play,en,us,2026-04-17 17:51:35,2026-02-24
2e596682-8522-435d-8bac-fce3962d53ae,Randall Watson,Just computer opponents... No people play here... Sad.. used to be a good app ....,1,1,0.19.4,0.19.4,2026-02-26 16:55:49,,,Lichess,Google Play,en,us,2026-04-17 17:51:35,2026-02-24
1724ed18-9ea2-4591-bde2-e7647f277f60,Lev Tsibulko,I did not do five starts because the game joining is pretty confusing and I always end up joining the wrong game,4,0,0.19.4,0.19.4,2026-02-26 04:33:26,,,Lichess,Google Play,en,us,2026-04-17 17:51:35,2026-02-24
d7124780-ba23-431a-b2ed-7ac7711a3cf1,Shattered Time,It was once good. They only made it worse. How is it open if you can't even create a stockfish offline match to practice? Had to resort to other apps instead.,1,3,0.19.4,0.19.4,2026-02-25 21:23:38,,,Lichess,Google Play,en,us,2026-04-17 17:51:35,2026-02-24
6674be1b-aa4b-40f1-a7d5-7ab92290a7c8,Leed Tall,I'm a rated more in this app,5,0,0.19.4,0.19.4,2026-02-25 17:51:40,,,Lichess,Google Play,en,us,2026-04-17 17:51:35,2026-02-24
e773a2ad-c74a-4862-9387-7396ce87a07d,Ruud Toffee,Should start paying payers to encourage competition and create more jobs for people But anyway cool platform interface,4,0,,,2026-02-25 15:04:42,,,Lichess,Google Play,en,us,2026-04-17 17:51:35,2026-02-24
59404876-7c08-4f98-8cec-eda6c1252739,Pharaoh Ng'uni,it's one of the dopest so far,5,0,0.19.4,0.19.4,2026-02-24 21:03:32,,,Lichess,Google Play,en,us,2026-04-17 17:51:35,2026-02-24
a508979f-62cc-42bb-bd79-1c8d47a9ce2d,Biju Parmar,best app for chess 🫡🫡🫡🫡🫡🫡🫡,5,0,,,2026-02-24 11:26:17,,,Lichess,Google Play,en,us,2026-04-17 17:51:35,2026-02-24
2ca03f8a-d1e8-47a4-94a3-99325d4cefad,Muhammet Nurgeldiev,logging in with other accounts are so inconvienent (( 1 star sorry,1,0,0.19.4,0.19.4,2026-02-24 11:12:13,,,Lichess,Google Play,en,us,2026-04-17 17:51:35,2026-02-24
5b3bb9ad-d081-4972-a6cb-165ff02914a1,rohit goel,The Players and Graphics are very nice,5,0,,,2026-02-24 06:21:31,,,Lichess,Google Play,en,us,2026-04-17 17:51:35,2026-02-24
420017dc-b2cf-4ecf-a7d9-34e1f7d0ec48,Nirdesh Adhikari,New and best,5,0,0.19.4,0.19.4,2026-02-23 15:44:08,,,Lichess,Google Play,en,us,2026-04-17 17:51:35,2026-02-17
cc538784-6b38-46e5-b409-c51863c0a573,Christian Siman,Fantastic.,5,0,,,2026-02-23 15:27:34,,,Lichess,Google Play,en,us,2026-04-17 17:51:35,2026-02-17
7aac5a93-041e-49fe-9665-158e2240c4a5,Bee Hive,No way of getting around of the no more puzzles message.,2,0,0.19.4,0.19.4,2026-02-23 15:23:13,,,Lichess,Google Play,en,us,2026-04-17 17:51:35,2026-02-17
6df544bd-8beb-4f33-bfd9-ceec2b8a2e18,John Moorman,"people just seem angry that they changed the ui. you still have the old app if you want it. no need to review bomb this one because you prefer a different app that is still available. thank you lichess devs for making such an amazing, free, and ad-free service",5,1,0.19.4,0.19.4,2026-02-22 12:14:19,,,Lichess,Google Play,en,us,2026-04-17 17:51:35,2026-02-17
ee2d255f-a722-4fa9-9864-d4ca5c0281d6,Ignas Aram Badreddin,"The interface is incredible! So clean and smooth. It's actually rare to find an app that is so FREE it actually doesn't show ads or anything, you just get the best user experience from the get-go without any annoying subscriptions that make you feel limited.",5,18,0.19.4,0.19.4,2026-02-21 16:53:06,,,Lichess,Google Play,en,us,2026-04-17 17:51:35,2026-02-17
5039f5a6-c75f-4303-9b6c-1af595a3ed3c,Nita Sharma,worst app ever and ever very bad thing ever in my life,1,0,,,2026-02-21 16:23:54,,,Lichess,Google Play,en,us,2026-04-17 17:51:35,2026-02-17
8e77551f-bc70-4940-9b09-997c969d35ea,Jonathan Paugh,"It's the most popular, completely free chess platform! What's not to like? I come here for the puzzles, so I can advance my game. Other apps limit the variety or number of puzzles you can try for free. Not Lichess! There are over 10,000 free puzzles for the _Bird_ opening, for cryin' out loud! 😁",5,27,0.19.4,0.19.4,2026-02-21 05:08:24,,,Lichess,Google Play,en,us,2026-04-17 17:51:35,2026-02-17
5704e0a5-43a4-4b94-bf89-918473e1f71e,Caesarジュリオ,i don't know what version i was using about a year ago that allowed you to play stockfish offline i couldn't figure out how to do it in this one yet,3,0,0.19.4,0.19.4,2026-02-21 00:36:21,,,Lichess,Google Play,en,us,2026-04-17 17:51:35,2026-02-17
7d46dcbe-f26a-4b0d-a4ff-65a77eed4b7f,Bogdan Marinescu,best chess app,5,0,,,2026-02-20 10:41:01,,,Lichess,Google Play,en,us,2026-04-17 17:51:35,2026-02-17
a1d6252a-91f0-4f8d-b10c-87199d39d469,Randy Given,"I like the new version. Initially, I found it disconcerting, but I grew to like it the more that I used it.",5,1,0.19.4,0.19.4,2026-02-20 08:31:29,,,Lichess,Google Play,en,us,2026-04-17 17:51:35,2026-02-17
a10d21fd-b0ec-4642-b09a-058dcaac0344,someone else,"Please restore the functions. So much is missing like learn, botplay etc. Fk design, i want usability. Until that i wont support you anymore. Was a backer for almost 7 Years.",1,5,0.19.4,0.19.4,2026-02-19 22:10:50,,,Lichess,Google Play,en,us,2026-04-17 17:51:35,2026-02-17
abcbe377-6ed1-46aa-8fa1-ba37adaa1087,Nemanja Zajic,"I have no idea what you changed on mobile. But new experience playing bullet is terrible, almost all opponents have 15+ seconds more which is impossible, I play just as fast if not faster. Loosing second on every move unless I premove everything. While opponents time is ticking at a normal rate, I always have one second less on every move.",1,22,0.19.4,0.19.4,2026-02-19 19:27:01,,,Lichess,Google Play,en,us,2026-04-17 17:51:35,2026-02-17
c79cec95-7324-4710-b580-825f44522ae1,Nirosha Gunawardana,There is no normal puzzle mode,3,0,,,2026-02-18 16:47:13,,,Lichess,Google Play,en,us,2026-04-17 17:51:35,2026-02-17
b9cc7858-95cb-4632-944b-4de1e4ce5720,Sudharsanam,Chess community always needs you Your contribution to chess community is bigger keep going guys 💪,5,0,,,2026-02-18 08:02:07,,,Lichess,Google Play,en,us,2026-04-17 17:51:35,2026-02-17
c42bdf41-33cc-412b-907a-212e0cec693c,Parham Moieni,"Everything is just perfect, can't say anything bad about it",5,2,0.19.4,0.19.4,2026-02-18 00:41:15,,,Lichess,Google Play,en,us,2026-04-17 17:51:35,2026-02-17
802ee7ba-669b-413b-9a87-0e0246ec41c7,Kabisek Lakhe,please more costome piece and board please,4,0,0.19.4,0.19.4,2026-02-17 19:52:52,,,Lichess,Google Play,en,us,2026-04-17 17:51:35,2026-02-17
40086db5-af6d-470d-818c-dc2a7aa4f0b8,Philip Macharia,The peices look ridiculous and funny enough you can't change the appearance of the peices .,1,0,0.19.4,0.19.4,2026-02-17 12:14:30,,,Lichess,Google Play,en,us,2026-04-17 17:51:35,2026-02-17
1e6d55ad-56db-4f4a-b3d1-5b6828190e2b,Krzys,"I remember using the old version with the white logo and it was just a lot better, please switch back to the old version.",1,6,0.19.4,0.19.4,2026-02-16 21:48:49,,,Lichess,Google Play,en,us,2026-04-17 17:51:35,2026-02-10
b288318e-54b5-4f76-a91a-56ca2a3654c9,Me Genius,"uninstall this app no longer user friendly, annoying pairing to a very low rated player then disconnecting you losing your rating also reporting cheaters is not easy you need to include link so many steps to do .. really sucks",1,2,,,2026-02-16 15:14:11,,,Lichess,Google Play,en,us,2026-04-17 17:51:35,2026-02-10
b3aa18a3-68d3-45e9-9e21-234f33fe22a6,M,1 star till you return games vs stockfish,1,1,0.19.4,0.19.4,2026-02-16 00:19:09,,,Lichess,Google Play,en,us,2026-04-17 17:51:35,2026-02-10
c2f8484a-64ac-45a4-bab6-88b64ee03cb0,Harper,"10/10 if you like chess get this. if you dont know how to play and wNt to learn, get this. cool app, cool devs, cool ppl. chess is hard😅",5,0,,,2026-02-15 23:05:46,,,Lichess,Google Play,en,us,2026-04-17 17:51:35,2026-02-10
bea5d6fb-f104-455f-9f74-3111659022ba,Tony Miller,cheaters paradise,1,0,,,2026-02-15 18:50:37,,,Lichess,Google Play,en,us,2026-04-17 17:51:35,2026-02-10
b8467964-6ff9-47f4-8bd4-553dbbd0d0cb,Terry O'Leary,Smooth looking app with reduced function..,2,0,0.19.4,0.19.4,2026-02-15 15:37:14,,,Lichess,Google Play,en,us,2026-04-17 17:51:35,2026-02-10
2d121b68-1334-4d8a-9b77-a2c148b35cbf,RAJENDRA CHAKRABORTTY,app hanging,2,0,0.19.4,0.19.4,2026-02-15 11:23:59,,,Lichess,Google Play,en,us,2026-04-17 17:51:35,2026-02-10
c2545359-7d43-4fad-b077-5354f6aeb08c,kumkum bhushan,very good👍💯,5,0,0.19.4,0.19.4,2026-02-15 08:30:42,,,Lichess,Google Play,en,us,2026-04-17 17:51:35,2026-02-10
d4d3336b-dd1a-43ab-8feb-a28668a6ceee,Wayne Moses,doesn't open,1,0,0.19.4,0.19.4,2026-02-15 02:40:34,,,Lichess,Google Play,en,us,2026-04-17 17:51:35,2026-02-10
78e8ca8f-c215-47e3-8844-801abde3a866,J K,i had this at a 5 before but I haven't been able to download the 17.1 NNUE files in the app on my phone or tablet in 3-4+ weeks. ridiculous. im a monthly patron too,1,2,0.19.4,0.19.4,2026-02-14 19:29:26,,,Lichess,Google Play,en,us,2026-04-17 17:51:35,2026-02-10
80ac5a60-825d-45c7-8e8c-518a8d9d56c1,Arshavin Thuku,i love it,5,0,0.19.4,0.19.4,2026-02-14 18:15:25,,,Lichess,Google Play,en,us,2026-04-17 17:51:35,2026-02-10
2410ce3a-c038-4afd-9c22-8473977a3af6,Jamilya Khalilulina,"Doesn't work properly on a folding (large) screen of a Samsung folding phone. Only part of the screen is displayed, doesn't show the clock",1,4,0.19.4,0.19.4,2026-02-14 01:06:45,,,Lichess,Google Play,en,us,2026-04-17 17:51:35,2026-02-10
d8a64d35-9902-43da-b351-2b811bec13f5,Kite Iws,"I can find the ""play with bot"" option but still good app btw",5,0,0.19.4,0.19.4,2026-02-13 23:34:38,,,Lichess,Google Play,en,us,2026-04-17 17:51:35,2026-02-10
ef6aedf7-5f18-4521-9417-226a960260dd,Muhammed Ahmed,"It was good in the first, but nowadays I can't play it due to blindfolded chess board. Why???? I can't see my pieces.",1,0,,,2026-02-13 21:05:04,,,Lichess,Google Play,en,us,2026-04-17 17:51:35,2026-02-10
4c03632e-3d96-4772-ab9b-e1a8d30a6d1a,Adrian Felismino,can't login. stopid dev to have not working oauth,1,0,,,2026-02-13 17:48:31,,,Lichess,Google Play,en,us,2026-04-17 17:51:35,2026-02-10
9765fb89-4c1a-40ba-969a-8ab41eee448b,Maggy,"Not impressed by this app, functionality is okay but UI doesn't look great and it's also not immediately obvious how to add someone as a friend. There's definitely room for improvement.",3,1,0.19.4,0.19.4,2026-02-13 16:54:40,,,Lichess,Google Play,en,us,2026-04-17 17:51:35,2026-02-10
173b7731-0b9f-444c-b987-1b944831d650,Kitembui Kitheka,The new app is terrible 😔,1,1,0.19.4,0.19.4,2026-02-13 16:00:05,,,Lichess,Google Play,en,us,2026-04-17 17:51:35,2026-02-10
15863f32-e85d-4402-945e-27805a5354af,bhavik sharma,yes best app,5,0,0.19.4,0.19.4,2026-02-13 07:20:57,,,Lichess,Google Play,en,us,2026-04-17 17:51:35,2026-02-10
5cef9a58-0b89-4dbb-bcb2-7d952910efed,Ezekiel Luther Wright,it's The One Chess App.,5,0,0.19.4,0.19.4,2026-02-13 00:50:15,,,Lichess,Google Play,en,us,2026-04-17 17:51:35,2026-02-10
c4867a2a-fbe0-428c-b116-8917f21b55ca,Kashyap Rounak,kepps crashing and nt opening,1,0,0.19.4,0.19.4,2026-02-12 15:14:09,,,Lichess,Google Play,en,us,2026-04-17 17:51:35,2026-02-10
8f03d402-b457-405c-8689-fd00eb00e702,Yashraj Singh,"Do something about lag . My internet is fine , works good everywhere, just on lichess there's so so much lag , it's almost certain that I'll lose bullet games due to lag , sometimes the clock just stops and let's be run out of time with even 10 - 15 seconds remaining, a 2 - 3 second lag is so common, even in rapid if there's need of fast endgame, I lose . I hope support team will look into the matter",1,4,0.17.3,0.17.3,2026-02-12 14:04:49,,,Lichess,Google Play,en,us,2026-04-17 17:51:35,2026-02-10
6e5e8056-76ba-4a2a-a1ba-7a3ce8608941,Ketan Rathod,can't sing in,1,0,0.19.4,0.19.4,2026-02-12 01:47:40,,,Lichess,Google Play,en,us,2026-04-17 17:51:35,2026-02-10
51acc0fa-5e7f-4587-b7cd-7e77e355c8d6,ISRAEL NURUDEEN,"This is the most useless chess app ever built, too much cheaters and nothing done about it. we've reported severally and cheaters continue to play freely",1,3,0.19.4,0.19.4,2026-02-12 00:38:28,,,Lichess,Google Play,en,us,2026-04-17 17:51:35,2026-02-10
458f8706-229b-420d-934d-37f1a6ec9b37,Edward,"For years it worked well, but lately the puzzles will randomly fail by not acknowledging the correct move, failing to display the correct move, or even claiming the correct move is something impossible (an opponent moving instead of you). Playing against the Stockfish computer online or offline also comes with fatal errors, namely the bot refuses to move and idles indefinitely, effectively throwing out the game sometimes less than halfway through. I cannot fit all the issues into this review.",2,19,0.19.4,0.19.4,2026-02-11 19:29:48,,,Lichess,Google Play,en,us,2026-04-17 17:51:35,2026-02-10
26060456-4ab2-48ce-b5f8-60b7534f46de,Diego Miranda,"Llega a un punto enel que jugar bala es un peligro ¿como se supone que juegue bala si nisiquiera me dicen si tengo mala conexión, mínimo un pitido, algo mínimo que te diga que la falla de Internet es tuya, pero cero esfuerzo, la plataforma está bien, pero lo del Internet es todo un tema, me hicieron bajar 50 puntos a puro fallo de conexión y jugadas con retraso involuntario, pésimo.",3,0,0.19.4,0.19.4,2026-02-11 15:50:50,,,Lichess,Google Play,en,us,2026-04-17 17:51:35,2026-02-10
cd861715-7c98-403d-9eb1-e4833c5b8490,Vitaliy,"There is a bug. When analysis is ready and you press ""learn from you mistakes"" button it hangs on progress bar indefinitely. You have to go back to the game and reopen analysis board, press ""learn from your mistakes"" once again, then it works as it supposed. Pls fix.",5,6,0.19.4,0.19.4,2026-02-11 05:46:54,,,Lichess,Google Play,en,us,2026-04-17 17:51:35,2026-02-10
39625f16-ddbe-421e-b16a-50c838650d01,MOKSHITH GUJJETI,Amazing App Free For all This Is Amazing,5,0,,,2026-02-10 18:33:40,,,Lichess,Google Play,en,us,2026-04-17 17:51:35,2026-02-10
fcbb9080-0d2a-428a-878f-507f8116e796,Hyperland,"Legacy one was better polished than this. Edit: Kudos to the devs for making this so much more better over the last few months. It's now on the level of, or EVEN better than the legacy app- and mostly importantly, FREE to use for everyone...!",5,0,,,2026-02-10 15:16:09,,,Lichess,Google Play,en,us,2026-04-17 17:51:35,2026-02-10
461382e8-3d53-4370-b947-6907ddc12c6c,Tarık,very good,5,0,0.19.4,0.19.4,2026-02-10 10:02:57,,,Lichess,Google Play,en,us,2026-04-17 17:51:35,2026-02-10
4be5a2bf-73c9-4b97-b5d8-62a2bf441573,Sriyash shukla,pretty good experience also .i don't find ad that much annoying .but you should improve ad mechanism.,5,0,,,2026-02-10 09:02:31,,,Lichess,Google Play,en,us,2026-04-17 17:51:35,2026-02-10
7b843c13-1c5f-4356-a0d3-2d158e8e3d44,charles lagutap,too much delay,1,1,0.19.4,0.19.4,2026-02-10 05:27:13,,,Lichess,Google Play,en,us,2026-04-17 17:51:35,2026-02-10
dd22a3d4-77ea-4730-a496-f06622d8759d,Chiamaka Gyet,"Lichess is a very educated game.I love lichess,I cannot stop playing it. please for Chess learners come and play and for Chess fans also come and learn because it will help you learn faster😃😃😃😃😃😃",5,9,0.19.4,0.19.4,2026-02-09 18:24:48,,,Lichess,Google Play,en,us,2026-04-17 17:51:35,2026-02-03
758a3cd3-ad4d-49c9-9bff-7a4b614e7abe,Rahul Tandel,Unable to download Stockfish 17.1 from the options available.,5,0,0.19.4,0.19.4,2026-02-09 17:24:03,,,Lichess,Google Play,en,us,2026-04-17 17:51:35,2026-02-03
ad0bb40d-8ae6-4312-b4ad-078eca8624b9,Murad Aghalarov,"free, no ads, open source. what else do u need? simply great",5,0,0.19.4,0.19.4,2026-02-09 14:50:39,,,Lichess,Google Play,en,us,2026-04-17 17:51:35,2026-02-03
f18db53d-f8c3-4617-9d40-a6bec0279763,Abdel-Rahman,Why can't I authorize my account to sign in?.. the app is faulty.. every time i click sign in and authorize my account it hangs..does nothing,1,6,0.19.4,0.19.4,2026-02-09 09:55:06,,,Lichess,Google Play,en,us,2026-04-17 17:51:35,2026-02-03
f97ad6ed-cd57-4dc7-9cbe-2735b731c101,AAA A,Cannot log in. App after completing the loop of logging in still shows log in.,1,1,0.19.4,0.19.4,2026-02-09 07:32:21,,,Lichess,Google Play,en,us,2026-04-17 17:51:35,2026-02-03
4d7dd78a-f0b8-4f30-be37-1af5823d460f,Carl Leth,"I don't know how anyone screws up a chess app this badly. You can do almost nothing with this app. Can't play a friend, can't play a computer, can't play a game with no time limit. It's unbelievable that Lichess was willing to harm their reputation by putting their name on this garbage app.",2,2,0.19.4,0.19.4,2026-02-09 00:25:01,,,Lichess,Google Play,en,us,2026-04-17 17:51:35,2026-02-03
5724f331-ebf4-49b6-9ca2-304a8773f22c,Shivmohan,This app is goat of all chess applications. You can learn play and even master at chess,5,0,0.19.4,0.19.4,2026-02-08 16:46:10,,,Lichess,Google Play,en,us,2026-04-17 17:51:35,2026-02-03
27c62edb-d78b-47f1-8194-1ac801e92d06,Lilleba My,Terrible compared to old app. But then the old app doesnt work that well anymore. Unsure if this is really libre.,2,0,0.19.4,0.19.4,2026-02-08 13:13:31,,,Lichess,Google Play,en,us,2026-04-17 17:51:35,2026-02-03
95ab42e9-7644-4469-a989-230ca2616925,TJ Leverette,"Bug Report on the Win 11 Play Emulator: the Lichess app launched in the Google Play environment on Win 11 cannot login to one's Lichess account.l; the OIDC callback with the token isn't read—nothing happens when you click on the Authorize button after logging in on the browser. I've tried Edge & Firefox with the same result., (I'll change my star ranking once this is acknowledged 🙏)",1,10,0.19.4,0.19.4,2026-02-08 05:38:21,,,Lichess,Google Play,en,us,2026-04-17 17:51:35,2026-02-03
d3336309-bf09-4291-9e64-26b6c7897628,Nicolas,Chess.,5,0,0.19.4,0.19.4,2026-02-07 21:56:29,,,Lichess,Google Play,en,us,2026-04-17 17:51:35,2026-02-03
c67c2fda-559d-4f82-b267-709795b2df6e,Javier es,"Great app, free to use as well",5,0,,,2026-02-07 10:16:42,,,Lichess,Google Play,en,us,2026-04-17 17:51:35,2026-02-03
3364adf7-e730-4422-9065-afbd0adcfd63,yaya,"best chess app/website it's actually 100% free. one of the only free projects I've seen online, its open source and etc. I love lichess and people related to it.",5,1,0.19.4,0.19.4,2026-02-06 22:20:11,,,Lichess,Google Play,en,us,2026-04-17 17:51:35,2026-02-03
de5516e5-e689-4c0a-99f5-4c11c3bd921b,Leon Hustle,I like this app...could be more statistical. I like that I can Flip the board and still make moves...It could be more chat friendly.. Overall very good app though,4,0,0.19.4,0.19.4,2026-02-06 20:10:17,,,Lichess,Google Play,en,us,2026-04-17 17:51:35,2026-02-03
5234e799-b898-4aa7-80c0-87e3cef0ba41,Bruce,Seriously excellent.,5,0,0.19.4,0.19.4,2026-02-06 14:22:38,,,Lichess,Google Play,en,us,2026-04-17 17:51:35,2026-02-03
01c4455a-53ff-4225-a941-23a399735b68,Scott Johnson,"This chess app is no different than any other, you'll win consistently one day and then the next you can't win a game..which just says there are nothing but cheaters and bots on here. Would give zero stars if I could, horrible app!!!!",1,5,0.19.4,0.19.4,2026-02-06 12:27:11,,,Lichess,Google Play,en,us,2026-04-17 17:51:35,2026-02-03
e224a234-3e4a-44c1-b5b7-978ec581fa42,Aidan Yusuf Bahtiar,"it's free, but why is the matchmaking takes soo loooooooong!!!",3,0,0.19.4,0.19.4,2026-02-06 03:17:44,,,Lichess,Google Play,en,us,2026-04-17 17:51:35,2026-02-03
7fe9aab9-2136-4eac-bfa6-f539182b75f4,Moshe Klasovsky,New app is great once you get used to it!,5,2,0.19.4,0.19.4,2026-02-05 19:04:45,,,Lichess,Google Play,en,us,2026-04-17 17:51:35,2026-02-03
94227648-580f-4bb5-aa6e-34ef2b3d735d,Anik,lichess everything is fine but developers add a setting in which we can see how many puzzles I have solved because the puzzle Library is huge please make this setting,1,4,0.19.4,0.19.4,2026-02-05 04:42:03,,,Lichess,Google Play,en,us,2026-04-17 17:51:35,2026-02-03
a9c0621a-2d69-4c26-9fbd-86029e3e6c0b,Augustus Umana,"my Internet is good, but I have lost more games to constant network disconnection, and it's really frustrating. fix this or simply return the old version",1,4,0.19.4,0.19.4,2026-02-04 20:40:01,,,Lichess,Google Play,en,us,2026-04-17 17:51:35,2026-02-03
6500673a-a272-4c1c-b24b-4034a9f98133,Shilpa Katke,nice game this is for pro Player's,5,1,,,2026-02-04 15:55:41,,,Lichess,Google Play,en,us,2026-04-17 17:51:35,2026-02-03
37c4e395-2b61-4c64-b6ce-361eddd9fe92,Emiel Rous,"Used to be great for game analysis, now it doesn't work most of the time",1,1,0.18.2,0.18.2,2026-02-04 12:37:42,,,Lichess,Google Play,en,us,2026-04-17 17:51:35,2026-02-03
75d94565-0dc0-42e8-8c74-848676e4b830,Abhay Sah,very useful if you want to learn and to reach 2000 and I found it very helpful...,5,0,,,2026-02-04 05:57:01,,,Lichess,Google Play,en,us,2026-04-17 17:51:35,2026-02-03
8e1068ea-a6b1-41cd-a513-97daad3d38f5,Swarna Srinivas,it is the worst chess platform ever it crashes it has lot of bugs and the castling move sometimes doesn't move uninstalled useless app,1,1,,,2026-02-04 05:18:55,,,Lichess,Google Play,en,us,2026-04-17 17:51:35,2026-02-03
6dc84700-898e-4f52-af2f-b67cf3bdd44e,Yassine Erradouani,love it.,5,0,,,2026-02-04 00:48:55,,,Lichess,Google Play,en,us,2026-04-17 17:51:35,2026-02-03
d3d0dfc0-e321-4a0b-a7c9-6c6c081be5b7,harpreet singh oberoi,godd to learn,5,0,0.19.4,0.19.4,2026-02-03 14:45:50,,,Lichess,Google Play,en,us,2026-04-17 17:51:35,2026-02-03
c473442f-f564-4c92-bc7a-552962af2f58,Shreyas MS,Crashes everytime while opening the app.,1,0,0.19.4,0.19.4,2026-02-03 12:37:21,,,Lichess,Google Play,en,us,2026-04-17 17:51:35,2026-02-03
b135fa08-9afe-4ffb-a624-e604b4a2da37,Atharva Singh Pawar,"Hey, i love the app it's great to learn chess and play offline and online but the only issue I have is one thing and only this thing annoys me otherwise the app is perfect, no changes required but the thing that bothers me is that when we start a match and the other person backs up mid game or gets disconnected we have to wait 120 seconds to claim the victory but that wastes time what I'd prefer is that the person who left shall get a minus rating and i should get + rating for that waiting",5,10,0.19.4,0.19.4,2026-02-03 04:51:57,,,Lichess,Google Play,en,us,2026-04-17 17:51:35,2026-02-03
014a49e8-1377-4dd8-bdb1-bc03fcc981a4,Michael Crawford,I came from the stockfish website to play on mobile. Was hopeful even though reviews were mixed. I can't even play against a local computer opponent...,1,4,0.19.4,0.19.4,2026-02-03 02:28:23,,,Lichess,Google Play,en,us,2026-04-17 17:51:35,2026-02-03
a6865ca5-3a4b-43ad-8205-03bd6d2863a4,lenno vileyn,app experience has gone down recently. sometimes the app becomes unresponsive so I have to close and restart during games.,3,0,0.19.4,0.19.4,2026-02-02 18:52:41,,,Lichess,Google Play,en,us,2026-04-17 17:51:35,2026-01-27
eafe3d6b-be73-4296-a562-5477472a0a06,Nathan Connolly,"the app used to be perfect, now they've made it horrible, weird layout, laggy, what are they doing???",1,2,0.19.4,0.19.4,2026-02-02 18:10:02,,,Lichess,Google Play,en,us,2026-04-17 17:51:35,2026-01-27
e1ffd5e9-7e4a-47cd-9234-1d50cbdea3e2,"Martin, Gregor Niedzialkowski","Free ≠ good. Lichess is technically competent—2 stars—the experience is rotten. An intrusive exit dialog coerces users; the UI is clogged with constant promotion: published books, paid tutoring and endless training videos. Chats are routinely toxic; disable them. Cheating is pervasive searchable tutorials and hacks make it systemic. From a decade of - off play: people cheat for quick dopamine; nothing real is at stake. Hollow games and relentless promotion. Disgrace.",2,0,0.19.4,0.19.4,2026-02-02 13:29:07,,,Lichess,Google Play,en,us,2026-04-17 17:51:35,2026-01-27
43ddcab6-54ad-4e31-8eca-1a195a4a3862,Raido Paldermaa,"can,t log in",1,0,0.19.4,0.19.4,2026-02-02 11:05:20,,,Lichess,Google Play,en,us,2026-04-17 17:51:35,2026-01-27
dd9ebf76-c03c-427e-9f67-6dd2b862a368,ᴀɴᴀɴᴅʜᴜ,i hope for a cross platform with windows as well. glad i found a FOSS chess app,4,0,0.19.4,0.19.4,2026-02-02 09:56:08,,,Lichess,Google Play,en,us,2026-04-17 17:51:35,2026-01-27
e5bec674-0c55-49ec-9f72-9754596ec298,Sachin Malhotra,Very high ping on 5g and on wifi as well. Seems like there is no server in Delhi or in India.,1,0,,,2026-02-02 09:18:09,,,Lichess,Google Play,en,us,2026-04-17 17:51:35,2026-01-27
520ab9dc-acd4-4038-9503-3351e7623922,Joe乔,it's good,3,0,0.19.4,0.19.4,2026-02-02 06:03:53,,,Lichess,Google Play,en,us,2026-04-17 17:51:35,2026-01-27
55a17669-760a-4465-964d-0780a674a3d1,Sebastian Ramadan,"Functionally retarded compared to other lichess options; it's missing all but one variant, impossible to play simultaneous games and of course many unnecessary user interface changes were made so users of the old app need to retrain their autopilot and will in the meantime press the wrong elements.",3,0,0.19.4,0.19.4,2026-02-02 00:50:47,,,Lichess,Google Play,en,us,2026-04-17 17:51:35,2026-01-27
6aa5fd78-83c9-46e7-b828-711116a74269,Nicholas Roti,"great app, matches the website functions well. I am getting random flickers while doing 10 min rapid games. any suggestions?",4,0,0.19.4,0.19.4,2026-02-01 20:55:12,,,Lichess,Google Play,en,us,2026-04-17 17:51:35,2026-01-27
a62c2afd-865d-4d1c-89be-95fa44eb50bb,Arthur Grig,Dear lichess team just cause your app is free does not mean it has to be such a trash.,1,0,,,2026-02-01 18:34:32,,,Lichess,Google Play,en,us,2026-04-17 17:51:35,2026-01-27
2c1e2306-6dc7-4743-bfc0-d02b0ebc626c,Akhil Reddy,"best one, Until now i didnt encountered a bot player or any mischievous",5,0,0.19.4,0.19.4,2026-02-01 13:26:54,,,Lichess,Google Play,en,us,2026-04-17 17:51:35,2026-01-27
02ce4929-b2c7-40f5-ad5b-12a9a2393d0a,Chinedu Halleluyah,Pls could you add multiple premove. At least make it an option😭😭,4,0,0.19.4,0.19.4,2026-02-01 03:18:08,,,Lichess,Google Play,en,us,2026-04-17 17:51:35,2026-01-27
73677ee3-a193-4493-aafa-33c8a6f87a36,Garrick White,The analysis tools seem to be struggling in ways that worked on the previous app. I haven't found anything so far that justified creating a new app and then losing features.,3,2,0.19.4,0.19.4,2026-02-01 02:00:49,,,Lichess,Google Play,en,us,2026-04-17 17:51:35,2026-01-27
006560de-f4a4-49c3-86c8-2dedf27168f9,Why Kaif,I prefer Open source projects over closed source apps which are full of trackers and stupid ads.,5,0,0.19.4,0.19.4,2026-01-31 18:04:30,,,Lichess,Google Play,en,us,2026-04-17 17:51:35,2026-01-27
5c995668-a1d5-4279-b8e5-4bd2ce463d18,Toms Jansons,Big downgrade from the legacy app which was pretty much perfect...,5,1,0.19.4,0.19.4,2026-01-31 17:05:42,,,Lichess,Google Play,en,us,2026-04-17 17:51:35,2026-01-27
5e6b6094-164c-4f6b-8041-736b2409e0d1,Ahmed El-Mowafy,bad game so dirty 👎👎👎👎👎👎👎👎👎👎👎👎,1,0,0.19.4,0.19.4,2026-01-31 03:26:48,,,Lichess,Google Play,en,us,2026-04-17 17:51:35,2026-01-27
f26c5397-25b3-423b-b11d-b7c6eed81d11,Eren Karagozlu,I like the free puzzles,5,0,0.19.4,0.19.4,2026-01-30 13:50:36,,,Lichess,Google Play,en,us,2026-04-17 17:51:35,2026-01-27
dbecb2ba-a04a-4a0f-bc0e-166c3b3956a9,Viraj Kumar,can't sign in despite thousand attempts,2,0,0.19.4,0.19.4,2026-01-30 12:03:18,,,Lichess,Google Play,en,us,2026-04-17 17:51:35,2026-01-27
5ec15342-3229-4fbb-b1a5-c701189d77a8,Ross Phillip Gerard,App constantly freezes making my time run out.,1,1,0.19.4,0.19.4,2026-01-30 11:45:23,,,Lichess,Google Play,en,us,2026-04-17 17:51:35,2026-01-27
ad9947d8-bb53-4089-9499-bd6f2845ddd2,mohit Ramavat,worthfull full dedicated to chess no ads only chess related stuff.Amazing,4,0,0.19.4,0.19.4,2026-01-30 11:43:15,,,Lichess,Google Play,en,us,2026-04-17 17:51:35,2026-01-27
a5805da4-19f8-4a6a-8262-841fa3e2970e,Venkata Harsha Vardhan Kusu,It's free what most chess sites offer for money,5,0,0.19.4,0.19.4,2026-01-30 10:07:28,,,Lichess,Google Play,en,us,2026-04-17 17:51:35,2026-01-27
91939c3b-53f1-4d9b-92c0-a8fd26c24cd4,Daniel Olson,you play a lot of bots when you're supposed to be playing other players you can win 200 points in a row and then lose 500 in a row makes no sense at all it's like the other free chess games not really free they claim they only work off a donations and if you don't donate they pair you up so you lose all the time very unsatisfied poor game,1,7,0.19.4,0.19.4,2026-01-30 06:10:58,,,Lichess,Google Play,en,us,2026-04-17 17:51:35,2026-01-27
27e8ec2b-dea3-43bf-b496-29644eb0bd92,Ethel Maxwell (Eth),"Offline player, do not care about the online features. I really like the puzzles, I like that it's open source, and it works really well for me. ...Except the option to play against the engine is missing??? What?",3,14,0.19.4,0.19.4,2026-01-29 23:10:20,,,Lichess,Google Play,en,us,2026-04-17 17:51:35,2026-01-27
1282f562-47f9-4766-afff-6218b55ccab6,Guhan R,"super game ,I want to play with goofygen_chess",5,0,0.19.4,0.19.4,2026-01-29 17:57:44,,,Lichess,Google Play,en,us,2026-04-17 17:51:35,2026-01-27
33cc818b-daef-4127-839e-f803046f4727,Bernhard Fruhwirth,"Do not like the new version at all. Sad because the old one was really nice with cool features, I liked being able to continue games against the computer for example.",1,14,0.19.4,0.19.4,2026-01-29 17:39:17,,,Lichess,Google Play,en,us,2026-04-17 17:51:35,2026-01-27
629410b4-f325-40d9-845c-6eab6156cf68,Atom A.,i can't login!,2,0,,,2026-01-29 10:18:21,,,Lichess,Google Play,en,us,2026-04-17 17:51:35,2026-01-27
63d28f35-1fc8-4815-b401-8df8a3ef894b,Аня Цыбусова,"I've never seen apps as good as it. It's really amazing, so creators, you're so wunderbar)",5,0,0.19.4,0.19.4,2026-01-29 05:12:44,,,Lichess,Google Play,en,us,2026-04-17 17:51:35,2026-01-27
133f806c-7889-40b1-844a-59cbd2008c9a,SHRUTI DAS,very disgusting app minused my rating for no reason claming wrong result .,1,0,0.18.0,0.18.0,2026-01-28 17:19:38,,,Lichess,Google Play,en,us,2026-04-17 17:51:35,2026-01-27
5de6db7a-f892-41a1-9f3d-f236395147e3,RBK STUDIOS,"Utmost disgusting app. Timer runs out. No loading, fake players. All of them are alike, Chessdotcom, Lichess... All full of trash",1,3,0.19.4,0.19.4,2026-01-28 16:53:36,,,Lichess,Google Play,en,us,2026-04-17 17:51:35,2026-01-27
c8fe414f-4e2e-4685-a1c1-97e78ce3120e,Alex Krieger,Poor UI and puzzle experience,1,1,,,2026-01-28 16:13:52,,,Lichess,Google Play,en,us,2026-04-17 17:51:35,2026-01-27
90c8e51f-05fd-4ee8-b35b-43bbbbec90bb,NAVANEETHAN,after the update game review is not working 😕😞,3,0,0.19.4,0.19.4,2026-01-28 11:02:00,,,Lichess,Google Play,en,us,2026-04-17 17:51:35,2026-01-27
fb5e9e15-b271-40c6-8aca-f911cb0dc850,Sibonelo Wiseman,"the new update is horrible I won't lie, the interface is not user friendly to begin with I'm trying to play now bullet it keeps on loading forever compared to before it funny how they think they improving by making things worse I prefer old one and now I will move to a better platform that lichess",1,8,0.19.4,0.19.4,2026-01-28 05:51:30,,,Lichess,Google Play,en,us,2026-04-17 17:51:35,2026-01-27
a69ed78b-c73d-410a-932b-ef7cfad11f6d,Wela Bird,"can't log in , Egypt",1,1,0.19.4,0.19.4,2026-01-27 22:08:01,,,Lichess,Google Play,en,us,2026-04-17 17:51:35,2026-01-27
bf78ffb8-0287-43e1-89c1-c1d9a892d2de,Asif Raza,"The server is very slow, I lost every game due time, I move fast but server make it delay and lost game by time. very frustrating.",1,1,,,2026-01-27 19:19:54,,,Lichess,Google Play,en,us,2026-04-17 17:51:35,2026-01-27
0ccd76ac-1b87-4845-9514-7f70fcd9282e,Ilkin Kerimov,not fair less than 5 for this free service!,5,0,0.19.4,0.19.4,2026-01-27 18:42:52,,,Lichess,Google Play,en,us,2026-04-17 17:51:35,2026-01-27
85cd9c49-2439-43bd-bbe9-8add530a327d,Yang Mandi,Great and popular app to play chess + it is open source so everyone can contribute and give feedback. Love the UI,5,0,0.19.4,0.19.4,2026-01-27 18:08:44,,,Lichess,Google Play,en,us,2026-04-17 17:51:35,2026-01-27
e4c37dc5-810d-4c2a-9c70-5fa5fe151d35,Jacob,it's chess.,5,0,0.19.4,0.19.4,2026-01-26 22:50:36,,,Lichess,Google Play,en,us,2026-04-17 17:51:35,2026-01-20
e5cd4f88-8d72-43b3-9200-0969dc0a5f13,Leo boy dev gaming,Overall it's all good but It keeps crashing.,1,0,,,2026-01-26 12:18:57,,,Lichess,Google Play,en,us,2026-04-17 17:51:35,2026-01-20
273f5258-919c-4b8c-b616-6e3290e6b2a7,Amirhossein Sharafi,This is very good App,5,0,0.19.4,0.19.4,2026-01-26 07:36:11,,,Lichess,Google Play,en,us,2026-04-17 17:51:35,2026-01-20
e8382bbb-1492-405d-ae2c-7b573a6ae13d,A M,"Good app, free and open source, no ads but please keep improving as you are doing and bring back all the good features from the previous app, especially 'continue with the computer' when the opponent resigns.",4,0,0.19.4,0.19.4,2026-01-25 13:16:41,,,Lichess,Google Play,en,us,2026-04-17 17:51:35,2026-01-20
8fba312a-3718-4bda-87df-d6f071064098,Sakthi,Add a puzzle widget feature.,5,0,,,2026-01-25 03:32:12,,,Lichess,Google Play,en,us,2026-04-17 17:51:35,2026-01-20
d220eed7-d329-4040-95a7-cfef917606bb,chndn boruah,it's not even open.. keep crashing when I open it,1,0,,,2026-01-24 15:23:45,,,Lichess,Google Play,en,us,2026-04-17 17:51:35,2026-01-20
2cf72b20-c30a-4280-8f70-2e62c498fe48,Dibyajit Kar,lots off hackers are there. I have a prove about that.,2,0,0.19.4,0.19.4,2026-01-24 08:31:35,,,Lichess,Google Play,en,us,2026-04-17 17:51:35,2026-01-20
eed454f3-8029-4c12-80f8-78fc589c3c3a,Aman,pathetic! I am rated 1000 but everytime they pair me against a 1800-2000 rated player which is not fair,1,0,0.19.4,0.19.4,2026-01-23 21:23:16,,,Lichess,Google Play,en,us,2026-04-17 17:51:35,2026-01-20
9a82ecaa-26de-4210-9c76-9955b5e23db9,Milkomeda Gearaxy,"can't report cheaters efficiently,quite a large amount lately",3,1,0.19.4,0.19.4,2026-01-23 20:56:12,,,Lichess,Google Play,en,us,2026-04-17 17:51:35,2026-01-20
4c515e10-8802-48c4-a3e8-ab97117914ae,Tape Face,this is even more buggy than the abandoned version of the app,1,1,0.19.4,0.19.4,2026-01-23 17:29:59,,,Lichess,Google Play,en,us,2026-04-17 17:51:35,2026-01-20
7f5f22eb-ed81-48e6-be8f-659f75eebdfa,brian castillo,"Kept adding more features and I like where this app is going, it's only going to improve and improve 10/10",5,2,0.19.4,0.19.4,2026-01-23 07:51:15,,,Lichess,Google Play,en,us,2026-04-17 17:51:35,2026-01-20
5b487bb1-ae64-4177-8ac3-a5d180348a29,Goldy Saini,best app for chess,5,1,0.19.4,0.19.4,2026-01-23 07:10:35,,,Lichess,Google Play,en,us,2026-04-17 17:51:35,2026-01-20
a6567106-3c7b-4f5c-9507-fccb809c9e72,Gopal Barman,very good 👍😊😊,5,1,,,2026-01-23 05:13:28,,,Lichess,Google Play,en,us,2026-04-17 17:51:35,2026-01-20
ff2026da-d29b-4622-9d56-32f32019c1e9,Moeen Uddin Bhuiyan (Moeen),Add offline bots to play offline,5,1,0.18.2,0.18.2,2026-01-22 20:13:49,,,Lichess,Google Play,en,us,2026-04-17 17:51:35,2026-01-20
5b2ab889-1f73-4197-afb7-b94ac11209f7,Hail Umali,"the time control is poor. though my wifi connection is stable, I kept experiencing the time that my opponent takes before making each move is deducted to my time, also can't play very well even though I'm making a pre-move the clock will still count 2-3 seconds before I take that move, pretty annoying right? I'm a bullet player so you'll notice the difference, ending I always lost Because of that freaking clock, I ain't experiencing this once or twice, but every damn game",1,33,0.19.4,0.19.4,2026-01-21 17:10:07,,,Lichess,Google Play,en,us,2026-04-17 17:51:35,2026-01-20
179757c9-8d00-4531-8c43-2b94a7c2d273,Anoop Sharma,"hey vertical eval bar is normally seen on left, it looked weird to me on right also you can make its (bar's) width smaller I think it would feel better, may be half of what it's now.",5,5,0.19.4,0.19.4,2026-01-21 16:11:39,,,Lichess,Google Play,en,us,2026-04-17 17:51:35,2026-01-20
223f1247-851f-4566-88d7-a1c68a946e8c,THE M,great application,5,0,0.19.4,0.19.4,2026-01-21 10:59:07,,,Lichess,Google Play,en,us,2026-04-17 17:51:35,2026-01-20
6ed0ce0f-2ffe-47a2-8671-6b62878125b5,George Carpow,It is not comfortable to make the moves without confirmation A lot of false moves when touching the screen...,2,0,0.18.2,0.18.2,2026-01-20 14:21:57,,,Lichess,Google Play,en,us,2026-04-17 17:51:35,2026-01-20
10830c53-45b1-4078-8d18-756b99d9ff28,sanjay yadav orf Sanju baba,nice for chess lover,5,0,0.19.4,0.19.4,2026-01-20 13:24:43,,,Lichess,Google Play,en,us,2026-04-17 17:51:35,2026-01-20
066c4585-29ef-4859-a927-f06895ba91d4,Jeremy Gaylord,"There are important features missing from the puzzles section of this app. In the legacy version you could back up and view previous moves. This feature is important because the app's moves are so fast that it is difficult to tell whether a piece was taken. In the legacy version, you could just back up a move to see what happened. Furthermore, the legacy version allowed you to replay a puzzle. This is extremely helpful for learning from a puzzle.",1,1,,,2026-01-20 02:56:04,,,Lichess,Google Play,en,us,2026-04-17 17:51:35,2026-01-20
fc5850fe-f2cf-4e3b-b6d6-3b2ce39e88fa,bright okodugha,Awesome experience!!!,5,1,0.18.2,0.18.2,2026-01-19 14:03:31,,,Lichess,Google Play,en,us,2026-04-17 17:51:35,2026-01-13
ef463397-3cb9-48c7-95b3-137f5731ffea,RK Gadhavi,too many cheaters.they find best engine moves at critical stages of the game and i report so many cheaters not even one got banned pathetic platform,1,1,0.18.2,0.18.2,2026-01-19 09:31:50,,,Lichess,Google Play,en,us,2026-04-17 17:51:35,2026-01-13
1fcf8b29-5fa0-4692-9538-5f92d17e4688,Eric N,"kinda trash, don't really see the need",2,1,0.18.2,0.18.2,2026-01-19 09:02:35,,,Lichess,Google Play,en,us,2026-04-17 17:51:35,2026-01-13
1c97b4b8-50d5-47de-b539-58d7acc0e991,A D,The app can't handle the basics: moving pieces to a position intended by the player! The number of completely wrong movies the app makes is unacceptable.,1,4,0.18.2,0.18.2,2026-01-19 08:35:33,,,Lichess,Google Play,en,us,2026-04-17 17:51:35,2026-01-13
96bf0a07-2fbe-4d3b-bb39-b273cf1ebef1,Locke,way too unresponsive. it makes the app totally unusable,1,1,,,2026-01-19 02:37:41,,,Lichess,Google Play,en,us,2026-04-17 17:51:35,2026-01-13
1be03b40-bcd3-4cb1-92f6-aa6bd5058e64,Jude Nilanga,Fall in love with chess and fall in love with Lichess. Great app to study and improve your chess.,5,1,0.18.2,0.18.2,2026-01-18 14:10:55,,,Lichess,Google Play,en,us,2026-04-17 17:51:35,2026-01-13
322e5029-fef9-47a3-9a4e-01d8935da2be,Noiz,your guys should what is even the network bar there it doesnt even notify one if u are no longer connected to the internet,3,0,0.18.2,0.18.2,2026-01-18 13:50:42,,,Lichess,Google Play,en,us,2026-04-17 17:51:35,2026-01-13
2df95cef-0f20-4658-8a86-131eca82f884,Christian Aguilera,"Legacy app is still much better, but this one is improving steadily. There is however an annoying issue where piece animations don't work if UI menu animations have been disabled system-wide in Android.",5,1,0.18.2,0.18.2,2026-01-18 09:44:30,,,Lichess,Google Play,en,us,2026-04-17 17:51:35,2026-01-13
8284f93e-fbc7-4cc0-9277-b4a08f070a15,Toerhthangquor Joyotu,amazing app,5,1,0.18.2,0.18.2,2026-01-17 18:58:08,,,Lichess,Google Play,en,us,2026-04-17 17:51:35,2026-01-13
903089b0-3bf0-4380-8099-b2d5efc9c552,BrightFuture,"The legacy interface was much more intuitive, responsive, and faster. What a disappointment! Don't fix what isn't broken. I hope I can go back to the legacy version. Legacy version is perfect: One touch to start a game after the app open, one touch to see menu with all the features. I so liked the old version",1,12,0.18.2,0.18.2,2026-01-17 10:43:31,,,Lichess,Google Play,en,us,2026-04-17 17:51:35,2026-01-13
f8093e3d-2f8a-4a1e-8f65-f9e18b406544,Shrey Arora,Awesome app It has everything one expects from a chess app,5,1,,,2026-01-17 08:45:15,,,Lichess,Google Play,en,us,2026-04-17 17:51:35,2026-01-13
63747345-0258-47c4-b891-6aea0c79e495,Kaadai Eswaran,one of the best,5,1,0.17.8,0.17.8,2026-01-17 06:05:39,,,Lichess,Google Play,en,us,2026-04-17 17:51:35,2026-01-13
19073fad-a0d5-4529-82ef-406d307be7e3,Mehdi Marashi,"absolutely useless and broken. please first make sure your new app works before posting it on Google Play. let me elaborate: everything is zoomed in. I can only see 5 columns and 6 ranks. in the settings, the selection boxes are out of view. changing the global font size settings in Android had no effect. unfortunately, the legacy app (which was great) is also broken. at least the web version still works.",1,7,0.18.2,0.18.2,2026-01-17 04:26:25,,,Lichess,Google Play,en,us,2026-04-17 17:51:35,2026-01-13
5fe935cc-5b0b-406a-b818-a65d7b5eaf1f,j moreno,does not work anymore since january 2026. Bugs and engine gets stuck,1,1,,,2026-01-16 21:10:29,,,Lichess,Google Play,en,us,2026-04-17 17:51:35,2026-01-13
bacb25d9-c8c2-443c-9ee8-8ff9be256012,RK Spice,quickly switched back to the legacy app. much more frustrating to navigate here.,1,0,,,2026-01-16 17:18:50,,,Lichess,Google Play,en,us,2026-04-17 17:51:35,2026-01-13
e47c4cb4-5f39-4114-8c3e-cd832b00647f,Hened Çollaku,"I love Lichess. Absolutely amazing. I love the fact i can analyze games, do puzzles and everything else all for FREE.",5,39,0.18.2,0.18.2,2026-01-16 11:12:13,,,Lichess,Google Play,en,us,2026-04-17 17:51:35,2026-01-13
67d9414f-e157-4705-957a-94c0f53ff091,Anirban Mitra,"Analysis not working anymore & continue from here with computer ain't working either, plz. fix.",4,1,,,2026-01-16 08:29:35,,,Lichess,Google Play,en,us,2026-04-17 17:51:35,2026-01-13
f86ff70c-3277-4b7a-be4c-efa3adfb42fb,Josh Geden,"The new updated app is great. It's fast and the UI is clean and modern. Also Lichess is a nonprofit, meaning no ads and all the features are totally free.",5,3,0.18.2,0.18.2,2026-01-16 05:48:20,,,Lichess,Google Play,en,us,2026-04-17 17:51:35,2026-01-13
d94cc08c-0628-4767-9717-e6fa780634b8,Ratan Fulzele,pls improve analysis system,3,0,,,2026-01-15 15:57:34,,,Lichess,Google Play,en,us,2026-04-17 17:51:35,2026-01-13
7e2b957d-b2da-4289-9ee0-cb829721051f,Dhruva K A,A free chess app cannot get better than Lichess,5,0,0.18.2,0.18.2,2026-01-15 15:12:27,,,Lichess,Google Play,en,us,2026-04-17 17:51:35,2026-01-13
386a52b1-1857-4f20-a81d-ef488d316e2a,Jabulane Marumo,This new look is nonsense,1,0,,,2026-01-15 11:54:50,,,Lichess,Google Play,en,us,2026-04-17 17:51:35,2026-01-13
1b2e30e3-af73-4c12-aeaf-14a143b1cfbb,Gaurav Vishwakarma,"We play the bakwas game and solve the puzzle properly, so we get less points. In fact, even if we make a single mistake, a lot of our points get deducted.when we solve a puzzle we earn 2-4 points, even when we fail to solve the puzzle the game detects our 13 points and more than 15 points and this is not the good way to detect the points if you give us less points then you have to detect less points Also it's frustrating.",1,4,0.18.2,0.18.2,2026-01-15 10:11:32,,,Lichess,Google Play,en,us,2026-04-17 17:51:35,2026-01-13
ead2713e-ecce-4901-afbc-e9463d88636a,Ahmad Ali Farooqi,The new UI is awful.,1,1,0.18.2,0.18.2,2026-01-15 02:45:14,,,Lichess,Google Play,en,us,2026-04-17 17:51:35,2026-01-13
2e5ad5aa-ca38-4c7e-be0f-6dc8c7a8d4f5,Sanehdeep Singh,"The best chess gaming experience. It was easy to shift from ""Chess Com"" to ""Lichess"". It is free, and takes care for ppl who get cheated from other players. This game is the game which is the game of the game.",5,0,,,2026-01-14 09:36:56,,,Lichess,Google Play,en,us,2026-04-17 17:51:35,2026-01-13
7708594e-555a-4e82-9657-d7f2e95b88c4,Darin Lee,"Can't sign in , will not authorize . Just keeps going back to login .",1,1,0.18.2,0.18.2,2026-01-14 02:07:35,,,Lichess,Google Play,en,us,2026-04-17 17:51:35,2026-01-13
aae3f121-91b9-4a0d-9816-373e8c1a2142,Shlok Singh Chandel,not very good app,1,0,,,2026-01-13 16:07:11,,,Lichess,Google Play,en,us,2026-04-17 17:51:35,2026-01-13
7abbc4a7-df33-4c05-816a-314581e009f3,SP Rao,good you can edit the board,5,0,0.18.2,0.18.2,2026-01-13 15:08:21,,,Lichess,Google Play,en,us,2026-04-17 17:51:35,2026-01-13
dcfb3b2d-82d3-421f-9d45-08e9cbca9dc4,Indra Ojha,good app and I play with magnus Carlsen,5,0,0.18.2,0.18.2,2026-01-13 12:22:35,,,Lichess,Google Play,en,us,2026-04-17 17:51:35,2026-01-13
d193d1b8-ed63-489b-922c-5ce093298c14,Rafael Silva,The old one was better.,3,0,,,2026-01-13 11:36:51,,,Lichess,Google Play,en,us,2026-04-17 17:51:35,2026-01-13
e4483b97-ddbf-492c-981e-3b692611d3af,Amartya Choudhary,the best chess app - for both playing and following,5,0,0.18.2,0.18.2,2026-01-13 06:57:53,,,Lichess,Google Play,en,us,2026-04-17 17:51:35,2026-01-13
713f307a-80ad-4205-b09c-1903f0a81723,Kazi Nihal Ahmed,the sign in button does not work,4,0,0.18.2,0.18.2,2026-01-12 09:37:09,,,Lichess,Google Play,en,us,2026-04-17 17:51:35,2026-01-06
96032269-7867-415e-a7b3-88eda6bcbd94,sanchit shedale,Great app with lots of free puzzles and analysis. Rating system could be improved to match the skill level of the player.,4,0,0.18.2,0.18.2,2026-01-12 08:49:36,,,Lichess,Google Play,en,us,2026-04-17 17:51:35,2026-01-06
ad6ed82f-f4f7-4e6f-a1d8-88fcfbe099f2,Shah Me'raj,"so annoying experience, even my internet is stable, it still shows reconnecting.",1,0,,,2026-01-11 16:52:07,,,Lichess,Google Play,en,us,2026-04-17 17:51:35,2026-01-06
2660200d-11fb-4d2a-94e4-809f1a9b41b2,Hailey,"""not all features from the old app are available"" well why did you release it then?",1,2,0.18.2,0.18.2,2026-01-11 12:23:46,,,Lichess,Google Play,en,us,2026-04-17 17:51:35,2026-01-06
e2392f41-21e5-4632-ab88-c944d3211167,SURESH NAIDU,best free app of any category. Thanks to whoever created this app,5,0,0.18.2,0.18.2,2026-01-11 04:50:17,,,Lichess,Google Play,en,us,2026-04-17 17:51:35,2026-01-06
75caefbc-9c1a-4bef-abb5-a790decd959e,Tacim Yılmaz,It's a really great and successful open-source chess game. Gerçekten harika ve başarılı bir açık kaynak satranç oyunu.,5,0,0.18.2,0.18.2,2026-01-10 20:03:41,,,Lichess,Google Play,en,us,2026-04-17 17:51:35,2026-01-06
1b0e0f21-b351-4bd1-914e-b4ee1e78db92,saurin parikh,in my their is no option of play with friends,5,0,0.18.2,0.18.2,2026-01-10 06:38:39,,,Lichess,Google Play,en,us,2026-04-17 17:51:35,2026-01-06
81510e82-42b4-4ada-b42e-8bf1bbc6e9ce,Meena Tutorials,it's just too good,5,0,0.18.2,0.18.2,2026-01-10 03:25:05,,,Lichess,Google Play,en,us,2026-04-17 17:51:35,2026-01-06
f723af46-a40b-4e91-9db1-5d9c34e0699f,Hashir Islam,"This is the best app to play and learn chess. However, its main issue is that it lacks appeal in terms of looks and animations. If it had the following things it would become the best chess app: 1. Profile Pictures sittings. 2. Some adjustments are needed in Review and Analysis like eye-catching animations and game play rating level etc. 3. Organisation of Bots and Lessons. 4. Personal Coach for assessment. It will make it more organised and better, please Lichess team make these changes.",5,47,0.18.2,0.18.2,2026-01-09 19:58:06,,,Lichess,Google Play,en,us,2026-04-17 17:51:35,2026-01-06
fe9d46c6-2028-460b-bdcd-5636844758c9,Kivinkirk Baydal,May I suggest that you put a brilliant move on the analysis so that our move will be appreciated,3,5,0.18.2,0.18.2,2026-01-09 01:26:04,,,Lichess,Google Play,en,us,2026-04-17 17:51:35,2026-01-06
abfddc56-7ef3-4588-aa8f-58c82667d1e7,Harshil Suresh,I love this app,4,0,0.18.2,0.18.2,2026-01-08 16:46:30,,,Lichess,Google Play,en,us,2026-04-17 17:51:35,2026-01-06
77f2e80c-7658-44b9-8d08-2efc10c03d89,Titumir Al Karim,Would it be possible to add a Swiss-system tournament arrangement feature to the app?,5,0,0.18.2,0.18.2,2026-01-08 13:48:59,,,Lichess,Google Play,en,us,2026-04-17 17:51:35,2026-01-06
a56c9b56-3c43-4c96-a464-a3b59c7239b0,Jay Robb,I've been an avid lichess patron for years. Lichess is always the best!,5,0,0.18.2,0.18.2,2026-01-08 13:34:36,,,Lichess,Google Play,en,us,2026-04-17 17:51:35,2026-01-06
11ec4bf2-aff1-4efb-bfc2-1d4ae14223e0,Jaisen Masake,"if you play chess you know this feeling of sacrificing ""THE ROOK!!??""",4,0,0.18.2,0.18.2,2026-01-07 22:58:58,,,Lichess,Google Play,en,us,2026-04-17 17:51:35,2026-01-06
67b42dab-1f31-41c1-a061-e034c105e7da,Arib Salman Butt,best chess app,5,1,0.18.2,0.18.2,2026-01-07 12:48:35,,,Lichess,Google Play,en,us,2026-04-17 17:51:35,2026-01-06
6a43a459-8c9b-4d9b-aa99-a2e6d561ca3a,What's in a name?,"Great app. Free and open-source, unlike the other company. Please allow us to save puzzles that we enjoy",5,2,0.18.2,0.18.2,2026-01-07 11:03:48,,,Lichess,Google Play,en,us,2026-04-17 17:51:35,2026-01-06
c9edb73e-92b3-44d6-b5ee-ac79a882a36b,Azz Thom,"I have no idea who created the puzzles, but they might want to learn to play chess. Just awful ideas of the ""best move"".",1,3,0.18.2,0.18.2,2026-01-07 00:59:34,,,Lichess,Google Play,en,us,2026-04-17 17:51:35,2026-01-06
c652a691-f6ad-45d9-acb2-0a5d467689f6,TEJA NARASIMHA,it is better to add to make profile pic format,5,0,0.18.2,0.18.2,2026-01-06 19:40:45,,,Lichess,Google Play,en,us,2026-04-17 17:51:35,2026-01-06
8877e599-0a0a-4491-b383-fc5f2bdfe4f0,Jiarul Mallick,"Greatful for having this app. one suggestion — you can add UPI to receive donation; it will increase your collection massively. A lot of Indian are habituate to UPI; you must try this suggestion. Moreover try to make the processing charge to zero, like setting up an Indian server.",5,0,0.18.2,0.18.2,2026-01-06 19:36:15,,,Lichess,Google Play,en,us,2026-04-17 17:51:35,2026-01-06
08f152d0-f531-4fa6-aed0-e7349a5dff6d,Karasu Tengu,"pretty good app especially since everything is free, the only slight problems I'm experiencing are that the analasys sometimes just stops working when you make moves to quickly and that when you accidentally click on a game in the explorer while analyzing something you can't go back to your previous analysis. without those issues this would for sure be a 5 star app.",4,0,,,2026-01-06 09:17:36,,,Lichess,Google Play,en,us,2026-04-17 17:51:35,2026-01-06
e640025e-46fa-4788-9119-f0f748ba80fa,MHK,The UI is much cleaner than the legacy lichess app,5,3,0.14.14,0.14.14,2026-01-06 00:39:02,,,Lichess,Google Play,en,us,2026-04-17 17:51:35,2026-01-06
0cf58b42-9a10-4a9a-ba9f-031f5357fbaa,EL Yassaâ,Whomever worked on this app has done an incredible job! congrats to Lichess developers on all the great work. One of the best open source projects out there.,5,1,0.18.2,0.18.2,2026-01-06 00:09:33,,,Lichess,Google Play,en,us,2026-04-17 17:51:35,2026-01-06
cc991f35-ec72-4c3d-b2ad-d9f668b3048e,Mwenecho Harawa,excellent app for analysis,5,0,0.8.17,0.8.17,2026-01-05 17:10:15,,,Lichess,Google Play,en,us,2026-04-17 17:51:35,2025-12-30
3cc438e8-804c-460c-a42f-94c4264419dc,Shakun Jhawar,The website is WAY BETTER then this. Please do not download this as you will take ages to get used to this. You probably can not change the piece set too.,1,2,0.18.2,0.18.2,2026-01-05 13:56:14,,,Lichess,Google Play,en,us,2026-04-17 17:51:35,2025-12-30
c272dfdd-6f8c-438a-9216-b927b9a58f82,Phani Kumar Siddam,"The app works well, but the chessboard must be transparent so the background remains visible. Please update this.",3,0,0.18.2,0.18.2,2026-01-05 12:14:59,,,Lichess,Google Play,en,us,2026-04-17 17:51:35,2025-12-30
6f66fce7-3c39-42e0-8ae2-771b03e5b01a,Саша Саша,"the app is perfect but i found few differences between it and the website 1 - no 3d view on the board 2 - difficulties seem different and there is no rating information in it. hard (+300), for instance 3 - i couldn't find a game against a computer. it's literally on the home page on website but i didn't find it anywhere in the app",4,3,0.18.2,0.18.2,2026-01-05 09:19:00,,,Lichess,Google Play,en,us,2026-04-17 17:51:35,2025-12-30
51083094-0fa8-494d-971c-ed36c8901bd1,Ruben u,"Really like the new app. Feels smoother and more modern. Things I would like to see added: 1) Miliseconds in game and in analysis (game recap) can be made an option in boardsettings 2) Additional warning sound, select manual in boardsetting, extra checkmark for repeat 3) In profile, top three openings for white and black (so 6 total) within the different game mode. (Bullet, blitz, rapid and classical)",5,57,0.18.2,0.18.2,2026-01-04 15:56:34,,,Lichess,Google Play,en,us,2026-04-17 17:51:35,2025-12-30
208a901e-ae60-4281-b388-e964f1614679,Ak 1,"Pre move not work in End Game, when opponent move after 4-5 seconds. I loose dozens off matches due to this bug, premove not work in endling.",1,1,0.18.2,0.18.2,2026-01-03 09:45:04,,,Lichess,Google Play,en,us,2026-04-17 17:51:35,2025-12-30
07f73aeb-01e3-41b0-b9c6-7d8934c22fdd,Tsepo Morojele,"Not bad; has no controls to prevent cheating unlike chess. com, which because of this, to me is the superior of the two.",2,0,0.18.2,0.18.2,2026-01-03 08:05:04,,,Lichess,Google Play,en,us,2026-04-17 17:51:35,2025-12-30
515b99e0-09f7-4563-b853-d50097b2c591,Vijay Kumar,nice app 🙏🙏🙏,1,0,,,2026-01-02 21:09:37,,,Lichess,Google Play,en,us,2026-04-17 17:51:35,2025-12-30
a7337944-91c8-45dd-9904-72efe7b78add,Ravdeep Singh,it's good,5,1,0.18.2,0.18.2,2026-01-02 16:31:19,,,Lichess,Google Play,en,us,2026-04-17 17:51:35,2025-12-30
cfe4a06b-b4cf-4573-9454-caed1a85b82d,CHeDDa_BOB,"cheaters run rampant on this app, mainly coming from the Middle East.",1,1,0.18.2,0.18.2,2026-01-02 07:39:47,,,Lichess,Google Play,en,us,2026-04-17 17:51:35,2025-12-30
a27b1c02-1be7-4181-ac94-9babaa44e652,Sander Skjegstad,This one is still pretty terrible compared to the legacy version. Basic things like being able to pull out the sidebar while doing something else to access the settings is not possible.,1,5,0.18.2,0.18.2,2026-01-02 04:09:29,,,Lichess,Google Play,en,us,2026-04-17 17:51:35,2025-12-30
0ffd883f-0ae1-4c25-ab2d-00bbf4db42a7,Jiří Lebl,"no nonsense chess app, focused on the game.",5,1,0.18.2,0.18.2,2026-01-01 18:05:16,,,Lichess,Google Play,en,us,2026-04-17 17:51:35,2025-12-30
6ddcd59d-3012-4cdf-87cc-b1d3b9caa262,Jonathan Moonsamy,very good app it's very good you get to play with your friends and other people good job and you get to play stockfish and tourments,5,1,,,2026-01-01 17:57:11,,,Lichess,Google Play,en,us,2026-04-17 17:51:35,2025-12-30
abdf72b5-cb67-4319-94e5-18d0b844b7bc,Muhammad Hafiz Mukhlis,"cant login my account, authorize didnt respon",2,0,0.18.2,0.18.2,2026-01-01 13:05:01,,,Lichess,Google Play,en,us,2026-04-17 17:51:35,2025-12-30
10d637fa-3f3e-4cc9-ab63-3aef1bf3e4a0,Daryl Wilkinson,"dont bother i spent 30 mins trying different usernames to register all are taken, stupid idea",1,0,,,2025-12-31 17:40:08,,,Lichess,Google Play,en,us,2026-04-17 17:51:35,2025-12-30
17358cfc-1b75-4f94-abf4-170460f4be80,John Makuyana,Tym controls are a mess,5,1,0.18.2,0.18.2,2025-12-30 20:34:04,,,Lichess,Google Play,en,us,2026-04-17 17:51:35,2025-12-30
13ff6bcb-118e-458a-80bd-0895be57471e,Oleksandr Maksymikhin,"After the app installation I get no icon to launch it. To launch the app I have to go to Play market > find the app > press Play. And the icon of Legacy Lechess also disappieted from my smartphone. To launch the legacy Lechess I also had to go to Play market. If it matters, I use Samsung A40 with Android 11. Also installed the app to the old Redmi 8 with Android 10 -> everything works, both app and icon.",5,5,0.18.2,0.18.2,2025-12-30 15:54:57,,,Lichess,Google Play,en,us,2026-04-17 17:51:35,2025-12-30
424a69be-c87a-4641-9811-32586a9d490c,Luffy MONKEY,this is a pethic game it move automatically peices without moving,1,0,0.18.2,0.18.2,2025-12-30 15:03:00,,,Lichess,Google Play,en,us,2026-04-17 17:51:35,2025-12-30
32b073d6-565d-4924-bf5b-ccad09e1bf8e,JUBY K GEORGE,amazing game! I like this chess game.,5,0,,,2025-12-30 12:55:03,,,Lichess,Google Play,en,us,2026-04-17 17:51:35,2025-12-30
114063ae-661f-413f-9258-4e192fe29eb7,Ben Johnson,"Devs, sign in is 100% broken on my Pixel 10 Pro. clicking either button is a no-op.",1,1,0.18.2,0.18.2,2025-12-29 15:29:05,,,Lichess,Google Play,en,us,2026-04-17 17:51:35,2025-12-23
b96d791b-bc90-49d7-abc9-beae636706f4,Paan,"I can't sign in to my account, and keep loading at the authorization page. What a disappointment.",1,0,,,2025-12-29 10:45:06,,,Lichess,Google Play,en,us,2026-04-17 17:51:35,2025-12-23
3dbf9841-760f-42b6-8eb0-f0a1455a75fc,alireza,the best chess website and the worst chess app. 1 star is more than this app deserves.,1,1,0.18.2,0.18.2,2025-12-29 10:37:11,,,Lichess,Google Play,en,us,2026-04-17 17:51:35,2025-12-23
62a1bfc1-12c3-47a3-8eb8-c7f9df26bc39,Rosa Rautiainen,"used to be a great app, after the redesign I have to restart it over and over again to get it working again.",1,3,0.18.2,0.18.2,2025-12-28 10:40:02,,,Lichess,Google Play,en,us,2026-04-17 17:51:35,2025-12-23
3d9e9f71-5e4b-46ba-bf99-5e0c89440e9f,Muhammad Mubashir Toor,"One Of My Favourite Chess Apps... Better Than All Others...All Features Are Great.... Especially That It is Totally Free...No Require Premium... ""Caught And Block Cheaters"" Feature Is Also Admirable...Only I Suggest You That Please Add ""Choose Custom Colour (White or Black) To Play"" Feature Again... I Think It Will Be The Biggest Advantage Of This Against Other Apps...",5,0,,,2025-12-28 10:00:45,,,Lichess,Google Play,en,us,2026-04-17 17:51:35,2025-12-23
5d967d79-a35a-4af4-8d1f-fd4c381ed50f,Sabir A.,"The app authorize does not work at all. Android 11, MUI 12.2.2.",4,0,0.18.2,0.18.2,2025-12-27 17:32:52,,,Lichess,Google Play,en,us,2026-04-17 17:51:35,2025-12-23
386a438a-7058-41ef-937e-69dd18056aae,jazon baltazar,"This got to be the best app. The puzzles are a 10/10, the learning learning tab is very good.",5,0,0.18.2,0.18.2,2025-12-27 13:42:24,,,Lichess,Google Play,en,us,2026-04-17 17:51:35,2025-12-23
a23ed7e8-b723-4da2-85d4-3240e0697da8,Srajan R Aithal,"Used to be better. Ping spikes are very high, more than 1300ms, unplayable in blitz or bullet tournaments.",1,3,0.18.2,0.18.2,2025-12-27 12:15:35,,,Lichess,Google Play,en,us,2026-04-17 17:51:35,2025-12-23
751b2e1b-5ce8-4a13-a8d3-1750de5162e6,Pasha yashar,Be aware: This app uses AI-controlled opponents. That’s why many players can’t progress beyond a certain rank — the ranking system is controlled by AI.,1,4,0.18.2,0.18.2,2025-12-27 11:39:43,,,Lichess,Google Play,en,us,2026-04-17 17:51:35,2025-12-23
8f359a98-01ef-4f99-87d1-40a3b44b5b4f,kennedy Odhiambo,"garbage,spent the last hour trying to get past login screen to no avail",2,0,0.18.2,0.18.2,2025-12-27 10:56:17,,,Lichess,Google Play,en,us,2026-04-17 17:51:35,2025-12-23
155a8e76-4333-4d20-9412-fef08999232a,नीतीश सिंह,can a human move 20 moves in less than a second? in a limited time game with no time increment how can anyone move continuously and his time still remains the same less than a second? it's rubbish.,1,0,,,2025-12-27 08:12:00,,,Lichess,Google Play,en,us,2026-04-17 17:51:35,2025-12-23
2048e29a-aae6-4470-8d69-e9a947d9c720,JR Villanueva,All players are AI fast play no mistakes,1,0,0.18.2,0.18.2,2025-12-27 07:29:09,,,Lichess,Google Play,en,us,2026-04-17 17:51:35,2025-12-23
03df6777-9538-48da-b2e7-cd32776cecbf,Vishal Tiwadi,"The new update is pure trash.. Computer analysis gone, offline vs computer gone, PGN uploaded from website can't be found... It's a nightmare. Bring the old app back. I'm not removing the 1 star until then..",1,1,,,2025-12-27 07:20:24,,,Lichess,Google Play,en,us,2026-04-17 17:51:35,2025-12-23
e80456f5-0c9f-43ca-8e8a-d31a7b863f2a,Сергей Кокурин,I have Honour x9d and the latest version of your app. There is no optio to play against stockfish locally,4,0,0.18.2,0.18.2,2025-12-27 04:30:08,,,Lichess,Google Play,en,us,2026-04-17 17:51:35,2025-12-23
45b95408-5658-4634-9c89-25bc54796f66,Rohan Tanbir,"1.annoying over the board pieces orientation, no way to stop it. 2. Played by AI opponent, not real people. 3. pieces are not visible unbelievable!",1,6,0.18.2,0.18.2,2025-12-26 09:29:23,,,Lichess,Google Play,en,us,2026-04-17 17:51:35,2025-12-23
d9bb38f9-39d4-46aa-a119-d64a19059ceb,Aarav Sharma,I tried login but I couldn't they didn't send the mail and when I played the game there was no elo/rating of the other person or the opponent,1,0,,,2025-12-26 09:17:52,,,Lichess,Google Play,en,us,2026-04-17 17:51:35,2025-12-23
e10117c2-7cc6-435b-a4bd-a533496d1924,Martín Xolalpa,I love the collection of puzzles on the app,5,1,0.18.2,0.18.2,2025-12-26 08:54:47,,,Lichess,Google Play,en,us,2026-04-17 17:51:35,2025-12-23
afdd5692-7bdf-4c3a-a1df-6704f1d711ed,Rafiq Shar,there should be option in analysis where the moves like brilliant or blunders should be shown. others moves like good or normal are shown but brilliant or blunders are not shown. if this option is added it will be easy to understand the game mistakes and analysis will be good.,3,1,0.18.2,0.18.2,2025-12-26 07:04:35,,,Lichess,Google Play,en,us,2026-04-17 17:51:35,2025-12-23
453810d2-f1ee-40bd-a6f7-a49536d00001,Yogi Phani 79,Regularly Iam playing with strong players and improve my game allot.I like lichess very much.Thanks to team.,5,1,0.18.2,0.18.2,2025-12-26 04:51:30,,,Lichess,Google Play,en,us,2026-04-17 17:51:35,2025-12-23
bcb8efee-6b26-4c2a-8acf-fefeaad688b3,Tushar Nag,Ui is not working it freezes after a few minutes I'm not sure but after opening your rating graphs it stops working,2,0,0.18.2,0.18.2,2025-12-26 04:11:40,,,Lichess,Google Play,en,us,2026-04-17 17:51:35,2025-12-23
1753f5b9-1b2b-4e53-8326-a5be3fd7d081,Tom Hathaway,app is kinda bad. was prepared to put up with that until I got a an unacceptable message from one of their moderators. uninstalled,1,1,,,2025-12-25 22:39:10,,,Lichess,Google Play,en,us,2026-04-17 17:51:35,2025-12-23
6df27eb2-8a22-4c20-b856-6fd9fe89df04,Himanshu Beflawat,material ui update is so good,5,0,0.18.2,0.18.2,2025-12-25 09:12:45,,,Lichess,Google Play,en,us,2026-04-17 17:51:35,2025-12-23
4c9e9338-1f99-49b8-9a2c-31199d5d5f42,Ed Pollan,excellent game to play,5,0,0.18.2,0.18.2,2025-12-25 02:26:41,,,Lichess,Google Play,en,us,2026-04-17 17:51:35,2025-12-23
58f95f32-ff9e-4b22-a86e-6ab957a2dedd,Avideep Singh,Best free open source,5,0,0.18.2,0.18.2,2025-12-24 23:20:12,,,Lichess,Google Play,en,us,2026-04-17 17:51:35,2025-12-23
1425695f-7e54-4d5e-b294-cdfc5091458e,Sam Griffiths,new app sucks,1,0,0.18.0,0.18.0,2025-12-24 20:34:26,,,Lichess,Google Play,en,us,2026-04-17 17:51:35,2025-12-23
c281cc44-d7c4-484c-86be-6a9123a71bf9,Omar taz Ardi,Just the best. Better than your known one trust me.,5,0,0.18.2,0.18.2,2025-12-24 18:39:45,,,Lichess,Google Play,en,us,2026-04-17 17:51:35,2025-12-23
fcb7623d-9b6c-4db0-b87a-9a0cdb94fb96,Mr Sunny,"Pleasantries, your platform is ok, however my experience with it is very annoying, I am in a 3rd world country with EXTREMELY BAD network connections that very frequently turn off, this is viewed by your app as logging off during games and then i get unjustly logged out and penalized. fix your app to detect this or scrap out that whole part of the gaming experience it's counterintuitive and unjust",3,0,,,2025-12-24 18:27:53,,,Lichess,Google Play,en,us,2026-04-17 17:51:35,2025-12-23
567849fa-98e7-4074-8eee-ee39ab282ae0,Joydeep Roy,what in the greatest world of God whenever I back any part of lichess it return back and frozen on my screen unable to let me do other things like puzzle and all what the heck fix this update,1,1,0.18.2,0.18.2,2025-12-24 12:06:29,,,Lichess,Google Play,en,us,2026-04-17 17:51:35,2025-12-23
a86ea857-0352-4235-9a34-2a34f1419b10,Michael Sullivan,Kudos to all the volunteers that make LiChess so great. The best platform out there.,5,0,0.18.2,0.18.2,2025-12-24 06:01:39,,,Lichess,Google Play,en,us,2026-04-17 17:51:35,2025-12-23
021b5244-b993-4271-8095-77eadb08b3c0,Tukaram Todkari,"Too many bugs, application stop working. No touch available on the screen so I need to restart the app again to make it work....",2,0,0.18.2,0.18.2,2025-12-23 11:53:39,,,Lichess,Google Play,en,us,2026-04-17 17:51:35,2025-12-23
60a34b61-e2aa-4202-8f06-9374c69c496d,Clash of Clan Main Account,i think the report system is trash too many cheaters theres no way they can find all the top engine moves in blitz,1,1,,,2025-12-23 11:08:03,,,Lichess,Google Play,en,us,2026-04-17 17:51:35,2025-12-23
b5d41967-c74a-4bdb-9e60-720e5745878d,Divyam Sharma,"As a professional player,if you want a good and serious chess players like that of a tournament,lichess is best for that. Its the best training,lessons,playing,analyzing game which involves a lot of categories for puzzels. And the best thing about it is that its 100% free. If you are a chess player,lichess is a must to install and used app. also donate to the lichess to encourage this amazing creation of the devlopers. 10/10",5,38,0.18.2,0.18.2,2025-12-22 20:21:44,,,Lichess,Google Play,en,us,2026-04-17 17:51:35,2025-12-16
f3f299e3-c013-4c6d-940b-1580bfa004e8,Nimrod Pasaporte,This is the best chess app because it has no ad and app purchases and you can play this online or offline and Plus it's high quality (recommended)😎,5,0,0.18.2,0.18.2,2025-12-22 07:24:30,,,Lichess,Google Play,en,us,2026-04-17 17:51:35,2025-12-16
d70bdfe4-c1d0-4a61-91c8-c124f772370c,Eugene Nwigwe,Frustrating and not very beginner friendly. If you're brand new to chess or online chess platforms please stay away from this one.,2,2,0.18.2,0.18.2,2025-12-21 23:43:02,,,Lichess,Google Play,en,us,2026-04-17 17:51:35,2025-12-16
4f4f0a58-50c7-4fcd-8877-bc33acd8dc27,Chedo Wegarik Domba,I have learned everything on this app best for learning and analysis it's completely free and I love playing.The boards are very fast and goes smooth I love it I don't have words to describe It's just Amazing 🤩,5,15,0.18.2,0.18.2,2025-12-21 19:53:18,,,Lichess,Google Play,en,us,2026-04-17 17:51:35,2025-12-16
a2425ad4-32f5-4a71-9449-eaad75f5e1eb,Yash Pedhekar,to much lag,1,0,0.18.2,0.18.2,2025-12-21 12:23:47,,,Lichess,Google Play,en,us,2026-04-17 17:51:35,2025-12-16
9d23d88e-eb1a-4f19-b3b1-07d8f6dd15f0,ruturaj bankar,"Excellent chess app! ♟️ Lichess is completely free and very smooth. It has puzzles, analysis, and online games. Best app to improve chess skills. Highly recommended. ⭐⭐⭐⭐⭐",5,18,0.18.2,0.18.2,2025-12-21 11:39:54,,,Lichess,Google Play,en,us,2026-04-17 17:51:35,2025-12-16
83851715-714b-4ddf-b02b-2ab376651320,anton kasalika,It is great only that they should add more analysis features and its also boring that you are 2000 rated and they play you 1800 rated players,3,0,0.17.12,0.17.12,2025-12-20 15:05:57,,,Lichess,Google Play,en,us,2026-04-17 17:51:35,2025-12-16
5d3bb06f-730f-4414-b0af-caa27ecacaab,Paul Eboselume,Crashes every 2 minutes,3,0,0.18.2,0.18.2,2025-12-20 07:20:44,,,Lichess,Google Play,en,us,2026-04-17 17:51:35,2025-12-16
e9efe532-904a-40a6-82c1-f12a5c00ac21,Sajid,Addicted to chess,5,0,0.18.2,0.18.2,2025-12-19 13:03:11,,,Lichess,Google Play,en,us,2026-04-17 17:51:35,2025-12-16
23c5b27e-f1d8-4b90-ae0e-392db1df54ae,Randle John Lamina,10/10. Would recommend.,5,0,0.18.2,0.18.2,2025-12-19 04:24:11,,,Lichess,Google Play,en,us,2026-04-17 17:51:35,2025-12-16
09658f72-732c-43e0-a921-d5b733b5aedd,Mars Ryan,very nice.,4,0,0.18.2,0.18.2,2025-12-18 15:55:12,,,Lichess,Google Play,en,us,2026-04-17 17:51:35,2025-12-16
b8a5a836-404a-413f-a665-9d78281dde26,Martin Yau,connections are quite bad,2,0,,,2025-12-18 15:11:52,,,Lichess,Google Play,en,us,2026-04-17 17:51:35,2025-12-16
ac13c4bc-55c7-41aa-946b-8887e55640e3,Bhupinder,"Very useful chess app, puzzles are free and experience is smooth. Very nice app 🐱👍",5,0,0.18.2,0.18.2,2025-12-18 10:45:23,,,Lichess,Google Play,en,us,2026-04-17 17:51:35,2025-12-16
002ee0bc-9d48-4d27-8312-2f753da8bc32,SHEPHERD SYDNEY,Am a best and my chess game is best,5,0,0.18.2,0.18.2,2025-12-18 06:20:40,,,Lichess,Google Play,en,us,2026-04-17 17:51:35,2025-12-16
f37124b9-64e4-4d57-a723-f5d89841f399,SANATAN BAGARIA,"i have no idea, why there is a network issue in this app, I am so done with this issue.",1,1,0.18.2,0.18.2,2025-12-17 18:20:50,,,Lichess,Google Play,en,us,2026-04-17 17:51:35,2025-12-16
5ad271d9-d6a4-48eb-921c-8cf1c5bc36c5,Matt Britain,"Great app generally with lots of free content useful to new players, however, volume of cheaters is significantly higher than others platforms. Destroys the playing experience and integrity of the game. LiChess is one of the worst for it, probably as its donation only, so resources to monitor is limited. Would recommend more serious players revert to more established pay-for apps.",2,1,,,2025-12-17 03:24:34,,,Lichess,Google Play,en,us,2026-04-17 17:51:35,2025-12-16
ec98f380-5160-48a1-b71b-0b266087d654,ummah habiba,A good game for learning chess,5,0,,,2025-12-16 15:46:20,,,Lichess,Google Play,en,us,2026-04-17 17:51:35,2025-12-16
980f0780-9f95-4efe-b9cb-d0445b6204a5,HARSH KUMAR TRIPATHI,seriously it's underrated 😭,5,0,,,2025-12-16 09:21:37,,,Lichess,Google Play,en,us,2026-04-17 17:51:35,2025-12-16
d74cb152-2a76-4611-870c-10ed8dcdce23,"It Runs, Idk How","While the UI is a massive improvement over the previous one, you removed the one feature that made me play lichess instead of the other chess games, offline stockfish. Please give us offline bots to play with I beg you 🙏",3,1,0.18.2,0.18.2,2025-12-15 18:31:44,,,Lichess,Google Play,en,us,2026-04-17 17:51:35,2025-12-09
e873d191-cff6-4879-bf44-ed02e273cce9,Kyle Ford,the puzzle streak challenge is by far the best way to increase your chess strength and rating,5,0,0.17.8,0.17.8,2025-12-15 00:19:49,,,Lichess,Google Play,en,us,2026-04-17 17:51:35,2025-12-09
7ca947b2-abf1-49ba-bf72-4266c01877cf,ANGEL GONZALEZ,"I am being impeded, from checkmating. Some sort of a.i, or kb cheating format. Must be formally addressed.",1,1,0.18.2,0.18.2,2025-12-14 21:03:19,,,Lichess,Google Play,en,us,2026-04-17 17:51:35,2025-12-09
d049f554-ecdc-4f01-b920-33efcc12434d,Krixl Duke,doesnt support free speech,1,0,0.18.2,0.18.2,2025-12-14 17:26:49,,,Lichess,Google Play,en,us,2026-04-17 17:51:35,2025-12-09
bffbb199-cd34-4876-9a4a-1d57c692f885,David Balogun,"I seriously don't get all the bad reviews. Almost like people forget this is open source. Great free content, unlimited puzzles at different difficulties, and can study user made mini courses. The UX is much cleaner and fresh too. Edit okay, new bug, needing to tap pieces multiple times before they move. Games unplayable. I literally came here after I got flagged trying to move my queen away from a square. I'm rated 1500 so no excuses about not knowing the rules.",1,14,0.17.8,0.17.8,2025-12-14 13:48:18,,,Lichess,Google Play,en,us,2026-04-17 17:51:35,2025-12-09
b480eeec-f980-4b3b-9747-25fca1ca11c5,Saurav Parajuli,this app was the best chess app but with this update and users interface change it not good,1,1,,,2025-12-14 10:21:57,,,Lichess,Google Play,en,us,2026-04-17 17:51:35,2025-12-09
e18c8da1-df40-46fc-a1c1-052c91266ee3,Asmit Thakur,"when i analyse after puzzles or games. it works sometimes but other times it randomly doesn't work at all. I can't see any evaluation. i tried changing settings, turning off server analysis. nothing worked",3,5,0.18.2,0.18.2,2025-12-14 03:45:16,,,Lichess,Google Play,en,us,2026-04-17 17:51:35,2025-12-09
59e8869a-a1c3-4e5d-99b7-b11db00fe4d1,Busisiwe Mazibuko,"It's a really good game,requires a lot of thinking skills and strategies",4,1,0.18.2,0.18.2,2025-12-13 20:53:03,,,Lichess,Google Play,en,us,2026-04-17 17:51:35,2025-12-09
ce76ee18-5b1d-4941-8143-10242427c64a,Puppet,"if you are close to the server locations then this is a better choice for a chess app, but if you're far away from the server I don't recommend this because your ping will be in the 1000ms(not good for bullet), I lose MAJORITY of MY GAME because the ping is high even though I have 5G network..",2,1,0.17.8,0.17.8,2025-12-13 16:55:55,,,Lichess,Google Play,en,us,2026-04-17 17:51:35,2025-12-09
5b165c2e-2213-465f-abe6-6922d718bf9e,Begenç Ýazdurdyýew,"the game is absolutely trash, I syggest to play chesscom.",1,0,,,2025-12-13 13:24:39,,,Lichess,Google Play,en,us,2026-04-17 17:51:35,2025-12-09
a68812fa-fd91-4447-88c6-20b2a53114b7,Manish Bhandari,"why this lacks basic features like game lobby, needs massive improvement. a mobile version of web will be 10 times better than this 😞",1,1,0.18.2,0.18.2,2025-12-13 09:16:46,,,Lichess,Google Play,en,us,2026-04-17 17:51:35,2025-12-09
35223fb5-960f-42ba-b5f2-c80c2262649a,Tareg Soliman,I enjoy this game a lot,5,0,0.15.11,0.15.11,2025-12-13 07:30:00,,,Lichess,Google Play,en,us,2026-04-17 17:51:35,2025-12-09
4d227166-e399-4776-9199-13be31e94857,KARTIK IYER,yes very good game very nice game,5,0,0.18.2,0.18.2,2025-12-12 13:10:53,,,Lichess,Google Play,en,us,2026-04-17 17:51:35,2025-12-09
4b50ea2b-c875-4fbe-93e3-3aba0aacbef4,Bibek Paul,BEST OF CHESS,5,1,0.18.2,0.18.2,2025-12-11 21:05:46,,,Lichess,Google Play,en,us,2026-04-17 17:51:35,2025-12-09
1a447b81-5dbe-4ee5-a7cc-44569b24a1bd,Behzodbek Muxtorjonov,good game,5,1,0.18.2,0.18.2,2025-12-11 16:42:00,,,Lichess,Google Play,en,us,2026-04-17 17:51:35,2025-12-09
fc4c330e-9c8f-43d8-a4e8-4252b175a081,734gman,"had to install a second time just to rate. anybody else have it work fine until you have ten seconds left, then suddenly your screen wont register you hitting it repeatedly?",2,0,,,2025-12-11 08:39:21,,,Lichess,Google Play,en,us,2026-04-17 17:51:35,2025-12-09
dca666c1-645b-4a64-9fad-2eed1bcebb8b,J D,I would like to try the app but I cant register. It says the name I chose is good but when I click register it just goes back to the username box no matter what name I try to use. under the contact tab I cant leave a message so no way to use the app,1,5,0.18.2,0.18.2,2025-12-10 18:30:05,,,Lichess,Google Play,en,us,2026-04-17 17:51:35,2025-12-09
581c33ef-d03b-4592-b8d5-690e3b66ce2c,Yuta Osukar,Good game and fun to play,5,0,0.18.2,0.18.2,2025-12-10 15:27:20,,,Lichess,Google Play,en,us,2026-04-17 17:51:35,2025-12-09
1d93e614-f469-42d5-94ba-4e47221d47d5,Sarvesh Potdar,best chess app,5,0,,,2025-12-10 10:05:11,,,Lichess,Google Play,en,us,2026-04-17 17:51:35,2025-12-09
4fafba71-713a-447f-9e2a-c1a751428e8d,Kayode Agunloye,"Why not improve on the old app, both are free but not good enough.",2,0,,,2025-12-10 03:31:32,,,Lichess,Google Play,en,us,2026-04-17 17:51:35,2025-12-09
b4e0886e-caf8-4cd1-9281-9f1bff8b256f,Пастухов Владимир,It is addictive and takes a huge amount of time from your life,1,0,,,2025-12-09 18:28:20,,,Lichess,Google Play,en,us,2026-04-17 17:51:35,2025-12-09
872d52e0-2313-44fb-9f01-4602b68f293a,Ryan Varghese,incredible now I just need to learn how to play,5,1,0.18.2,0.18.2,2025-12-09 04:41:33,,,Lichess,Google Play,en,us,2026-04-17 17:51:35,2025-12-09
dbf3e3a1-a613-4112-b89f-e3f2fe6e5c00,çèdskîê tv,Nice app,5,1,0.18.2,0.18.2,2025-12-08 13:04:27,,,Lichess,Google Play,en,us,2026-04-17 17:51:35,2025-12-02
85ea718c-4924-47c3-9db0-e35adc79c7ee,Nothing Nothing,"It has everything the chess app market has to offer for free. There's no need to use any other app. Also, it has a huge player base which makes finding games easy.",5,1,,,2025-12-07 18:53:26,,,Lichess,Google Play,en,us,2026-04-17 17:51:35,2025-12-02
496ed20c-7bca-4298-b242-dd2e0dfd8b6c,Aiden Richmond,"I previously would have rated it a solid 4 or 5 stars. But I got a new phone and it made me use the new app. The new app doesn't let me play against bots offline. So I made an account to play against bots online, only to find out the bots won't let me play against them with unlimited time. So screw that. I've looked it up to see if it's possible, and I can't find anything. So that's it for me. I'm not waiting around for this to change, I imagine it never will. So I'm finding a different app.",1,8,0.18.2,0.18.2,2025-12-07 16:49:06,,,Lichess,Google Play,en,us,2026-04-17 17:51:35,2025-12-02
988d8ea8-6cbc-487a-968a-27dca6784144,Arthur Grig,I understand it is free but its a trash.,1,0,,,2025-12-07 11:03:47,,,Lichess,Google Play,en,us,2026-04-17 17:51:35,2025-12-02
4790f854-8c5d-4038-8208-a3807ea86532,Thanuja Kumari,this is not good,5,0,,,2025-12-07 10:08:38,,,Lichess,Google Play,en,us,2026-04-17 17:51:35,2025-12-02
cc8b8637-6741-46b7-b2d2-cd9566c3e3e9,Pawan Suryavanshi,"I have been playing on lichess for more than 7 years and I absolutely love it. I have the following suggestions for the app's new interface. Now while watching online games, the screen gets timeout automatically. This was not the case with the previous interface. Please update the functionality as we have to increase our screen timeout time every time.",5,1,,,2025-12-07 05:19:38,,,Lichess,Google Play,en,us,2026-04-17 17:51:35,2025-12-02
e18b051f-b423-4528-b38b-537d2126a38a,Peter Berezyuk,don't waste your time.,1,1,0.18.2,0.18.2,2025-12-06 21:22:01,,,Lichess,Google Play,en,us,2026-04-17 17:51:35,2025-12-02
36593b95-4616-42b8-84da-7d01911c8b44,Chad B. L.,So many people cheating lmao.,1,3,0.18.2,0.18.2,2025-12-06 19:56:08,,,Lichess,Google Play,en,us,2026-04-17 17:51:35,2025-12-02
7afadf2a-67f3-4cf5-94c6-114dbbe57e24,Mark,"app lacks most functionality, use website instead (even if on android)",1,2,0.18.2,0.18.2,2025-12-06 17:19:09,,,Lichess,Google Play,en,us,2026-04-17 17:51:35,2025-12-02
caf17ef7-85da-4897-8175-05659a1e30ee,T,It's decent chess app the threats from the system are annoying with no ability to communicate back.,1,3,0.18.2,0.18.2,2025-12-06 15:10:55,,,Lichess,Google Play,en,us,2026-04-17 17:51:35,2025-12-02
4943a1d2-f089-4a63-869f-4630c936aa26,Srikar J V,The variants from the old app have been removed and only 960 is left now. Can they be brought back.,4,0,0.18.2,0.18.2,2025-12-06 08:30:14,,,Lichess,Google Play,en,us,2026-04-17 17:51:35,2025-12-02
7694a8a5-c7ad-4eed-bb6f-6fe3ade99e9a,Nirbhay Jain,worst app stokfish never works,1,1,,,2025-12-06 05:18:17,,,Lichess,Google Play,en,us,2026-04-17 17:51:35,2025-12-02
027fce71-db5f-4de3-acda-7d159c10b03a,Ravi Thakur,"it donot show play icons lile bullet blitz classic....very annnoying, how to start play. 0 star.",1,3,0.18.2,0.18.2,2025-12-06 03:50:17,,,Lichess,Google Play,en,us,2026-04-17 17:51:35,2025-12-02
06ebe777-7a31-443c-842a-fc8db573d6cd,Matthew Simon Salvacion,"this is clear that even a hard work of rating is like didn't payoff, whenever I am defeated, the cost of rating is higher than my own winning rating.",1,2,0.18.2,0.18.2,2025-12-06 02:19:46,,,Lichess,Google Play,en,us,2026-04-17 17:51:35,2025-12-02
780bc9ac-d5cb-46df-b8b2-bc014770b536,Bonnie Banks,"free, open source, does not allow bots to play offline. terrible, terrible business decision. bye.",1,3,0.18.2,0.18.2,2025-12-05 15:14:24,,,Lichess,Google Play,en,us,2026-04-17 17:51:35,2025-12-02
3ed29e42-b41e-4f35-99d8-38419a13a0d1,KhairulNadzmi Bin Md Yusoff,So much feature were missing. I get that you are trying to create this for free but please let us get the feature that was in pc,1,3,0.18.2,0.18.2,2025-12-05 12:45:54,,,Lichess,Google Play,en,us,2026-04-17 17:51:35,2025-12-02
2fa73a01-175d-4992-8172-b06465ecfd7e,1 2,cant play against the computer anymore. what a scam!,1,3,0.18.2,0.18.2,2025-12-04 21:43:15,,,Lichess,Google Play,en,us,2026-04-17 17:51:35,2025-12-02
b8338951-1e8c-4730-8f97-3fae6e2c951d,Rohit Kushwah,interface better than other app.,5,1,0.18.0,0.18.0,2025-12-04 12:21:31,,,Lichess,Google Play,en,us,2026-04-17 17:51:35,2025-12-02
76161887-877c-470a-8f88-3ba1dab03689,Zero Cool,Please add play with computer section.,4,0,,,2025-12-04 10:03:52,,,Lichess,Google Play,en,us,2026-04-17 17:51:35,2025-12-02
5d884518-4fe2-43fb-9181-92480e06b225,Ayush,I can't login at all.,1,0,,,2025-12-04 07:56:49,,,Lichess,Google Play,en,us,2026-04-17 17:51:35,2025-12-02
f703a43e-c9f8-435c-9913-9be51cea501c,Maharjanゼビッシュ,it's free and reliable,5,0,0.18.2,0.18.2,2025-12-04 07:22:02,,,Lichess,Google Play,en,us,2026-04-17 17:51:35,2025-12-02
ccbe28cd-975a-408f-b5bf-478852a9f253,Clare Amanna,You people seriously should improve your server. I use a 5G network in 5g area with full connectivity. Inspite of having excellent connection I am unable to play bullet games properly. The game suddenly freezes and I either lose some seconds on the clock or I lose the whole game because of timeout. It is very frustrating because I lose on time in winning positions. I have literally lost more than a 100 rating points due to this. Lichess is one of the worst chess servers.,1,26,0.17.12,0.17.12,2025-12-04 06:38:38,,,Lichess,Google Play,en,us,2026-04-17 17:51:35,2025-12-02
406b72c4-aa25-43e0-b2a6-b3c8429ae67a,Theodore,great ui update (I used the web app wpa on my browser for years and I just recently installed this app again) but please bring more features from the web version to the app like in the 'learn' section it is missing the 'chess basics' etc! but a very good app overall!,3,0,,,2025-12-04 00:52:51,,,Lichess,Google Play,en,us,2026-04-17 17:51:35,2025-12-02
aa1f2c4a-33ae-443f-b013-9bebe948c770,Partha Sarathi Acharyya,"I am using this app for long time. It's a excellent app, but now I fece some problem in my new 5G mobile set. It take lot of time to find out the opponent player.",4,0,0.18.2,0.18.2,2025-12-03 18:37:01,,,Lichess,Google Play,en,us,2026-04-17 17:51:35,2025-12-02
d568da3c-247b-4138-845a-a5b426bb8b9d,Chotu,challenge game with computer (from middle game )option not available,2,1,0.18.2,0.18.2,2025-12-03 14:01:11,,,Lichess,Google Play,en,us,2026-04-17 17:51:35,2025-12-02
3bf158ee-aeae-4737-82d6-a631937a815b,Hannah grace Diaros Galolo,not developed properly,1,1,0.18.2,0.18.2,2025-12-03 01:37:50,,,Lichess,Google Play,en,us,2026-04-17 17:51:35,2025-12-02
28debcf0-7dad-4670-920f-7136ebc8143f,Michael Martin,Can't login because it expects a captcha that it doesn't render anywhere on my screen in order to be sent a password reset.,1,1,0.18.2,0.18.2,2025-12-02 22:55:43,,,Lichess,Google Play,en,us,2026-04-17 17:51:35,2025-12-02
57b29138-fd9d-4dfd-ad59-e44752fb74c1,Imtiaz Ali,"Totally distroyed the app by new version, very inconvenient, not easy like previous version, open play arena hard to find",1,2,0.18.2,0.18.2,2025-12-02 15:16:45,,,Lichess,Google Play,en,us,2026-04-17 17:51:35,2025-12-02
bc75cf2c-018d-4d16-9114-5b014809dec2,tani imalshi,I like this,5,1,0.18.2,0.18.2,2025-12-02 13:51:22,,,Lichess,Google Play,en,us,2026-04-17 17:51:35,2025-12-02
0945e175-7ad5-422e-92ba-91a18ca1d1e5,Naushad Ahmad,there is no way to back pieces during games like in puzzle start or midway but this feature is available on app.,4,0,0.18.2,0.18.2,2025-12-02 04:41:19,,,Lichess,Google Play,en,us,2026-04-17 17:51:35,2025-12-02
1796042b-1e65-4e9b-863a-df29b57719d2,Za Xo,"garbage match making, wait hours",1,1,,,2025-12-01 05:44:19,,,Lichess,Google Play,en,us,2026-04-17 17:51:35,2025-11-25
3c4bb58c-ef34-4cae-947b-c928758cac32,Simar Arora,old was better,1,0,,,2025-12-01 02:08:38,,,Lichess,Google Play,en,us,2026-04-17 17:51:35,2025-11-25
6d9d26ec-f117-45d0-8cdb-a5629ba58386,Robert Kean,abundant cheaters. moderation is a joke for the average level of play.,1,3,0.18.2,0.18.2,2025-11-30 12:40:34,,,Lichess,Google Play,en,us,2026-04-17 17:51:35,2025-11-25
638d5b30-d983-4430-8696-d1d107bf19d0,Oderzy,"tysm lichess, free with no ads and unlimited game review and puzzles, you are my savior 🤑",5,1,0.18.2,0.18.2,2025-11-30 12:24:29,,,Lichess,Google Play,en,us,2026-04-17 17:51:35,2025-11-25
c64a0326-96fc-4c26-8977-4145fb5716c8,tu1987,old app is worlds better. This app looks terriblw,1,1,,,2025-11-29 08:23:46,,,Lichess,Google Play,en,us,2026-04-17 17:51:35,2025-11-25
cfb589e5-4c40-42e8-b4e8-af4b083cdba7,Jeevani Wickramasinghe,Excelent app.,5,0,,,2025-11-29 05:06:19,,,Lichess,Google Play,en,us,2026-04-17 17:51:35,2025-11-25
5d3bc517-1291-40d5-9b0e-93f85666bb8e,zuhrah azura,This is so good because I need to join some of Chess tournaments ♟️♟️♟️♟️♟️♟️,5,0,0.18.2,0.18.2,2025-11-28 03:22:17,,,Lichess,Google Play,en,us,2026-04-17 17:51:35,2025-11-25
2856b596-2ee6-4d07-91c9-0c4dc1df13aa,Vinod Longani,too much lag in the game.,1,2,0.18.0,0.18.0,2025-11-27 14:49:22,,,Lichess,Google Play,en,us,2026-04-17 17:51:35,2025-11-25
87e74694-4b96-4a7a-b5f4-e4495ec4a3a7,Ibn Akmal Fakhri,super best the best thing I had in lichess is the chat thingy,5,0,0.18.2,0.18.2,2025-11-27 10:45:38,,,Lichess,Google Play,en,us,2026-04-17 17:51:35,2025-11-25
6db3c59a-94ed-4214-949c-9f99af8ca735,oirein,I blindly love this project even though I can't log in to the android app,5,0,0.18.2,0.18.2,2025-11-27 03:23:50,,,Lichess,Google Play,en,us,2026-04-17 17:51:35,2025-11-25
ed73c4a5-9bc3-40f7-a857-ba5404eecd7b,Charles Augustus,"They will pair you with bots for rated games disguised as humans. These bots have many different niches but they will usually drag every game out. Not only do humans cheat, but this company likes to scam you 24/7. I wouldn't trust this software.",1,5,0.17.8,0.17.8,2025-11-26 19:15:04,,,Lichess,Google Play,en,us,2026-04-17 17:51:35,2025-11-25
688d6fa9-5350-4590-9799-fb69229122bc,Ed Manning,"Don't know what the complaints are about. It works great, although eventually it would be nice to see feature parity with the website.",5,1,0.18.2,0.18.2,2025-11-26 12:08:35,,,Lichess,Google Play,en,us,2026-04-17 17:51:35,2025-11-25
8763b6d5-73a8-4099-abd8-683cfe4ba765,Keirey da Kant,Different types of puzzles,5,0,0.18.2,0.18.2,2025-11-26 03:37:56,,,Lichess,Google Play,en,us,2026-04-17 17:51:35,2025-11-25
54722f5a-3837-4499-8657-1e9e38b8c8d5,Madhumita Sesl,The premove doesn't work properly .,1,1,0.15.11,0.15.11,2025-11-25 22:04:14,,,Lichess,Google Play,en,us,2026-04-17 17:51:35,2025-11-25
e7ef2b43-09ce-4878-a320-d53b8941cfc1,Atiqua Ulfat Tuba,"Really love this app, it has very smooth and easygoing interface imo.",5,2,,,2025-11-25 13:04:43,,,Lichess,Google Play,en,us,2026-04-17 17:51:35,2025-11-25
4d8071a3-0fbe-4098-9582-ccefc1caeac7,Some Guy,"Game mechanics themselves are broken, I've just been unable to take a piece that was checking me despite the move being perfectly legal with nothing to prevent it, forcibly turning a draw into a loss for no apparent reason. I loved Lichess for years, but lately it's been SO buggy and it's become impossible to use. Constant freezing and failure to respond - in literally every game. Glitches in clocks and moves. Please fix whatever you did to it.",1,32,0.18.2,0.18.2,2025-11-25 06:05:40,,,Lichess,Google Play,en,us,2026-04-17 17:51:35,2025-11-25
1cd23fcb-b26e-4cc3-9c5e-02fbb49ed1a7,Albert George,Very good chess app. it would be nice if players can chat while Playing as in have a voice chat.,5,1,0.18.2,0.18.2,2025-11-24 22:28:49,,,Lichess,Google Play,en,us,2026-04-17 17:51:35,2025-11-18
76315f2c-a959-4049-b7f0-c94c34f24f1b,Darsh SM-909,"Good for both offline and online platform.. But the design is not that good or worth how the app is made.. Chess. com is better than liches, but I used to play for offline purposes, yeah yeah it's not that good or bad but useful to used the app or website for beginners or pros, playing in the website is also better for streamers..... ✅⚔️:-) I m using it because I feel helpful ☺️..",4,1,0.18.2,0.18.2,2025-11-24 20:03:16,,,Lichess,Google Play,en,us,2026-04-17 17:51:35,2025-11-18
86bba9ec-66ef-4ea3-b0d3-5c39d5c090ec,Austin Chen,they can't fix lag issues. y'all might as well migrate to other online chess apps/websites cuz this is starting to get ridiculous.,1,2,,,2025-11-24 14:45:22,,,Lichess,Google Play,en,us,2026-04-17 17:51:35,2025-11-18
6f0ad684-aa4f-4194-88fc-be1b8bdcd941,chris dillon,"this app and website has people who only use AI and programmes to cheat and win every game possible, so normal chess players are getting ready to give up chess for the rest of their lives all because of the cheaters, all 200 people I know using this site have stopped using the site and app to many cheaters",1,6,0.17.12,0.17.12,2025-11-24 04:33:13,,,Lichess,Google Play,en,us,2026-04-17 17:51:35,2025-11-18
6f77bc7a-a9d0-4dec-aa29-3b662235b903,Mohamed Boulmers,excellent 👌,5,0,0.18.0,0.18.0,2025-11-24 00:33:38,,,Lichess,Google Play,en,us,2026-04-17 17:51:35,2025-11-18
5ffbe4fd-ae56-4b96-97c4-04d17868e414,yaron shshe,Best chess app,5,1,0.18.0,0.18.0,2025-11-23 16:46:45,,,Lichess,Google Play,en,us,2026-04-17 17:51:35,2025-11-18
bf50a5f9-8f29-4653-924c-03d2599079ab,Shrikaa VR,very good . application. update version not user friendly and new lichess creating is very complicated,5,1,0.18.0,0.18.0,2025-11-23 13:44:57,,,Lichess,Google Play,en,us,2026-04-17 17:51:35,2025-11-18
0482f1c0-1814-4b30-9625-b2a44178ec45,Tadiwa Albert Sibanda (Sibbzz),very good app,5,1,0.17.8,0.17.8,2025-11-23 10:36:58,,,Lichess,Google Play,en,us,2026-04-17 17:51:35,2025-11-18
644e02d2-3bd3-4f6b-8a16-3e7fdb864957,By Hacker,bad lichess analysis cloud sometimes it disappeared from my analysis,1,1,0.18.0,0.18.0,2025-11-23 04:50:49,,,Lichess,Google Play,en,us,2026-04-17 17:51:35,2025-11-18
aae8b698-a3b7-448b-a5c9-75eafc35ec96,אוריה נעוס,"unlimited analysis, puzzles, well rounded app. no premium stuff",5,1,0.18.0,0.18.0,2025-11-22 10:33:54,,,Lichess,Google Play,en,us,2026-04-17 17:51:35,2025-11-18
562f8e03-29b0-4d85-bd9b-00fb8dd3c088,Cas,"best chess app, open source, free & community driven by chess lovers",5,1,0.18.0,0.18.0,2025-11-21 21:41:53,,,Lichess,Google Play,en,us,2026-04-17 17:51:35,2025-11-18
24a67795-ab4e-42b0-893f-a26aebd1b0e9,David Cicai,very bad design and unintuitive,1,0,0.17.3,0.17.3,2025-11-21 08:35:44,,,Lichess,Google Play,en,us,2026-04-17 17:51:35,2025-11-18
1d8fa22a-4aea-4afa-99a9-0d287f82ca1d,Koli Sikder Das,good game but have some lagging issues...,4,1,,,2025-11-21 05:12:40,,,Lichess,Google Play,en,us,2026-04-17 17:51:35,2025-11-18
fdec5176-8c22-43a9-9d33-34267680e6ec,Behdad,it's very good 👍 👌,5,1,0.17.12,0.17.12,2025-11-20 13:22:58,,,Lichess,Google Play,en,us,2026-04-17 17:51:35,2025-11-18
3dc9ee8e-eeec-4f57-b549-5832c6f13480,Prabhav Tengse,Too heavy for a chess app I am not paired fpr even 5 mins even in a bandwidth of more than 50Mb/s,2,1,,,2025-11-20 13:05:41,,,Lichess,Google Play,en,us,2026-04-17 17:51:35,2025-11-18
9b629b65-1b65-4a40-9ee8-0908ab246474,Rohan Rakish,Love it,5,1,0.18.0,0.18.0,2025-11-20 12:40:56,,,Lichess,Google Play,en,us,2026-04-17 17:51:35,2025-11-18
65c81e91-fee9-47f2-8b2e-b6bffa67e231,Hambubits NHFZ,"on previous update of this app, it signed me out, and had trouble signing back so had to reset password. even then, the built-in-app browser didn't automatically synced & lead user back to the home app. don't erase user's data from prior version during updates. also, why to solve puzzles we had to assume the next move engine makes from mine would be a miss and not their best ones, the only sequence of moves to solve it implement irrational decision for user to consider. it's weird.",4,4,0.18.0,0.18.0,2025-11-20 10:54:17,,,Lichess,Google Play,en,us,2026-04-17 17:51:35,2025-11-18
bfc721c3-e3d9-4d6b-bf8e-f11c993fcd4c,Stepan Kosyrkov,"good, everything you need in chess is here give us back the previous degign, it was more informative and easy to use. this looks pretty like casual thing. or give an ability to switch to it",4,0,0.18.0,0.18.0,2025-11-19 12:45:17,,,Lichess,Google Play,en,us,2026-04-17 17:51:35,2025-11-18
9b520f90-dea3-4901-bf9c-d5f9b69a9e35,Paul Teale,Password reset email takes you to a non existent page,1,0,0.18.0,0.18.0,2025-11-19 08:42:04,,,Lichess,Google Play,en,us,2026-04-17 17:51:35,2025-11-18
dd1fae06-9b7a-48c5-945e-5b3e03c7a088,avinash subramaniam,"Clean, elegant, brilliant. Free and fantastic.",5,1,0.18.0,0.18.0,2025-11-18 17:07:59,,,Lichess,Google Play,en,us,2026-04-17 17:51:35,2025-11-18
208c6a88-7ba8-4007-8df6-5126f6b56546,Abhishek,"while solving puzzles, there needs to be a feature to rewind what the opponent played to see what they captured. cuz when you start a puzzle and the opponent captures a piece immediately without seeing what piece it was, it gets harder to assess the next move. I just wanna see what piece they captured.",4,11,0.18.0,0.18.0,2025-11-18 11:33:04,,,Lichess,Google Play,en,us,2026-04-17 17:51:35,2025-11-18
d236ad80-d5d0-4c9f-b3b6-aa699adaa9d1,David Wennersten,"Ditching offline play was a disastrous choice. Lichess is certainly not a one-star platform overall, but as far as reviewing THIS APP goes, I question and strongly dislike the decision to remove a major function.",1,4,,,2025-11-18 03:45:43,,,Lichess,Google Play,en,us,2026-04-17 17:51:35,2025-11-18
584f0c8e-b8c5-4306-b345-4950d30638cf,Aayush Shah,"Literally the best chess app ever. It has literally everything for free, Lessons, puzzles, game review, analysis. For those who are new at chess, please try lichess once, you won't regret.",5,53,0.18.0,0.18.0,2025-11-17 18:10:47,,,Lichess,Google Play,en,us,2026-04-17 17:51:35,2025-11-11
0489c22c-3057-4696-88a6-646bd897b259,Peter Oyedeji,"Well this seems to be another Lichess app entirely, I thought the old good app design was changed, but now I see this is another app, which look more official, larger in size, fine UI may but poor UX, How exactly is normal games even meant to be started on a ""stats and recent games"" initial screen...",1,8,0.18.0,0.18.0,2025-11-17 09:08:38,,,Lichess,Google Play,en,us,2026-04-17 17:51:35,2025-11-11
c5194f8e-6a03-467c-908c-0e226b5778e0,Tihomir Pureta,new app is several times worse than the last one,2,4,0.18.0,0.18.0,2025-11-17 00:40:33,,,Lichess,Google Play,en,us,2026-04-17 17:51:35,2025-11-11
de471753-32c6-49e5-bfc6-9384964b059a,Ivan Strydom,the best ever board game,5,0,0.15.11,0.15.11,2025-11-16 23:23:38,,,Lichess,Google Play,en,us,2026-04-17 17:51:35,2025-11-11
90ab20b5-c3c6-4368-8280-ca688e0c5f54,Yoshi Mori,My internet is stable but always reconnecting..,1,4,0.18.0,0.18.0,2025-11-16 17:56:03,,,Lichess,Google Play,en,us,2026-04-17 17:51:35,2025-11-11
8ae98ac2-a3fd-406e-b758-07b26f5e6412,Egon Glavas,No offline chess games vs computer. Really?,2,3,,,2025-11-16 12:02:55,,,Lichess,Google Play,en,us,2026-04-17 17:51:35,2025-11-11
54ed6c74-8d38-4f30-92d1-cbddb02bc87a,ian “magus” ochieng,"The best, its ui is superb... I would love that you consider multiple premoves. That would attract more players into this site... Nonetheless, its the best.",5,0,0.18.0,0.18.0,2025-11-16 11:18:08,,,Lichess,Google Play,en,us,2026-04-17 17:51:35,2025-11-11
fe07ead4-1ad2-41b3-930f-8b0126be81c5,Paco,"Very bad, forget about Lichess! the pieces move wherever they want, not where you place them, 3+0 is not real, they keep adding time from nowhere, people leaves games all the time, so you have to wait over 50 seconds each time someone leaves the game because they are loosing or lost important pieces... so far, very bad.",1,15,0.18.0,0.18.0,2025-11-16 08:49:59,,,Lichess,Google Play,en,us,2026-04-17 17:51:35,2025-11-11
073e73a4-cfbf-414a-bae7-76338dc0ff1d,D. G.,"FIX THIS BS. Look, there wasn't anything wrong with the white knight version, but now we have to deal with this one. sigh. First off, why can't I set the ELO range for a custom game anymore!??? Got this version for my son, and he can't get into it because he is not able to play people AT HIS LEVEL. I am done, other reviews say there are plenty more issues. WHY DID YOU CHANGE IT?",2,6,0.17.8,0.17.8,2025-11-16 06:57:47,,,Lichess,Google Play,en,us,2026-04-17 17:51:35,2025-11-11
913882d6-d5ce-40d3-8cd8-40f5c2e75de5,Sankhendu Chakraborty,"The new version is sooo good. First of all its free and you can easily analyse your ganes, check the best engine moves to improve.",5,2,0.18.0,0.18.0,2025-11-15 13:27:47,,,Lichess,Google Play,en,us,2026-04-17 17:51:35,2025-11-11
b942164b-cac2-4c25-a714-45205ff1c467,Rajan Kumar Sahani,"great app for absolutely no cost, millions of puzzles, and more",5,1,,,2025-11-15 12:45:15,,,Lichess,Google Play,en,us,2026-04-17 17:51:35,2025-11-11
212f3862-2f36-4300-ab41-589c34084d4e,Fanele Tshabalala,this app have everything that's I need,5,1,,,2025-11-15 11:41:49,,,Lichess,Google Play,en,us,2026-04-17 17:51:35,2025-11-11
f011c60d-ae04-4618-afb0-c537621b28f4,d b,very nice ad free app,5,1,0.18.0,0.18.0,2025-11-15 07:55:35,,,Lichess,Google Play,en,us,2026-04-17 17:51:35,2025-11-11
3d731c32-8edc-4ff9-bbd0-0f28a99937b9,Mark K.,"please let us choose the puzzle difficulty range and even perhaps type of puzzle on the mobile app. I want to practice ones to ensure that I fully understand a concept before advancing, instead I'll receive a 2175 level puzzle followed by a 1704 and vice versa.. it makes no sense.",1,1,,,2025-11-14 23:14:23,,,Lichess,Google Play,en,us,2026-04-17 17:51:35,2025-11-11
4c9d59d9-878f-44be-a004-e127ed46f09d,mohmmed awad alla,very bad and it crush,1,0,0.18.0,0.18.0,2025-11-14 23:05:47,,,Lichess,Google Play,en,us,2026-04-17 17:51:35,2025-11-11
6533610c-b6f3-4700-b389-c6678e330e9e,Riddhiman Chattopadhyay,it was a superb chess app unless it removed the play with computer option...I am uninstalling the app for now looking forward to have it back in future,1,2,,,2025-11-14 15:03:57,,,Lichess,Google Play,en,us,2026-04-17 17:51:35,2025-11-11
6aa2f1f2-5b31-4aed-9c1c-0082af1f75d1,Jay Bird,"It's really free. No, I mean it. I'm not lying. This application is great and more streamlined than ever. Great job, guys. Thanks for making it free. Thank you for your philanthropy. 💯",5,0,0.18.0,0.18.0,2025-11-13 22:28:51,,,Lichess,Google Play,en,us,2026-04-17 17:51:35,2025-11-11
6d46fdbf-7c12-497d-9f3a-e1e2a5796ed5,Collins Walter,App keeps stopping all time ...,2,0,0.18.0,0.18.0,2025-11-13 13:52:18,,,Lichess,Google Play,en,us,2026-04-17 17:51:35,2025-11-11
78ca1443-1bdc-4d13-a7e0-7dc037669d2d,Reza Farokh,It's really good but it doesn't have defense puzzles please solve it.,5,0,0.18.0,0.18.0,2025-11-12 11:17:59,,,Lichess,Google Play,en,us,2026-04-17 17:51:35,2025-11-11
c0678f51-54f4-4a1d-85b0-4aba48fc2337,Jomari Arcilla,best online/offline puzzles,5,0,0.17.3,0.17.3,2025-11-12 08:59:39,,,Lichess,Google Play,en,us,2026-04-17 17:51:35,2025-11-11
62366e31-7a06-45e0-914e-de819342fa4a,Eddy,im a game where i was winning slightly in a colle zuckertort my bishop moved by itself to allow my opponent to take a pawn then moved it back so that same pawn could take the bishop. i believe theres an exploit where your opponent can make your moves for you. mist games are ok tho,1,1,0.18.0,0.18.0,2025-11-12 06:00:44,,,Lichess,Google Play,en,us,2026-04-17 17:51:35,2025-11-11
25d066ff-9a00-43bb-82d8-c646a9f40837,Nos Otros,better than chess dot com,5,1,,,2025-11-11 23:21:06,,,Lichess,Google Play,en,us,2026-04-17 17:51:35,2025-11-11
643c626f-46e4-4e68-9ba6-c3e6b801a243,Emeldah Achieng,This is the best app ever,5,1,,,2025-11-11 14:00:03,,,Lichess,Google Play,en,us,2026-04-17 17:51:35,2025-11-11
f7752243-d65a-40e2-b0e1-8e6c6f5e264f,NANE,"cheaters are not getting banned, and the app is full of bugs",1,1,0.18.0,0.18.0,2025-11-11 13:35:08,,,Lichess,Google Play,en,us,2026-04-17 17:51:35,2025-11-11
1e6ccf63-21f7-48c0-91a3-9678b0a7660c,Greg Otterstein,"I've spent hundreds of hours playing on Lichess, and I'll never give them a penny! They don't care if people cheat, bully, harass, run the clock out and waste your time, or anything at all. Feel free to take advantage of this free app, just don't EVER give them money!",1,5,0.18.0,0.18.0,2025-11-11 05:17:41,,,Lichess,Google Play,en,us,2026-04-17 17:51:35,2025-11-11
112110b9-d0ec-4985-9ed2-30fccb733e96,M,Sometimes I get network connection errors.,4,0,0.18.0,0.18.0,2025-11-10 23:30:13,,,Lichess,Google Play,en,us,2026-04-17 17:51:35,2025-11-04
f9a8571e-dbc9-4151-90d7-6eab64003361,Praiseworthy Mashoko,the best ever,5,0,0.18.0,0.18.0,2025-11-10 19:58:05,,,Lichess,Google Play,en,us,2026-04-17 17:51:35,2025-11-04
3d27b01c-0a2d-4c3a-80c1-3dc15dca9c3a,Guru Vatsal P,Best chess app ever seen.. The new update is so cool they provide free puzzles which is very good positive in this app.. Also the computer and studies are absolutely free which helps to improve players by themselves.. Hatsoff to the Lichess department for such a wonderful app,5,9,0.18.0,0.18.0,2025-11-10 13:35:27,,,Lichess,Google Play,en,us,2026-04-17 17:51:35,2025-11-04
2a4c5789-3e0e-4e66-a5cd-2e063bdfcb14,Neat,Where's the offline mode?,1,1,0.18.0,0.18.0,2025-11-10 12:58:18,,,Lichess,Google Play,en,us,2026-04-17 17:51:35,2025-11-04
df022960-dc6a-4729-b59f-e3be71d7820f,Mar Carlo Dela Torre,app crashes during analysis mode using SF 17.1 with NNUE,1,2,0.17.8,0.17.8,2025-11-10 05:18:03,,,Lichess,Google Play,en,us,2026-04-17 17:51:35,2025-11-04
414427a9-4136-447d-9e8b-732fe6ee0f9c,Leonardo,the new functions and layout are great ...first I thought please no than I took a closer look thanks guys,5,0,0.18.0,0.18.0,2025-11-09 20:13:43,,,Lichess,Google Play,en,us,2026-04-17 17:51:35,2025-11-04
512ecf01-de38-4d9a-80c6-1c32f861c402,Gamer Square,"culprit app, timer never work genuinely, improve your timer. since year I'm noticing this issue, expected it will be sort out but didn't. Please, make this corrections. when is your perfect update will be without a bug",1,7,0.18.0,0.18.0,2025-11-09 15:02:52,,,Lichess,Google Play,en,us,2026-04-17 17:51:35,2025-11-04
c14471fa-7780-4e39-9de2-30a898f34e3d,SUDARSAN Borah,how to play with bot(computer) in offline in lichess app .,5,0,0.18.0,0.18.0,2025-11-09 12:56:11,,,Lichess,Google Play,en,us,2026-04-17 17:51:35,2025-11-04
7ac83c28-81cb-47d2-a532-44fab3faad5b,Ali,excellent app 100% one of the best chess apps ever made easily.,5,1,0.18.0,0.18.0,2025-11-09 11:32:23,,,Lichess,Google Play,en,us,2026-04-17 17:51:35,2025-11-04
6559cd4c-2250-44e0-9205-6ec6e705a28e,Zandrothegreat30,"I really like the open source of it, and thank you for making this free. I have a suggestion: please make the number of premoves unlimited, add profile feature, add the national rating for the Philippines in the rating settings, and please make the game analysis explain the move why is it good or bad .I hope you notice my suggestion. Thank you.",5,7,0.17.15,0.17.15,2025-11-09 05:58:09,,,Lichess,Google Play,en,us,2026-04-17 17:51:35,2025-11-04
3fde15f8-2514-4ca6-866f-790d2fa9a720,GirdhaR,thanks for keeping it foss🫡,5,1,0.15.10,0.15.10,2025-11-08 16:35:29,,,Lichess,Google Play,en,us,2026-04-17 17:51:35,2025-11-04
53908729-2f80-4a1e-afa0-bba8f44af1da,Rodney Swindle,"Why did we remove the offline vs computer option with regular stockfish? Used to be the best chess app ever. Bots suck. They take forever to play, especially when there's no timer. Stockfish was the number one way to improve your game. Uninstalling until it comes back.",1,252,0.18.0,0.18.0,2025-11-08 16:30:55,,,Lichess,Google Play,en,us,2026-04-17 17:51:35,2025-11-04
b2511040-d380-4668-a897-0666e14c09f0,Carl Brigance,what's the point of updates when the older version is better stable clearer 😃,1,1,,,2025-11-08 12:26:05,,,Lichess,Google Play,en,us,2026-04-17 17:51:35,2025-11-04
1feefa95-d856-49ff-b130-3f39ab248a88,Brian Williams,"big security risk. during a game opponent could open apps on my device ... instantly uninstalled, won't be back",1,2,,,2025-11-08 08:07:19,,,Lichess,Google Play,en,us,2026-04-17 17:51:35,2025-11-04
3c99b4a7-1759-4b5e-89b8-ae4b51c8b2a0,Keegan Graham,Used to use website on mobile because the app sucked but it's great now.,5,1,,,2025-11-08 06:12:20,,,Lichess,Google Play,en,us,2026-04-17 17:51:35,2025-11-04
6b2be874-2158-4ca9-9c26-499ef7e1ebf0,Fitra Qurota,cannot login,1,0,0.17.15,0.17.15,2025-11-08 03:53:29,,,Lichess,Google Play,en,us,2026-04-17 17:51:35,2025-11-04
910a1655-d52e-4bf3-ade5-f762485c8cc2,M T (jugadorprecioso),"weird layout. needs some fixing. for example, would like to save the 'healthy mix' puzzle.",1,2,0.17.15,0.17.15,2025-11-07 22:28:16,,,Lichess,Google Play,en,us,2026-04-17 17:51:35,2025-11-04
f2b8cfbb-4050-4f49-8648-9ecf9aa15a92,oscar l,app crashes when you use analysis board,3,0,0.17.15,0.17.15,2025-11-07 20:42:59,,,Lichess,Google Play,en,us,2026-04-17 17:51:35,2025-11-04
a2cf6a23-bb8b-4025-8582-b34ac70a8892,chloe samia,i cant log in it doesn't send my gmail a code,1,0,,,2025-11-07 16:19:39,,,Lichess,Google Play,en,us,2026-04-17 17:51:35,2025-11-04
ff5e1d8a-e403-4550-b7a7-95c85821a01b,Aashish Gaur,purrrfect chesscom competition,5,1,,,2025-11-07 15:49:40,,,Lichess,Google Play,en,us,2026-04-17 17:51:35,2025-11-04
0ea704d3-0440-4380-a644-743328171c2f,Priyanka Bhujbal,व्हेरी बेस्ट एक्सपिरीयन्स,5,1,0.17.8,0.17.8,2025-11-07 14:36:25,,,Lichess,Google Play,en,us,2026-04-17 17:51:35,2025-11-04
cf6df39d-92a5-42bd-8dd7-02ae67cb8ca0,Mohammad Salameh,The best chess game ever ❤️,5,1,0.17.12,0.17.12,2025-11-07 12:36:32,,,Lichess,Google Play,en,us,2026-04-17 17:51:35,2025-11-04
41ca484a-5a8d-4d32-8989-0d3e8e1e811d,Joshua Grasser,couldn't figure out how to begin a game,1,0,0.17.15,0.17.15,2025-11-06 21:09:44,,,Lichess,Google Play,en,us,2026-04-17 17:51:35,2025-11-04
bc3e030e-c9b3-40ca-971f-2c98fedc87ee,Roc Boronat,A free and open source chess app? That's an 11 over 10!,5,0,0.17.15,0.17.15,2025-11-06 12:20:39,,,Lichess,Google Play,en,us,2026-04-17 17:51:35,2025-11-04
7b7b783c-d6c2-42b5-bdf9-415ee3136446,Mja ant,unable to get play with computer option on android app,1,1,,,2025-11-06 06:16:16,,,Lichess,Google Play,en,us,2026-04-17 17:51:35,2025-11-04
ee1e9094-1fb5-449d-ac87-c8da4d4e1116,giustopersapere,The Goat of chess apps,5,1,0.17.12,0.17.12,2025-11-05 19:27:58,,,Lichess,Google Play,en,us,2026-04-17 17:51:35,2025-11-04
b58d4e4a-3311-47cc-ae1e-f3fbd245eb5e,Racouchot Renaud,"Donc en plus d'avoir un gameplay horrible, mon avis est censuré.",1,1,0.17.12,0.17.12,2025-11-05 17:14:03,,,Lichess,Google Play,en,us,2026-04-17 17:51:35,2025-11-04
9e0b3bac-72a1-448a-9775-dab46a8ab91b,Michael Angelo Corral,can't login using gmail only redirecting to webpage and logging it in the webpage.,1,1,0.17.15,0.17.15,2025-11-05 14:07:57,,,Lichess,Google Play,en,us,2026-04-17 17:51:35,2025-11-04
cf7a1c37-ad63-4132-925a-0a2a8600aaf8,DOUGLAS,it is a nice with free puzzles and free lessons,5,0,0.17.12,0.17.12,2025-11-05 10:06:52,,,Lichess,Google Play,en,us,2026-04-17 17:51:35,2025-11-04
4c145ae8-fdb8-49c9-97b9-ed965a209e9e,Muhammad Ul Hasnain,the rest is best. i have only issue with the login. it doesn't proceed when i authorise from the link it opens. please leave updating the other features and fix this one. its the fundamental feature every app should have. once its fixed i will give it 5 stars,3,1,0.17.12,0.17.12,2025-11-05 08:30:20,,,Lichess,Google Play,en,us,2026-04-17 17:51:35,2025-11-04
7702f539-433b-49a1-91a4-2d796bb76b35,Pardeep singh,this aap is very very very Best. and players good play,5,1,0.17.12,0.17.12,2025-11-05 03:09:19,,,Lichess,Google Play,en,us,2026-04-17 17:51:35,2025-11-04
9e2413fd-ef72-49ea-b494-675fc6ebfd02,Craig,love the idea of being free. but don't. the computer review doesn't work..just be cheaper than the competition,3,0,0.17.12,0.17.12,2025-11-04 23:36:04,,,Lichess,Google Play,en,us,2026-04-17 17:51:35,2025-11-04
9f164698-8f8c-46e2-902a-ab3e8de84bd1,KSENIA TABAKINA,I like it!!!!!,5,0,,,2025-11-04 23:09:50,,,Lichess,Google Play,en,us,2026-04-17 17:51:35,2025-11-04
ea11f289-621a-4621-9628-1675b4dafb43,vaishali phadtare,best chess platform ever,5,0,0.16.7,0.16.7,2025-11-04 10:21:40,,,Lichess,Google Play,en,us,2026-04-17 17:51:35,2025-11-04
065433b2-7065-444d-ac4f-bd763c4dc2b9,Lilith,Невозможно зарегистрироваться,1,0,0.17.12,0.17.12,2025-11-03 21:22:44,,,Lichess,Google Play,en,us,2026-04-17 17:51:35,2025-10-28
724e31e7-65d1-4e91-8c46-0142086e8f09,Dylan Jones,Text chat wont work on the app for me for whatever reason,2,0,0.17.12,0.17.12,2025-11-03 20:51:24,,,Lichess,Google Play,en,us,2026-04-17 17:51:35,2025-10-28
9fe2b96a-7088-471f-b32f-e86bc7d7b0b6,Niki Taku,it is really good,5,0,0.17.8,0.17.8,2025-11-03 16:12:45,,,Lichess,Google Play,en,us,2026-04-17 17:51:35,2025-10-28
9d3d1eee-91b1-4c7a-997e-50c2ccfe6dca,kirti srivastava,it is so had to make a account on this app.Use another app,1,0,0.17.12,0.17.12,2025-11-03 16:10:01,,,Lichess,Google Play,en,us,2026-04-17 17:51:35,2025-10-28
24d9028b-4232-4a02-b6c7-385e4a462bcb,Ekta Verma,Must try 😁😉 nice app 😁😉,5,1,0.17.12,0.17.12,2025-11-03 05:07:37,,,Lichess,Google Play,en,us,2026-04-17 17:51:35,2025-10-28
ea8c07d3-aa15-49d1-aafa-1d67602e068b,Adam Cooper,Lichess is a rip off even being free. The game constantly makes moves you don't make and support is completely unhelpful and more worried about pretending their game has no problems instead of actually trying to fix anything.,1,4,0.17.12,0.17.12,2025-11-02 18:46:29,,,Lichess,Google Play,en,us,2026-04-17 17:51:35,2025-10-28
abb4c40e-d293-4aa2-b6b1-175efafb3237,anjana sharma,This app needs to stay otherwise online chess wil be monopolized by other apps and become completely premium.,5,1,,,2025-11-02 17:19:30,,,Lichess,Google Play,en,us,2026-04-17 17:51:35,2025-10-28
285ca01a-1bd7-4c28-9ac5-d66a87a540a4,Adhiraj Banerjee,"Great app.Everything available.Tournaments,normal games,Games with the computer, simultaneous exhibition and you can learn there a lot of new stuff about chess,chess news is available in that app too.You can even do puzzles and race against people online or your friends in the puzzle racer.Overall,it is a great app for chess beginners, intermediate and advanced chess players also.",5,24,0.17.12,0.17.12,2025-11-02 09:03:07,,,Lichess,Google Play,en,us,2026-04-17 17:51:35,2025-10-28
5716afb7-e330-44ae-8451-ceeaa28a1f63,meydit dev,some buggies at opening app,1,0,0.17.12,0.17.12,2025-11-02 07:11:18,,,Lichess,Google Play,en,us,2026-04-17 17:51:35,2025-10-28
9a3319a2-22d2-4455-81fe-4a50b139d2f2,Vladimir Pogosyan,"in last half year 70% games lose, because terrible lags consume time, before - all was fine",1,0,0.17.12,0.17.12,2025-11-01 18:45:52,,,Lichess,Google Play,en,us,2026-04-17 17:51:35,2025-10-28
9921177f-820b-49ee-bd98-9200ce7e0470,Gabriel Tødgjër,absolutely awesome,5,1,,,2025-11-01 18:12:06,,,Lichess,Google Play,en,us,2026-04-17 17:51:35,2025-10-28
40364d90-bc0f-4d3f-a989-02e54fab1546,JIMENEZ- AARON SABACAHAN,"What I like the most in this app is it's all free, unlike other chess app limited and you have to pay to analyze games. This app is so good.",5,1,,,2025-11-01 14:02:11,,,Lichess,Google Play,en,us,2026-04-17 17:51:35,2025-10-28
9ce7375d-bf6e-4e8f-b07d-e14f23c7eaf6,Maimbo Namalongo,awesome,5,1,0.17.12,0.17.12,2025-11-01 12:55:28,,,Lichess,Google Play,en,us,2026-04-17 17:51:35,2025-10-28
f44de95b-cb1c-45a4-bfce-efaa63d3e70d,Ahmed Ali,bug: many games start and dont show any moves I have to look at oppositions game and its showing theyve moved then I go back and it fixes itself most times and sometimes not.,1,3,0.17.12,0.17.12,2025-10-31 17:14:06,,,Lichess,Google Play,en,us,2026-04-17 17:51:35,2025-10-28
b8d914e0-9a55-414f-abce-b743e90728d2,AJAY SINGH,in new app I can't login. always opens crome and ask to give authorisation to lichess account and after that nothing happens,1,2,0.17.12,0.17.12,2025-10-31 04:14:58,,,Lichess,Google Play,en,us,2026-04-17 17:51:35,2025-10-28
0f2f23c8-8d0d-40a5-a828-dc3840d4ca8e,Peter Owojuyigbe,WORST UPDATE EVER!!!! Don't waste your time downloading the app can't play from mobile only on website which cause the game and time to hang,1,1,0.17.12,0.17.12,2025-10-31 01:00:51,,,Lichess,Google Play,en,us,2026-04-17 17:51:35,2025-10-28
495fb848-352e-4c64-8d6d-44f5979460b4,Mar Wan,why remove offline mode,1,3,,,2025-10-30 22:56:19,,,Lichess,Google Play,en,us,2026-04-17 17:51:35,2025-10-28
1fd7b245-ecd0-4aa6-a4b4-09f9e2f85d89,Svetlana T,excellent and easy to use to play and train and connect with other players,5,0,0.17.12,0.17.12,2025-10-30 20:23:20,,,Lichess,Google Play,en,us,2026-04-17 17:51:35,2025-10-28
f4de984a-6e98-430a-b871-1bc1f7d9668c,Fabio Vargas,"Sería genial que pudieran permitir compartir una imagen png para poder estudiarla directamente sin tener que poner posición por posición. Tomar pantallazo>opción ""compartir como png a lichess"">compartir png",5,2,0.17.12,0.17.12,2025-10-30 07:29:09,,,Lichess,Google Play,en,us,2026-04-17 17:51:35,2025-10-28
198244bf-cb63-45ce-94f7-4299e42a1171,John Doe,"Why am I signed out every time I leave the app? What a stupid time wasting bug, fix it and I'll change my review.",1,1,0.17.12,0.17.12,2025-10-30 06:15:11,,,Lichess,Google Play,en,us,2026-04-17 17:51:35,2025-10-28
8fab4f04-cc4a-45a6-ac12-4a008b52de61,Marcus Hamanaka,"This new UI doesnt seem to allow only standard or chess960 for some reason. Can't see crazyhouse, racing kings or any other variant in tournaments (they appear in the web version) and also cant create custom games with these variants edit: now there is some issue with the rematches as well. game doesnt connect to rematches",2,7,0.17.12,0.17.12,2025-10-29 17:51:35,,,Lichess,Google Play,en,us,2026-04-17 17:51:35,2025-10-28
5cf58430-6b49-47e7-8fba-fcbbc5bcd52b,Milad Louak,The perfect app,5,3,0.17.12,0.17.12,2025-10-29 17:41:56,,,Lichess,Google Play,en,us,2026-04-17 17:51:35,2025-10-28
a077a9bf-3161-4f5c-9820-7144d1df7293,Kaje Ralocse,Still a very confusing app. Totally unrecognizable from the web version. Uninstalled again. Will stick to website.,1,1,0.17.8,0.17.8,2025-10-29 04:06:29,,,Lichess,Google Play,en,us,2026-04-17 17:51:35,2025-10-28
94f747a8-8205-4f92-9725-1374e870019c,Alex,chat is not working after update,4,0,0.17.12,0.17.12,2025-10-28 00:18:14,,,Lichess,Google Play,en,us,2026-04-17 17:51:35,2025-10-28
17233dd1-3361-48c6-ab9a-e08080da9aaa,Princess Aniefiok,It is a very good app that helps me watch best of GM's and M's play.,4,0,0.17.8,0.17.8,2025-10-27 23:12:43,,,Lichess,Google Play,en,us,2026-04-17 17:51:35,2025-10-21
7f774bb8-8b80-4148-8aee-9973c42677e9,Muhammad Esam,why banning someone for the entire life,1,0,0.17.12,0.17.12,2025-10-27 17:20:03,,,Lichess,Google Play,en,us,2026-04-17 17:51:35,2025-10-21
904e835a-4944-4e7a-8680-3b4cf7929c01,James Tebbutt,hope gamè,5,0,0.17.12,0.17.12,2025-10-27 10:08:56,,,Lichess,Google Play,en,us,2026-04-17 17:51:35,2025-10-21
e328e1e8-de8f-4e95-a9b8-cd1e108658c2,Satya Prakash Singh,best app for chess and absolutely free .,5,0,0.17.12,0.17.12,2025-10-27 09:47:29,,,Lichess,Google Play,en,us,2026-04-17 17:51:35,2025-10-21
4f47f6fd-9eda-4f2f-98b3-358b0aa0f7f4,Brad Cramer,Why do I have to log in every time I launch? Why can't I play offline?,1,2,0.17.12,0.17.12,2025-10-27 04:34:57,,,Lichess,Google Play,en,us,2026-04-17 17:51:35,2025-10-21
80d2f0d0-9264-4847-8f26-ce07d3ce47e7,Bahman Nouri,امکانات برنامه از سایت کمتره.,3,0,0.17.8,0.17.8,2025-10-27 04:21:39,,,Lichess,Google Play,en,us,2026-04-17 17:51:35,2025-10-21
197e9dd0-f241-46a6-99ae-308178fb8916,Ayomide Solola,Pls analysis Imported games,3,0,0.17.12,0.17.12,2025-10-26 18:32:13,,,Lichess,Google Play,en,us,2026-04-17 17:51:35,2025-10-21
958ec9df-733c-4756-81db-3659ae92f78e,Anu S,brilliant,5,0,,,2025-10-26 07:26:19,,,Lichess,Google Play,en,us,2026-04-17 17:51:35,2025-10-21
af49c75d-9010-4e06-a4e8-581d7c11c384,Grady Persell,This is a great app for improving my chess game and for playing against real people. Love it.,5,0,0.17.12,0.17.12,2025-10-25 17:48:16,,,Lichess,Google Play,en,us,2026-04-17 17:51:35,2025-10-21
2b498c0f-28a7-42d6-be70-0b9e1e92a2fc,ifh sft,I installed it to play some games as anonymous. But when I am about to win other players don't move. I have to wait for the game to end or resign. There is nothing to do from my side. Is it fun!!! uninstalled it. bye,1,1,,,2025-10-25 10:02:43,,,Lichess,Google Play,en,us,2026-04-17 17:51:35,2025-10-21
3789d856-cbcc-42e5-bd2d-6888f716ed3e,Nauras Ns.,Perfect,5,0,0.17.12,0.17.12,2025-10-24 22:18:01,,,Lichess,Google Play,en,us,2026-04-17 17:51:35,2025-10-21
caeb4822-0c5d-4dc6-b2e6-26f0b6c4d7f1,Muhammed safvan Vp,"The new Lichess app is not as good as the old version. It lacks many useful features such as offline play, clock, analysis board, and board editor. The old Lichess was much better and more user-friendly. Please bring back all the classic features — the simplicity and functionality of the old app made it perfect. We really miss that experience!",1,4,,,2025-10-24 16:01:05,,,Lichess,Google Play,en,us,2026-04-17 17:51:35,2025-10-21
bf91f4d3-10f8-427f-88b1-5f9b8574910b,Nicholas Harris,"So far, absolutely nothing to complain about. Zero ads, functions just fine. It takes while to let me know my opponents have made a move",5,2,0.17.12,0.17.12,2025-10-24 05:09:20,,,Lichess,Google Play,en,us,2026-04-17 17:51:35,2025-10-21
97615d83-c180-4585-82c4-aa202e6990bc,Huu D. Nguyen,Lacking so many important features compared to the website. Like wth man why would it exist?,1,3,0.17.12,0.17.12,2025-10-24 03:23:58,,,Lichess,Google Play,en,us,2026-04-17 17:51:35,2025-10-21
2af88bcc-171e-4c75-9ca4-c8458c3ed16c,Key9888,i don't understand why i can't play offline anymore. its like removing features just to add them later,1,3,,,2025-10-23 18:23:27,,,Lichess,Google Play,en,us,2026-04-17 17:51:35,2025-10-21
8e179e9a-a485-4972-b2f2-f273c3192a26,Rosse Merlyn,it is nice fun and challenging keep up the good work,5,0,,,2025-10-23 16:00:54,,,Lichess,Google Play,en,us,2026-04-17 17:51:35,2025-10-21
2e93d2b9-69a0-4ed9-b3ec-80ed0cc41825,Shafiq,"the Brilliant App And the main advantages is that it,s free and you can learn a lot",5,1,0.17.12,0.17.12,2025-10-23 08:25:27,,,Lichess,Google Play,en,us,2026-04-17 17:51:35,2025-10-21
bec6ffc1-3e6e-47d3-ae04-740763ac2b55,Gajanan Ayya,third class application. I want to give zero stars to this application.,1,1,0.17.8,0.17.8,2025-10-22 09:13:59,,,Lichess,Google Play,en,us,2026-04-17 17:51:35,2025-10-21
6b77cabe-ce0e-4c8e-ad1d-054c273c120d,Tadiwanashe Ronnie Tivatyi,is anyone else having a login issue? I cant log into my account for the past month,2,1,,,2025-10-22 07:47:32,,,Lichess,Google Play,en,us,2026-04-17 17:51:35,2025-10-21
44b3cf51-470a-4857-988f-a5f0e6675a92,Syafrul Niyaz,MINDBLOWING🤯,5,0,0.17.8,0.17.8,2025-10-21 13:13:41,,,Lichess,Google Play,en,us,2026-04-17 17:51:35,2025-10-21
bbd8a1df-ef72-4b1a-9e24-768d7ea483f2,Alex Aka Lx,very good and highly underrated in my experience. really like it,5,0,0.17.12,0.17.12,2025-10-21 08:47:03,,,Lichess,Google Play,en,us,2026-04-17 17:51:35,2025-10-21
9c77d727-7882-4066-ae31-bb0c7531be18,MD Sanuar Hosen Raju,Very excellent,5,0,,,2025-10-20 19:45:28,,,Lichess,Google Play,en,us,2026-04-17 17:51:35,2025-10-14
11c7a30b-fd56-4262-bc01-fa51214f17b9,arindam guin,Great App ♥️,5,0,,,2025-10-20 18:26:38,,,Lichess,Google Play,en,us,2026-04-17 17:51:35,2025-10-14
aa074521-4790-40d4-b302-948dadd32a46,sanish M,"Although it's a great app but one major issue I'm facing is that the ping remains high always, even though my connection is very fast and have low latency please fix this asap",3,1,0.17.12,0.17.12,2025-10-20 16:12:16,,,Lichess,Google Play,en,us,2026-04-17 17:51:35,2025-10-14
b894c81c-1c71-49a5-bee2-214be0c271dc,Alexandr Petrov,New app is terrible 😞 it's disaster. why do you remove the possibility to play offline? where's all the chess variants?,1,2,0.17.12,0.17.12,2025-10-20 15:30:49,,,Lichess,Google Play,en,us,2026-04-17 17:51:35,2025-10-14
a3ab8a02-05a1-4687-a411-42b63ba2db7d,Dev Nambiar,great no payment,5,0,0.17.8,0.17.8,2025-10-19 21:23:42,,,Lichess,Google Play,en,us,2026-04-17 17:51:35,2025-10-14
993eee68-8e34-415a-a16c-5ff908385886,TANISH PAL,This is the wrong app.,1,0,0.17.8,0.17.8,2025-10-19 12:47:51,,,Lichess,Google Play,en,us,2026-04-17 17:51:35,2025-10-14
6be29e6f-45ab-4ad4-97be-cdb421e85aa7,prasad lucky,worest ui,1,0,0.17.8,0.17.8,2025-10-19 05:59:07,,,Lichess,Google Play,en,us,2026-04-17 17:51:35,2025-10-14
19965ccb-2c5d-485e-b07f-7dbab3c28afd,Vishnu Ram,no option to play offline...which reduces your opportunity to improve...useless...uninstalled the app...wont suggest to any budding chess players,1,1,,,2025-10-19 05:42:36,,,Lichess,Google Play,en,us,2026-04-17 17:51:35,2025-10-14
84eb91c2-4027-43ed-aed2-37272ce9d491,Aquilesvaesta,new app sucks,1,0,0.17.8,0.17.8,2025-10-18 22:56:25,,,Lichess,Google Play,en,us,2026-04-17 17:51:35,2025-10-14
804aaad6-5897-44ad-b4d0-a0863bde278e,K 1,Could not register. Refused all my email addresses,1,1,0.17.8,0.17.8,2025-10-18 21:29:52,,,Lichess,Google Play,en,us,2026-04-17 17:51:35,2025-10-14
7d4d0fcb-fe09-40f2-a329-47011c7da533,Bolayo Adewumi,one of the best chess app,5,0,,,2025-10-18 10:10:51,,,Lichess,Google Play,en,us,2026-04-17 17:51:35,2025-10-14
0fb51d6e-462b-445e-9d97-d2409fd39135,DMC SHAH,soo bugs very poor experience invalid moves,1,0,0.17.8,0.17.8,2025-10-18 02:45:44,,,Lichess,Google Play,en,us,2026-04-17 17:51:35,2025-10-14
38123645-4ba5-48b2-98fe-06529dd524f5,S K,"please bring back the offline mode, my friend has the older version which is better, playing against the engine without the need of internet connection.",2,3,0.17.8,0.17.8,2025-10-17 20:40:36,,,Lichess,Google Play,en,us,2026-04-17 17:51:35,2025-10-14
0d6878f0-7056-4267-96f5-c3259e91cffe,Wolxlow,"Читер на читере. Рейтинг отсутствует напрочь и подбора игроков по уровню нет. Пожаловаться в службу поддержки невозмозно, банить читеров невозможно, ничего нельзя. Не прога а мусор.",1,0,0.17.8,0.17.8,2025-10-17 09:12:47,,,Lichess,Google Play,en,us,2026-04-17 17:51:35,2025-10-14
fb69d329-5388-43fa-9d1c-e21d0f5348f2,Charbel Saliba,it didn't take me a second to move the piece and then I got more than 15 seconds on the clock down very laggy app to play chess not recommended to play also full of cheater and bot player that could be win,1,4,0.16.7,0.16.7,2025-10-17 05:44:09,,,Lichess,Google Play,en,us,2026-04-17 17:51:35,2025-10-14
21e298c7-3928-4d88-b024-81be47b139d4,The Minimalist Poet,Great app!,5,0,,,2025-10-17 03:21:37,,,Lichess,Google Play,en,us,2026-04-17 17:51:35,2025-10-14
e01528b4-db67-44d2-94c3-6b7863f90cd0,Luis G Velásquez,App keeps logging me out after I close it. It's annoying to login every time I open the app,3,2,0.17.8,0.17.8,2025-10-16 21:16:31,,,Lichess,Google Play,en,us,2026-04-17 17:51:35,2025-10-14
817fa211-faf3-49d1-aa22-32de01a51865,Nangre Sangma,best chess app ever,5,0,,,2025-10-16 17:55:32,,,Lichess,Google Play,en,us,2026-04-17 17:51:35,2025-10-14
a051b513-cbe5-4a84-98d2-0157f0bc7854,Ali Aref,Trash app! we did 20+ repetitive moves it doesn't draw the game and we both did this for 7+ min so that some one timeout. draw request was also not accpted.,1,2,0.17.8,0.17.8,2025-10-16 16:57:10,,,Lichess,Google Play,en,us,2026-04-17 17:51:35,2025-10-14
e0e4c84d-1d2d-4a8e-8976-2c90904c0efe,Fareedah Ayeni,best app for chess players😘😘😘😘😘🥰🥰🥰🥰,4,1,0.17.3,0.17.3,2025-10-15 23:20:46,,,Lichess,Google Play,en,us,2026-04-17 17:51:35,2025-10-14
10282629-50dc-412c-aae9-2ae9c995b9cf,Kabir Marwaha,Does not feel like an improvement over the old app at this point,2,3,0.17.8,0.17.8,2025-10-15 17:24:17,,,Lichess,Google Play,en,us,2026-04-17 17:51:35,2025-10-14
a1b9818a-338f-4947-a76d-eb1663603f0b,Dark Clouds,"Lichess is amazing! I just wish they’d add new sounds, more board color options, and bring back the offline mode. but When we comes to practice and analysis, it’s absolutely great thanks lichess🤍♟️",5,1,0.17.8,0.17.8,2025-10-15 08:18:37,,,Lichess,Google Play,en,us,2026-04-17 17:51:35,2025-10-14
6f513dff-ab14-40d2-a993-87a3303c32c8,John Galt,I miss the old style app better,1,3,0.17.8,0.17.8,2025-10-15 05:54:39,,,Lichess,Google Play,en,us,2026-04-17 17:51:35,2025-10-14
bbd4695d-b3f0-493e-aa16-23a4adc10e0c,frankie dunlop,"The upgrade on the app is appalling. Truly bad, you can't view your stats or create a profile picture. Nothing. It's. zero from me. very poor",1,3,0.17.8,0.17.8,2025-10-15 00:56:13,,,Lichess,Google Play,en,us,2026-04-17 17:51:35,2025-10-14
ba74df04-8ee9-4350-b569-adeaad78c8f4,Ghg,the best,5,1,0.17.8,0.17.8,2025-10-14 23:18:51,,,Lichess,Google Play,en,us,2026-04-17 17:51:35,2025-10-14
d81b23eb-e44b-406a-8eba-ae11f1445002,Ola W,So people can rage quit a rapid game mid-match because they are too salty to resign in a losing position resulting in me having to sit there and wait for multiple minutes for the game to be over but I get disconnected for 20 seconds as I'm being paired in a tournament and I lose elo and tournament points even though I haven't made a single move? Good job punishing people who happen to experience connection issues every once in a while and not doing anything to people purposely leaving games 🤡,1,8,0.17.8,0.17.8,2025-10-14 20:42:56,,,Lichess,Google Play,en,us,2026-04-17 17:51:35,2025-10-14
3c02e5b9-172b-49eb-bfc0-e368c3b253aa,Harshitha,this app is more useful for begginers,5,1,0.17.8,0.17.8,2025-10-14 16:23:08,,,Lichess,Google Play,en,us,2026-04-17 17:51:35,2025-10-14
96887906-5637-4fb8-87dd-d5b467250989,Pouria Khatami,The analysis section is very slow and sometimes hangs.,3,1,0.17.8,0.17.8,2025-10-14 16:09:21,,,Lichess,Google Play,en,us,2026-04-17 17:51:35,2025-10-14
17bd37f9-989c-4122-b21e-2e2dba63c539,Glitch Over,is that an update or downgrade? - the ui is taking more clicks to start a match. - i cant change the pieces shapes. + they changed automatically. theres no synced data from web to app in that part - the update makes the app more complicated than before,1,5,0.17.8,0.17.8,2025-10-13 22:25:15,,,Lichess,Google Play,en,us,2026-04-17 17:51:35,2025-10-07
0cb7d098-ef70-49e1-b137-c8bb2f88c750,Fernando,Theres a scrollbar stuck on the left side of the page always draws on top of everything and during gameplay it hinders moves on lower left corner of board.,3,1,0.17.8,0.17.8,2025-10-12 17:04:18,,,Lichess,Google Play,en,us,2026-04-17 17:51:35,2025-10-07
448943d8-df5c-4819-b44d-0ef75e055ca0,Richmond Anumudu,I used to love this app but after an update I got logged out of the app and I have been trying to log in back but the website keeps freezing But I can login and play from the website but when I try the app the site just freezes,1,3,0.17.8,0.17.8,2025-10-12 06:57:25,,,Lichess,Google Play,en,us,2026-04-17 17:51:35,2025-10-07
4b4bc4f6-1211-40ff-9b28-df916d72f1d5,Noel Selastin,"The option of playing against is completely removed, and I'm highly disappointed. It's one of the features I enjoyed the most. I love playing against computers.",1,0,,,2025-10-12 06:02:36,,,Lichess,Google Play,en,us,2026-04-17 17:51:35,2025-10-07
78075bc8-35c2-4986-ac26-eaa0171332d1,J K Singh,best chess game for beginners and gm and m .🙂🙂🙂🙂🙂🙂🤩🤩🤩🤩🤩 you will learn . opening . rule . puzzle,5,0,0.17.8,0.17.8,2025-10-11 18:44:25,,,Lichess,Google Play,en,us,2026-04-17 17:51:35,2025-10-07
8a8ff55b-2001-44dc-921b-11b280860f33,Saraswathi D,"very nice chess app, I love playing in this app",5,0,0.17.8,0.17.8,2025-10-11 09:24:38,,,Lichess,Google Play,en,us,2026-04-17 17:51:35,2025-10-07
39ad29f7-4c90-47b4-9bf5-51ba3a9b0985,Jose Luis Da Silva,absolute dogcrap of an app please god let the UI UX designers never have a job for the rest of their lives,1,0,0.17.8,0.17.8,2025-10-11 02:42:30,,,Lichess,Google Play,en,us,2026-04-17 17:51:35,2025-10-07
7e4c7431-ba6a-404e-9dfa-df076f14d744,Ahmad Karimi,best chess training and learning free app.,5,0,0.17.8,0.17.8,2025-10-10 21:45:07,,,Lichess,Google Play,en,us,2026-04-17 17:51:35,2025-10-07
e87076b8-b96f-45e1-8853-6fb979f30d00,Luce,"love the website, but i can't sign in to this app with my lichess account",3,0,0.17.8,0.17.8,2025-10-10 17:05:08,,,Lichess,Google Play,en,us,2026-04-17 17:51:35,2025-10-07
6caa8c69-038e-4d2a-9584-c5318a242f16,Nobel De Leon,This app looks nice than the old one. My problem is when watching live games it sleeps the screen follows my mobile setting. I can't see options how I can fix this it's very annoying that every time this is the routine,3,0,0.17.8,0.17.8,2025-10-10 12:46:14,,,Lichess,Google Play,en,us,2026-04-17 17:51:35,2025-10-07
09498bc8-7476-4495-abcc-b2d79aa8e769,Emeryk TV,awful UI,1,0,0.17.8,0.17.8,2025-10-09 21:51:19,,,Lichess,Google Play,en,us,2026-04-17 17:51:35,2025-10-07
5718035b-7b79-4906-83aa-6aabfbd7616f,ELLORA CHAKRABORTY,the best chess privacy,5,0,,,2025-10-09 17:12:31,,,Lichess,Google Play,en,us,2026-04-17 17:51:35,2025-10-07
0eabf9fb-5f54-4c41-b96d-c4a74c8d809c,Rishabh Sharma,"there is no option to ""learn from mistakes"" like earlier before update it has become bad with update ui and the options after games look terrible",3,0,,,2025-10-08 23:32:58,,,Lichess,Google Play,en,us,2026-04-17 17:51:35,2025-10-07
04a119d6-9eb7-4238-a2c4-3285bb05634b,Piotrek Duda,Why is there no option to play offline anymore???,1,1,0.17.8,0.17.8,2025-10-08 21:29:11,,,Lichess,Google Play,en,us,2026-04-17 17:51:35,2025-10-07
af42538b-a0f9-4013-a9ff-45d50cb0e03e,Ranz kyle Cotoner,I haven't played this game and it sucks,1,0,,,2025-10-08 10:57:21,,,Lichess,Google Play,en,us,2026-04-17 17:51:35,2025-10-07
1bcee218-fda2-48c1-8ffc-d836ddadcfac,Nick Nordstrom,"new update unappealing, cumbersome, unintuitive, and unesthetic. boys if it ain't broke don't fix it. this ain't Microsoft. if something works leave it alone. let me know when you revert back and I'll download the old version. otherwise I'm out for good",1,2,,,2025-10-07 19:18:34,,,Lichess,Google Play,en,us,2026-04-17 17:51:35,2025-10-07
cbe24763-c6de-4b01-819c-a1aa3f5b42d4,James Kean Antifuesto,adjust the plus rating and decrease when you lose,3,0,0.17.8,0.17.8,2025-10-07 14:06:28,,,Lichess,Google Play,en,us,2026-04-17 17:51:35,2025-10-07
03975c55-7066-4dfc-96d3-5e73c913552e,Jarryd Beck,Perfect. It lets you play chess and analyze with no bloat. Fast and responsive.,5,0,0.17.8,0.17.8,2025-10-07 09:58:17,,,Lichess,Google Play,en,us,2026-04-17 17:51:35,2025-10-07
abaf97bf-c35a-4418-804b-3bf8d8a2c709,Debojit Mozumder,"Very nice app but I recently can't sign in to my account after the recent update. After clicking authorize on the website, the app opens again with the sign in option. 😥",2,2,0.17.8,0.17.8,2025-10-06 16:06:50,,,Lichess,Google Play,en,us,2026-04-17 17:51:35,2025-09-30
7151ab9b-a17e-45c9-8531-272fe4e771b0,Ani,this app wasn't work I was open puzzle section and chosen theme mate in 1 and more but he is loading and show me connect to internet but my internet connection was good he is glitches why? not expecting lichess organisation and again and again,1,0,,,2025-10-06 11:20:07,,,Lichess,Google Play,en,us,2026-04-17 17:51:35,2025-09-30
e75b643f-6952-457c-a50e-b9129e2c14e4,Deepak Pathak,best chess app,5,0,,,2025-10-06 05:22:09,,,Lichess,Google Play,en,us,2026-04-17 17:51:35,2025-09-30
22857ddd-5400-4b8e-bcea-a75a8269e86d,Liv,won't let me log in,4,0,0.17.8,0.17.8,2025-10-05 22:03:03,,,Lichess,Google Play,en,us,2026-04-17 17:51:35,2025-09-30
bc64f9d2-43cd-4264-978d-ea296a7da472,Peter Sergas,Excellent app. Open to everyone.,5,0,0.17.8,0.17.8,2025-10-05 20:32:00,,,Lichess,Google Play,en,us,2026-04-17 17:51:35,2025-09-30
c9e9ac22-8e03-4e1b-9604-9755ed830c15,Dickson,I can't rotate the screen and some parts of my phone doesn't work,1,0,0.17.8,0.17.8,2025-10-05 15:03:20,,,Lichess,Google Play,en,us,2026-04-17 17:51:35,2025-09-30
eb2c7b0a-9434-40bb-afad-5fa0eca16e05,Christian James Villanueva,cant play with bot unlike before,1,0,,,2025-10-05 14:01:18,,,Lichess,Google Play,en,us,2026-04-17 17:51:35,2025-09-30
97949a08-30f9-4d67-a437-b4ebe79ac4c8,Kanakamma Peethambaran Achari,helps to learn chess faster,5,0,0.17.8,0.17.8,2025-10-05 05:00:19,,,Lichess,Google Play,en,us,2026-04-17 17:51:35,2025-09-30
a7ba34aa-0226-4fae-aa44-681689787988,Jeevan Yadav,without any cheat u block my id,1,1,,,2025-10-05 04:09:10,,,Lichess,Google Play,en,us,2026-04-17 17:51:35,2025-09-30
585c24fb-bc25-4457-be6c-11e8182b62e8,輝く月影歩き,Add studies and other missing features.,5,1,0.17.8,0.17.8,2025-10-05 00:05:27,,,Lichess,Google Play,en,us,2026-04-17 17:51:35,2025-09-30
2b516d31-7d4e-4c9a-92d0-e10f83e5368e,vdn,Can't see when the opponent disconnects after update,1,1,0.17.8,0.17.8,2025-10-04 13:23:39,,,Lichess,Google Play,en,us,2026-04-17 17:51:35,2025-09-30
f659bc4e-d82d-42c2-b4f8-e30ca8160c5f,Virmantas Rapalis,good app.,5,0,0.15.11,0.15.11,2025-10-04 08:10:01,,,Lichess,Google Play,en,us,2026-04-17 17:51:35,2025-09-30
0bee8cc7-88b6-40a4-8ad0-3d04075bbdff,Jenat Biju,Very good platform for learning chess 👏,5,0,0.17.8,0.17.8,2025-10-03 15:53:53,,,Lichess,Google Play,en,us,2026-04-17 17:51:35,2025-09-30
c908efe9-5b95-4811-9bf3-056dd7a26a0a,cicilia rosaria,This game dumb too many bugs,1,1,,,2025-10-03 13:40:03,,,Lichess,Google Play,en,us,2026-04-17 17:51:35,2025-09-30
ce407d20-b141-4f71-b4ab-7bbfdd1db1ae,abhishek kumar,lots of bugs in this new update.,1,0,,,2025-10-02 20:08:45,,,Lichess,Google Play,en,us,2026-04-17 17:51:35,2025-09-30
a4dfaf0f-a75f-40cf-ab5d-4fefb9da2866,Prashant Soni,"Can't play with stockfish anymore. Finding, adding and battling friends is tough. UI feels unorganised. I miss the old Lichess a lot.",3,3,0.17.8,0.17.8,2025-10-02 19:37:21,,,Lichess,Google Play,en,us,2026-04-17 17:51:35,2025-09-30
932e6416-c505-46c0-b415-e3d4f99ac048,Krishna Adhikari,best chess app of all time,5,1,0.17.8,0.17.8,2025-10-02 08:21:35,,,Lichess,Google Play,en,us,2026-04-17 17:51:35,2025-09-30
65a111e5-d6ad-49d3-a017-35abd06eb2ca,Ali Jahanpanah,copy of original lichess!,1,0,,,2025-10-02 07:30:57,,,Lichess,Google Play,en,us,2026-04-17 17:51:35,2025-09-30
f8f08caa-c87f-48be-a66a-0b3ce4197321,Suranga Rathnayake,you have been very happy,5,1,0.17.8,0.17.8,2025-10-02 02:52:34,,,Lichess,Google Play,en,us,2026-04-17 17:51:35,2025-09-30
fa0b623d-bf35-46f1-bfb1-707c3a922504,Parviz Imani,"When are you going to add blindfold mode? we can't do nothing with the application on the website as well we can't play easily with that mode because the focus jumps all the time frequently. I mean the focus isn't being kept steady, and takes us to other sections of the game I don't know what to do with this. What's the solution?",4,0,0.17.8,0.17.8,2025-10-01 23:43:28,,,Lichess,Google Play,en,us,2026-04-17 17:51:35,2025-09-30
5b62f581-8286-4ee6-b5a1-2b2b397aacc9,Shane's Games,app is good but when I filter puzzles by opening I can't choose if I only want white or black which is annoying,4,0,0.17.8,0.17.8,2025-10-01 18:15:28,,,Lichess,Google Play,en,us,2026-04-17 17:51:35,2025-09-30
bc5cf386-5186-4b40-b183-eb27c48152f9,Malvin Ndlovu,its difficult to remain on the tornamanent when you can a link from social platform,1,0,0.17.8,0.17.8,2025-10-01 18:14:39,,,Lichess,Google Play,en,us,2026-04-17 17:51:35,2025-09-30
30276588-0a25-47a9-832b-cc3cd7d88b56,dhinakaran vasagam,please add the offline mode in new app. make puzzles offline,3,0,,,2025-10-01 08:08:51,,,Lichess,Google Play,en,us,2026-04-17 17:51:35,2025-09-30
76df8b83-9224-4b54-a127-ff5230ab2769,Dmitry Dubov,no play with the computer option,2,0,0.17.8,0.17.8,2025-10-01 02:16:42,,,Lichess,Google Play,en,us,2026-04-17 17:51:35,2025-09-30
28396a07-e7ca-4975-8a2e-a0bce97156e6,Simone Lungarella,It's by far the best chess application.,5,1,0.17.8,0.17.8,2025-09-30 21:28:17,,,Lichess,Google Play,en,us,2026-04-17 17:51:35,2025-09-30
02129ec3-cd60-4759-8220-e8b90274bdd5,Elliot,engine analysis often stops working on this app,2,0,0.17.8,0.17.8,2025-09-30 17:28:42,,,Lichess,Google Play,en,us,2026-04-17 17:51:35,2025-09-30
3db8421e-131e-47b1-ba8a-1e6d8acc0178,Sparsha Das,Very good app and provides premium meterial for free,5,1,0.17.8,0.17.8,2025-09-30 07:24:21,,,Lichess,Google Play,en,us,2026-04-17 17:51:35,2025-09-30
f95284ca-e575-48d4-863e-98c536f16265,Kurtis SK,Games don't start properly.,1,0,0.17.8,0.17.8,2025-09-29 15:11:55,,,Lichess,Google Play,en,us,2026-04-17 17:51:35,2025-09-23
6ad85d3b-f863-4410-91d1-c6227c9b3c86,Ali Hasan,Puzzles are very good .But players activity is not good.But I love this app So more,5,1,,,2025-09-29 04:38:35,,,Lichess,Google Play,en,us,2026-04-17 17:51:35,2025-09-23
18e4d9af-bf8b-4280-81ac-9369e3b11bbd,Joseph Hlucny,"bring back the old UI, what is this garbage!?",1,0,0.17.8,0.17.8,2025-09-29 03:11:42,,,Lichess,Google Play,en,us,2026-04-17 17:51:35,2025-09-23
e800db71-6f3b-4874-b265-1b7c017b94fe,Deepthi Damruwan,best app in my phone.,5,1,0.17.8,0.17.8,2025-09-28 21:10:21,,,Lichess,Google Play,en,us,2026-04-17 17:51:35,2025-09-23
61fba1d1-1d94-4388-b0d8-f38ea13f77c1,کیان خسروی,very very good 👍,5,0,,,2025-09-28 15:48:58,,,Lichess,Google Play,en,us,2026-04-17 17:51:35,2025-09-23
05a63808-2d87-4551-8092-0e113c7fb6fa,Harish Khan,this app atleast lets you evaluate your games 📵⬆️↗️➡️↘️⬇️⤵️,5,1,,,2025-09-28 08:32:44,,,Lichess,Google Play,en,us,2026-04-17 17:51:35,2025-09-23
0712b588-134c-4533-b577-b8119fbd4fd4,Pratham,"For some strange reason, the entire app crashes every time I try to analyse my game post mortem. No matter how I try, the analysis board stays on screen for no more than a couple of seconds before I am booted to my home screen. Since analysis is such an important feature for Chess players, I hope some effort can be put in to solve this issue.",4,3,0.17.8,0.17.8,2025-09-28 06:31:57,,,Lichess,Google Play,en,us,2026-04-17 17:51:35,2025-09-23
edd9daca-03c8-47b7-9c3d-ae94039ab730,Rohit Yadav,What a UI renovation!!! It's Superb,5,1,0.17.8,0.17.8,2025-09-27 22:09:38,,,Lichess,Google Play,en,us,2026-04-17 17:51:35,2025-09-23
6bcbbad2-3715-4c95-9329-8d966d9bc712,Yassin Elawadi,chess is the most interesting game ever,5,0,0.17.8,0.17.8,2025-09-27 14:47:07,,,Lichess,Google Play,en,us,2026-04-17 17:51:35,2025-09-23
574098b7-6ce2-4271-81b4-26f550bc327a,Minh Đỗ (M1dz),like zhis app,5,0,0.17.8,0.17.8,2025-09-27 08:35:24,,,Lichess,Google Play,en,us,2026-04-17 17:51:35,2025-09-23
a4a2d3c9-2bd3-4ad6-a05f-ad801290a99a,DUSHYANT RAJASEGAR,really good,5,0,,,2025-09-26 17:42:51,,,Lichess,Google Play,en,us,2026-04-17 17:51:35,2025-09-23
e78bee07-63a2-47a5-971c-3b70cad45107,Brad Schierer,"updated app with features removed is the first step to monetization. it's okay though bc their computer mode AI is a watered down, swingy version of Stockfish.",2,0,,,2025-09-26 15:16:13,,,Lichess,Google Play,en,us,2026-04-17 17:51:35,2025-09-23
6041e95d-a95f-4fe0-a204-79fe2f783ba7,Giannis Antetokounmpo,"Lagging issues is annoying. Yeah, lichess is free but I've seen more the reconnecting text than what i can play. it's just the sad reality. yes, there's a ton of good things compared to chesscom but network issues is too much to handle. ofc, it will not be addressed because who i am to be heard by a big company.",1,29,0.17.8,0.17.8,2025-09-26 10:47:17,,,Lichess,Google Play,en,us,2026-04-17 17:51:35,2025-09-23
dbb6dffe-b52f-47c2-900c-958ae195b3b0,sreeker siva,"the app is constantly logging me out. every time after i close the app, it asks me to login again. i love lichess but it's very annoying i have to login again and again",1,3,0.17.8,0.17.8,2025-09-26 09:39:18,,,Lichess,Google Play,en,us,2026-04-17 17:51:35,2025-09-23
78b4effb-f426-4870-a2ea-b0e044a3780f,Kanchha Sah,"You will definitely love this app. Here, you can improve your chess skill with various chess puzzles: opening, attack, end puzzles, etc.",5,1,0.17.8,0.17.8,2025-09-26 07:01:19,,,Lichess,Google Play,en,us,2026-04-17 17:51:35,2025-09-23
77f8ad20-6294-4738-9c32-32b44ed122b0,Aline Cabral,"Time outs all the time. I refused to play with someone 600 points lower than my rating and I was punished with 5 hours time out. MY OPPONENT was losing and left the time ran out and I was punished with 2 hours time out. Anyway, I uninstalled the game and downloaded another one.",1,0,,,2025-09-26 00:39:31,,,Lichess,Google Play,en,us,2026-04-17 17:51:35,2025-09-23
7f7c5634-d411-47f2-885d-238692f05ba3,Marty,cannot use board editor to set up a game against the computer.,3,0,0.17.8,0.17.8,2025-09-25 23:39:20,,,Lichess,Google Play,en,us,2026-04-17 17:51:35,2025-09-23
ece80273-b896-4405-8d76-3eb5d1806f02,F M,what did you do?? app is messed up. old version worked. this one it is nonresponsive and requires new sig. in each session.,1,1,0.17.8,0.17.8,2025-09-25 23:16:34,,,Lichess,Google Play,en,us,2026-04-17 17:51:35,2025-09-23
997455b7-0580-4ca1-96b3-d2b3e7098344,Rahuul Borse,I am uninstall this app because pings very high on Indian network and broadbands... work on it.. my internet is fast and latency is best.,2,1,0.17.8,0.17.8,2025-09-25 21:56:10,,,Lichess,Google Play,en,us,2026-04-17 17:51:35,2025-09-23
289bbd5c-ccc4-4e94-9d33-0fae9280fd60,Younos,Can't play anti chess on app,1,0,0.17.8,0.17.8,2025-09-25 18:35:01,,,Lichess,Google Play,en,us,2026-04-17 17:51:35,2025-09-23
8d8469f5-6602-4bdb-90f0-e5988f2ed00c,Nitin Agarwal,"Updated. Now, every time I open the app I have to login. The app was so good before this update & equally horrible now.",1,2,0.17.8,0.17.8,2025-09-25 16:00:38,,,Lichess,Google Play,en,us,2026-04-17 17:51:35,2025-09-23
0492d221-9323-4f4c-9b0d-decf9f821dcf,gareth towne,"why can I only do standard and 960? On the old version I used to do racing kings, Koth.",2,0,0.17.8,0.17.8,2025-09-24 20:24:58,,,Lichess,Google Play,en,us,2026-04-17 17:51:35,2025-09-23
8e65cdd3-8397-4aad-a356-54fbb71a0301,Kay Kay,"really wish if u could add lc0 as 2nd chess engine board analyzer because even tho its slightly weaker, it uses mcts making it more open minded to explore bad moves even over time so pls update the game rn its easy to implement lc0 if its for stockfish",4,0,0.17.8,0.17.8,2025-09-24 17:13:32,,,Lichess,Google Play,en,us,2026-04-17 17:51:35,2025-09-23
68062cde-99b3-4932-9b56-71cbe62e1639,chiru siddu,unable to use the app with mobile data.. it only works with Wi-Fi.. can anyone let me know if it's the same for all..,1,5,0.17.8,0.17.8,2025-09-24 15:07:44,,,Lichess,Google Play,en,us,2026-04-17 17:51:35,2025-09-23
7ccc93d5-563d-443c-b312-db3b739127c9,Lovelesh Lodhi,"Lichess is an amazing platform. Everything is completely free puzzles, analysis, and practice tools. it’s perfect for everyone from beginners to advanced players. I like it pls lichess don't get premium.thank you.",5,0,0.17.8,0.17.8,2025-09-24 12:09:32,,,Lichess,Google Play,en,us,2026-04-17 17:51:35,2025-09-23
8723739b-7a64-4348-ad01-1c9595e34b7e,Mathew Folasade,best online chess app,5,0,,,2025-09-23 12:15:39,,,Lichess,Google Play,en,us,2026-04-17 17:51:35,2025-09-23
e02fc060-7ee4-4f74-a976-aa3443dedc0a,Marco Vargas,the new update is a trash 🗑️,1,0,0.17.8,0.17.8,2025-09-23 00:16:32,,,Lichess,Google Play,en,us,2026-04-17 17:51:35,2025-09-23
0378621c-7581-4cbc-898a-aa8893d74667,Haitham Samy,BRILLIANT app keep going 💪💪💪❤️❤️❤️,5,0,0.17.8,0.17.8,2025-09-22 16:04:24,,,Lichess,Google Play,en,us,2026-04-17 17:51:35,2025-09-16
4aa46d52-eb7d-47a6-99f2-de2fbad252fa,Canes Venatici,Bruh... offline functionality is basically almost non-existence now.,2,0,0.17.8,0.17.8,2025-09-22 15:12:07,,,Lichess,Google Play,en,us,2026-04-17 17:51:35,2025-09-16
34577bad-e8f3-4f43-b63a-5f2d20bef383,Ryan Jay P. Pebenito,very good 👍,5,0,0.17.8,0.17.8,2025-09-22 12:58:48,,,Lichess,Google Play,en,us,2026-04-17 17:51:35,2025-09-16
5559950a-3581-40d3-9ed5-2ed69e6d2cff,Cody,"it is a chess game, with people. This is profound. thanks",5,0,0.17.8,0.17.8,2025-09-22 03:57:15,,,Lichess,Google Play,en,us,2026-04-17 17:51:35,2025-09-16
bdf5e936-7406-4380-9478-6a6dd7ea9f73,Arnab Dasgupta,bug with this app... Even though the opponent didn't play the game and took it to zero timer and I have much time still the game cut my score and added him score,1,1,0.17.8,0.17.8,2025-09-21 18:57:00,,,Lichess,Google Play,en,us,2026-04-17 17:51:35,2025-09-16
9735d0d6-9737-45f1-83f0-04842b735de8,Jaiden Jansen,"Lichess… a battlefield without cost, where every move reveals weakness and every puzzle sharpens resolve. It offers endless simulations, analysis like a war council, and freedom from distraction. No ads, no limits—only strategy. If one seeks to rise as a commander of the board, this is the arena.",5,13,,,2025-09-21 16:09:00,,,Lichess,Google Play,en,us,2026-04-17 17:51:35,2025-09-16
4cc754b7-0ae0-4f4e-8b40-ebedab8a5cd2,ahmad wasil shahrukhi,it's show my ping more then 2000 always while my internet is so fast in another app,1,0,0.17.8,0.17.8,2025-09-21 15:05:03,,,Lichess,Google Play,en,us,2026-04-17 17:51:35,2025-09-16
70d9c52e-b65e-4944-8c2c-f00ad7d0db7f,Edvin Halmøy,best chess app,5,0,0.17.8,0.17.8,2025-09-21 12:37:08,,,Lichess,Google Play,en,us,2026-04-17 17:51:35,2025-09-16
5d1ec8f2-f563-46ea-97c3-a2c72e41b607,J.R. Julius,"This is the best app I’ve ever used. It offers unlimited puzzles and strong engine analysis, and it’s definitely better than some apps I’ve paid for. If it added a feature to play against AI, it would be even better.",5,1,0.17.8,0.17.8,2025-09-21 02:08:36,,,Lichess,Google Play,en,us,2026-04-17 17:51:35,2025-09-16
0a3e4b69-7161-419e-8195-26359f48bb1b,Burrup,"Can not login, please fix 🙏 I also have the other Lichess app installed simultaneously if that helps your diagnosis.",3,0,0.17.8,0.17.8,2025-09-20 21:28:37,,,Lichess,Google Play,en,us,2026-04-17 17:51:35,2025-09-16
3864e675-e8c9-4246-bbd4-6681b1b13936,Utkarsh Acharya,L experience....very lagging app... just horrible.. just use for puzzles and training guys. edit 1: still ain't fixed..haha you're no competitor to that site.,1,3,0.17.3,0.17.3,2025-09-20 17:05:30,,,Lichess,Google Play,en,us,2026-04-17 17:51:35,2025-09-16
559a2d8f-6233-4ac0-87f2-e084f6128199,Mitali Boruah,lichess have too strong players not good for noob like me all pairing are like grandmaaters,5,0,0.17.3,0.17.3,2025-09-20 15:35:56,,,Lichess,Google Play,en,us,2026-04-17 17:51:35,2025-09-16
c88bfa55-6c3a-451a-8eb1-0d238308599a,Павел Авдеев,"If I get a message or a call, or even switch to another app for just a moment, the game resets and I automatically lose.",1,3,0.17.8,0.17.8,2025-09-19 22:37:58,,,Lichess,Google Play,en,us,2026-04-17 17:51:35,2025-09-16
5d8654c0-c285-4c02-952d-f83ad97f2ed0,Paul Krabill,"losing points for a stalemate is so stupid, really encourages people to quit early",1,0,0.17.8,0.17.8,2025-09-19 18:51:09,,,Lichess,Google Play,en,us,2026-04-17 17:51:35,2025-09-16
41e51e6c-e786-4a3d-aa8b-5ae0c1ff8bfa,Manojkumar Hemrajani,The app is so good but you should add computer analysis feature in app also just like lichess website has I love lichess and it is better than cheater. Com,5,0,,,2025-09-19 18:23:10,,,Lichess,Google Play,en,us,2026-04-17 17:51:35,2025-09-16
a462b2d2-8730-4b12-b3f7-37e13e6a255a,Nicolas Smoot,"""Updated"" app no longer allows offline play against the computer. Why would you go to the trouble of removing such a useful feature? In the past I could keep playing even when there is no internet connection. Now when I am offline the app is worthless.",1,313,0.17.8,0.17.8,2025-09-19 12:47:10,,,Lichess,Google Play,en,us,2026-04-17 17:51:35,2025-09-16
6f53028c-09fb-4c59-b1d2-ee3f203fcf9b,Chukwuemeka Celestine,"I don't even understand this latest update, it is a complete mess up, please bring back the old app",3,1,0.17.8,0.17.8,2025-09-19 07:40:37,,,Lichess,Google Play,en,us,2026-04-17 17:51:35,2025-09-16
ae9587af-c546-4e34-b8e8-476cb70899e5,Death Lord,why i can't make my account.. why it says Lichess is unreachable.. and don't tell me to contact you through email.. you see this review.. now fix it!!,1,0,,,2025-09-18 17:04:28,,,Lichess,Google Play,en,us,2026-04-17 17:51:35,2025-09-16
3d3afa10-5333-4b84-ab8c-30850e14efbe,Sanjay Kamar,Powerfull application,5,0,,,2025-09-18 15:25:33,,,Lichess,Google Play,en,us,2026-04-17 17:51:35,2025-09-16
916bee0d-2ad7-4b67-8677-3dbdc9e41ded,Jay Michael,"Infested with Bots, AI, engines and cheaters. Especially Anonymous play. Uninstalling. 👎",1,1,0.17.8,0.17.8,2025-09-18 14:55:04,,,Lichess,Google Play,en,us,2026-04-17 17:51:35,2025-09-16
0914325c-5fb8-4cba-8dd1-76b18010f3e3,Malcolm,works perfectly!,5,0,,,2025-09-17 22:16:21,,,Lichess,Google Play,en,us,2026-04-17 17:51:35,2025-09-16
9942c2ac-44de-4c0b-9e48-1b0cc1837e8a,Hemant Apte,very bad always making me lose and nonsense chess is the worst game in the whole world,1,0,,,2025-09-17 15:40:02,,,Lichess,Google Play,en,us,2026-04-17 17:51:35,2025-09-16
c21a2b00-1af0-4ded-af2f-cea11e8bd95f,Girraj Yadav,"The Lichess app is great overall, but it keeps crashing again and again, especially during game analysis. This issue makes it really hard to review my games properly. I am using a Xiaomi Pad 6, so maybe it’s a compatibility problem. Please fix this because the app is otherwise amazing and very useful for players.",2,3,0.17.8,0.17.8,2025-09-17 10:20:57,,,Lichess,Google Play,en,us,2026-04-17 17:51:35,2025-09-16
efebbeb1-3a1b-4369-befb-96f3337188f7,AVENGERS CHESS ACADEMY,wonderful feature for professional chess players,5,0,0.17.8,0.17.8,2025-09-16 14:54:00,,,Lichess,Google Play,en,us,2026-04-17 17:51:35,2025-09-16
44c5db72-2de4-472b-96b1-c98fbebf3355,Rangga Febryan,weird i couldn't login,1,0,0.17.8,0.17.8,2025-09-16 13:50:31,,,Lichess,Google Play,en,us,2026-04-17 17:51:35,2025-09-16
800f1c57-8d82-40b8-a981-d2450d310a6b,Akhil Surya,super online chess app,5,1,,,2025-09-15 20:05:12,,,Lichess,Google Play,en,us,2026-04-17 17:51:35,2025-09-09
4c33183f-e0b7-40d5-b9fa-4bedfdc6c0e1,نرگس,I don't like it.,1,0,0.17.8,0.17.8,2025-09-15 12:50:43,,,Lichess,Google Play,en,us,2026-04-17 17:51:35,2025-09-09
8b360231-339b-4e13-bdc8-2626d358ecd6,ANURAG KUMAR,worst game server is so poor time waste,1,0,,,2025-09-15 11:27:47,,,Lichess,Google Play,en,us,2026-04-17 17:51:35,2025-09-09
e262f596-1801-4952-9212-22031aa6c3d3,Mohammad “ScienceLover”,a lot of bugs,1,0,0.17.8,0.17.8,2025-09-14 22:28:06,,,Lichess,Google Play,en,us,2026-04-17 17:51:35,2025-09-09
c4fac6ab-9e83-449f-8475-4cd14a6e7af9,vincent tholakele,Peak greatness. The network is amazing. Nolonger disconecting distroying my rating. This is better.,5,1,0.17.8,0.17.8,2025-09-14 22:04:41,,,Lichess,Google Play,en,us,2026-04-17 17:51:35,2025-09-09
cd01a4b0-d896-49e5-80e2-74c8d12badec,Bhavath Krishna,good very good,5,1,0.17.8,0.17.8,2025-09-14 17:03:24,,,Lichess,Google Play,en,us,2026-04-17 17:51:35,2025-09-09
acc2fd7e-41d1-403a-bf3c-9bbbc6c70228,Sebastian Thompson,"Same washed up players over and over, zero skill involved when you play against bots. Steer clear",1,0,,,2025-09-14 16:34:04,,,Lichess,Google Play,en,us,2026-04-17 17:51:35,2025-09-09
77cf9118-ffbe-41dd-959b-71b5df585acb,Ricardo Carona,"After many years using other apps, I am quite satisfied with lichess. The only 2 features that I miss are ""correspondence"" tournaments (e.g. 3 days per move) and conditional moves. The rest is great 👍",4,0,0.17.8,0.17.8,2025-09-14 10:50:08,,,Lichess,Google Play,en,us,2026-04-17 17:51:35,2025-09-09
baad778c-f6dc-4653-81d3-5e8caace197a,G'ulomjon,Amazing,5,0,0.17.8,0.17.8,2025-09-13 19:05:39,,,Lichess,Google Play,en,us,2026-04-17 17:51:35,2025-09-09
c221ccc9-a171-4bff-8aee-d1dc47035959,Seema Ghotekar,not abble to signing in this app,1,0,,,2025-09-13 17:47:46,,,Lichess,Google Play,en,us,2026-04-17 17:51:35,2025-09-09
940724c9-1dcf-4495-be01-0a01efc8dca2,ajay kumar,extreme lagging issues,1,0,,,2025-09-13 15:36:43,,,Lichess,Google Play,en,us,2026-04-17 17:51:35,2025-09-09
adf1173c-8c67-412b-9430-fdc01ee2f28f,David VendeL,"the old UI was perfect, this is self sabotage",3,3,0.17.8,0.17.8,2025-09-13 13:30:24,,,Lichess,Google Play,en,us,2026-04-17 17:51:35,2025-09-09
77177ae4-100f-4c06-a4a1-52059f7d6f75,Aamir Khan,just love this app its free effective and usefull,5,1,0.17.8,0.17.8,2025-09-13 09:19:59,,,Lichess,Google Play,en,us,2026-04-17 17:51:35,2025-09-09
601d5536-574d-4dbd-9432-86d7182da56d,Shlok Singh,this new app added a lot of needed features,5,1,0.17.8,0.17.8,2025-09-12 23:08:54,,,Lichess,Google Play,en,us,2026-04-17 17:51:35,2025-09-09
085b59d8-1a9f-491a-8b72-56f7d5e802a1,Miruš Hofmanová,"The last update is horrible. It's hard to navigate, I can't find the quick games or anything else I used to use. The figures are disgusting and hard to recognize. Made me uninstall the app.",1,1,,,2025-09-12 22:29:14,,,Lichess,Google Play,en,us,2026-04-17 17:51:35,2025-09-09
7336d29c-fb1c-4a4b-9170-cdb0f15b9972,Yash Sharma,app is closed forcefully when you initiate engine analysis. please fix this,2,18,0.17.8,0.17.8,2025-09-12 16:26:31,,,Lichess,Google Play,en,us,2026-04-17 17:51:35,2025-09-09
fd159f9c-10ba-4589-9a7f-3eb791007dbd,ANA STEP,it's really good 👍,5,0,0.17.3,0.17.3,2025-09-12 00:43:40,,,Lichess,Google Play,en,us,2026-04-17 17:51:35,2025-09-09
12406906-f0ad-4dfc-b757-077ad13ae942,J H,Honestly the best chess game on the net. All the others have ads and this doesn't. I am used to the old interface and it has just updated to the new one so let's see how it goes.,5,0,,,2025-09-11 17:44:53,,,Lichess,Google Play,en,us,2026-04-17 17:51:35,2025-09-09
a5ff9dfb-9f0b-4d8f-83d2-8b0d6247a1d6,Mustafa Abd El-Nasser,"the new UI is acceptable for me and i understand that lichess mobile needed to have those features that's for the PC Users but the whole last month i couldn't make analysis for my games through mobile and i had to open my laptop to analyze a game, as soon as i open the analysis board the app closes, please fix this.",2,8,0.17.8,0.17.8,2025-09-11 10:50:52,,,Lichess,Google Play,en,us,2026-04-17 17:51:35,2025-09-09
6a20ddca-f333-4d5b-8cf0-ff6940afc50f,Hamzcorp,The new update is a downgrade it makes everything difficult and unbearable so pathetic,1,4,0.17.8,0.17.8,2025-09-10 19:48:13,,,Lichess,Google Play,en,us,2026-04-17 17:51:35,2025-09-09
6e868d00-5431-4e24-8e3c-fd0af94d0b7e,Subham Baruah,one of the best to play chess for free,5,0,,,2025-09-10 18:42:51,,,Lichess,Google Play,en,us,2026-04-17 17:51:35,2025-09-09
dc7b3e4a-bb94-4fa0-8f00-209e1a69b317,Nick Antonov,There are no notifications :( Return them back please,3,0,0.17.8,0.17.8,2025-09-10 18:36:12,,,Lichess,Google Play,en,us,2026-04-17 17:51:35,2025-09-09
5bf95903-fe91-4642-8523-a8b34090d122,Raghava Karna,"terrible with the new update.. i want to switch back to old version, can someone help me with it",1,4,0.17.8,0.17.8,2025-09-10 18:13:14,,,Lichess,Google Play,en,us,2026-04-17 17:51:35,2025-09-09
da9e6a39-6012-48e8-9b88-5bf3269150e9,Somto Ugwu,"I uninstalled the app previously to take a break..I come back, reinstall the app to play play game and all the pieces are so confusing.. I just lost a game right now because I couldn't even keep track of the pieces on the board please put an option to switch the ""visuals"" to the way it was before",2,13,0.17.8,0.17.8,2025-09-10 16:07:54,,,Lichess,Google Play,en,us,2026-04-17 17:51:35,2025-09-09
7b7808e6-3333-41ab-8157-5bb799896765,Mark Anthony Dela Cruz Galit,Amazing!! 😊,5,0,0.17.8,0.17.8,2025-09-10 06:43:21,,,Lichess,Google Play,en,us,2026-04-17 17:51:35,2025-09-09
1d3ddc5c-fdd4-4337-9d1a-24dc51172331,Rohan Mathur,"Hey, this app is really free and helpful for playing and learning chess. I want to suggest pls add good, best and brilliant moves in computer analysis. And pls also add some books which have recent games and trivia of chess. Pls make UI more intresting. pls add ideas of move while analysing games.",5,10,0.17.8,0.17.8,2025-09-10 03:29:24,,,Lichess,Google Play,en,us,2026-04-17 17:51:35,2025-09-09
4110d1ba-eb89-4bb0-801c-20fc8143198c,Alex M,Play against computer offline. can you do it? No.,1,1,0.17.8,0.17.8,2025-09-09 22:32:56,,,Lichess,Google Play,en,us,2026-04-17 17:51:35,2025-09-09
749d55e6-cb10-4d5c-bbb0-e1aa87652007,Chukwuebuka Okafor,"Ever since the last update, I can't login into my account.",1,0,0.17.8,0.17.8,2025-09-09 19:07:53,,,Lichess,Google Play,en,us,2026-04-17 17:51:35,2025-09-09
3fe42911-a57e-44a2-8d3b-1a098e65e5da,Remiel Remojo,"when i try to download the nnue files so i can analyse my games, it kicks me out",2,0,0.17.8,0.17.8,2025-09-09 13:13:23,,,Lichess,Google Play,en,us,2026-04-17 17:51:35,2025-09-09
7e16a103-3cc4-400e-9ac1-570d88fa605e,Prashant Tukadiya,where is option to play against computer level 1 ?,4,0,0.17.8,0.17.8,2025-09-09 08:52:55,,,Lichess,Google Play,en,us,2026-04-17 17:51:35,2025-09-09
fa20ac33-af96-4146-9476-79f639a957f1,Dean,top chess app imo.,5,0,0.17.8,0.17.8,2025-09-09 00:32:48,,,Lichess,Google Play,en,us,2026-04-17 17:51:35,2025-09-09
46fe8a1f-1efa-421e-ac56-b6af7b566136,Nima Razmgir,i CANNOT LOG IN ! send me the email for the love of god,1,0,0.17.8,0.17.8,2025-09-08 16:07:02,,,Lichess,Google Play,en,us,2026-04-17 17:51:35,2025-09-02
0ec2bd8d-9e94-4f69-b4a0-e0cf5dd68fe9,Michael Akanho,"I love the fact that I can analyse games of Grandmasters, instead of going to the site, there's also puzzles race. The UX is superb. it seems there is something wrong with the recent update, I can't login into my account. it is showing the authorize option, but when I click it nothing happens",5,114,0.17.8,0.17.8,2025-09-07 20:27:15,,,Lichess,Google Play,en,us,2026-04-17 17:51:35,2025-09-02
66932881-3b03-4a70-abfb-7b4b1521893e,Priyanshu Nama,what the hell nowadays it's clock is totally misbehaving multiple ames its lagging i lost cause it show my opponent's turn but eventually runs on on my time ...😪,1,1,0.17.8,0.17.8,2025-09-07 12:36:49,,,Lichess,Google Play,en,us,2026-04-17 17:51:35,2025-09-02
ff30774e-2dce-482d-a40d-1bab7a24e385,Manjit Kaur,"I want to inform you that I experienced that my opponent time is not reducing even it's still same and my time is continuously decreased well, I am 27 sec ahead from my opponent and he have 6 sec on clock and he is still taking time for each move but I am just playing my premoves but still I lose on time , it very bad experience as I have well internet connection plz once notice this issue",1,9,0.17.8,0.17.8,2025-09-07 07:17:53,,,Lichess,Google Play,en,us,2026-04-17 17:51:35,2025-09-02
d5a6bf3e-19fb-4d2b-b777-3a4f731ec6f5,Renee Richard,New update doesn't let you log in on mobile.,1,0,0.17.8,0.17.8,2025-09-06 23:02:05,,,Lichess,Google Play,en,us,2026-04-17 17:51:35,2025-09-02
06f83dbc-7030-41d5-8402-be62204a85d2,Mikhail S,"great update, much better interface, finally can analyze the games on mobile",5,0,0.17.8,0.17.8,2025-09-06 11:07:14,,,Lichess,Google Play,en,us,2026-04-17 17:51:35,2025-09-02
366543fb-f746-4c59-a1c8-472346030ce3,Madison Duxbury,"The chess is great, report system is terrible for leavers",3,0,0.17.8,0.17.8,2025-09-06 08:31:50,,,Lichess,Google Play,en,us,2026-04-17 17:51:35,2025-09-02
4357292d-b122-420c-bcb8-0461c3ecfcef,Xxbhai,best chess app,5,1,0.17.3,0.17.3,2025-09-06 07:46:33,,,Lichess,Google Play,en,us,2026-04-17 17:51:35,2025-09-02
cd291cc5-3091-4b61-a4bb-f447ce03a835,Arun Prasath,unfortunately we are happy having this game,5,0,,,2025-09-05 11:27:06,,,Lichess,Google Play,en,us,2026-04-17 17:51:35,2025-09-02
318ffcd8-385e-4f67-a69b-c33629602925,Asamoah Samuel,great app,5,0,0.17.3,0.17.3,2025-09-04 23:00:55,,,Lichess,Google Play,en,us,2026-04-17 17:51:35,2025-09-02
82b5f507-3f35-40fb-b1c0-5601367b777c,James Traynor,"First of I deeply apologise for my last inmature review, unaware at the time i was using a beta version i found awkward to use compared to the old simplified version, The new Lichess App is a pure gift <3 ( Thank You )",5,0,0.15.11,0.15.11,2025-09-04 19:12:34,,,Lichess,Google Play,en,us,2026-04-17 17:51:35,2025-09-02
9a841a1f-fd2b-445c-be41-311ff04d360f,Arnold K,Whenever I win the rating doesn’t change. Please fix this issue.,2,0,0.17.8,0.17.8,2025-09-04 16:55:21,,,Lichess,Google Play,en,us,2026-04-17 17:51:35,2025-09-02
c5abd13f-8ff2-4fd6-a015-9b6064acffd4,Xavier Semel-DeFeo,"you guys had a great app and then completely changed it for some reason?! Why? Anyway, sometimes it won't start games or starts them and just doesn't tell you. Features you used to have you no longer have.",3,1,0.17.8,0.17.8,2025-09-04 16:36:15,,,Lichess,Google Play,en,us,2026-04-17 17:51:35,2025-09-02
6d79e7b6-0022-4d3b-aaf3-8bf04ce20bb7,Vineeth Reddy,The app is great. The only problem is that there is no option to play with the computer in the mobile app. Kindly look into this and fix it.,3,1,0.17.8,0.17.8,2025-09-04 16:14:36,,,Lichess,Google Play,en,us,2026-04-17 17:51:35,2025-09-02
ac98a1b4-6a08-4fd6-b65d-f203106596dd,Max Adamson,"It is impossible to play offline, against the computer",1,1,0.17.8,0.17.8,2025-09-03 17:54:56,,,Lichess,Google Play,en,us,2026-04-17 17:51:35,2025-09-02
385c4a8c-c10e-4e5e-9e05-30dcd4584c18,Wesley Kessack,Excellent site with a huge range of free features,5,0,,,2025-09-03 08:55:59,,,Lichess,Google Play,en,us,2026-04-17 17:51:35,2025-09-02
2e5b74f9-70ff-4a39-b565-dbab34024a9a,Prakhar Sharma,"Dear lichess team, please try to add 'play with friends' feature in the app.",4,0,0.17.8,0.17.8,2025-09-02 14:20:51,,,Lichess,Google Play,en,us,2026-04-17 17:51:35,2025-09-02
5449b871-ce0b-4d54-9b7f-2ea3b3f1413e,Áĺoøsh Lebro :3,"very good, and ad free without paying any thing to analyze games. But I think you should add briliant and great moves in analysis style",5,1,,,2025-09-01 13:00:09,,,Lichess,Google Play,en,us,2026-04-17 17:51:35,2025-08-26
c42c7e60-97e0-40c6-b9cf-5a569a225fdb,SEKERIYE MAHAMED,When i enter the player's profile i can see the clubs they're in. i can't see mine either,2,0,0.17.8,0.17.8,2025-09-01 09:39:50,,,Lichess,Google Play,en,us,2026-04-17 17:51:35,2025-08-26
5185da56-cf54-4aa9-abe8-da1d57c6eeac,Steven White,having trouble using the share and export during a correspondence game. really enjoy the app.,4,0,0.17.3,0.17.3,2025-09-01 00:48:48,,,Lichess,Google Play,en,us,2026-04-17 17:51:35,2025-08-26
0ab1bb9f-0de0-4d9f-b9d0-0907102ebd79,Sumit Sardar,I love lichess.. so Ingqve 5 star. But there are some problem in the app. like I cant find my team or club. So its difficult to join custom teams.,5,1,0.17.3,0.17.3,2025-08-31 20:15:02,,,Lichess,Google Play,en,us,2026-04-17 17:51:35,2025-08-26
49e95454-aed4-4dd6-ad0a-3eb883f6c602,Sincerely Yours,"I signed up to use this app like, a decade ago. I do not remember the username, nor my pin??",2,0,,,2025-08-31 18:50:21,,,Lichess,Google Play,en,us,2026-04-17 17:51:35,2025-08-26
bf04be13-e5b0-4a77-8137-b9771762562a,PRASHANT TIWARI,not like new update third class update. uninstalling frok heavy heart,1,1,,,2025-08-31 18:45:07,,,Lichess,Google Play,en,us,2026-04-17 17:51:35,2025-08-26
020b9480-bbde-4668-9092-7a28686388b2,Gautam,"i can't login, when I click on log in, it forcefully sends me into browser and even if I login in browser, it doesn't get logged in in-app",2,1,0.17.3,0.17.3,2025-08-31 13:22:30,,,Lichess,Google Play,en,us,2026-04-17 17:51:35,2025-08-26
bc89267e-9a10-4a7a-a8bd-d601fbc0b965,Aaron Gull,lichess is fantastic but I dislike the new update. the old app was much easier to navigate.,4,0,0.17.3,0.17.3,2025-08-31 04:45:31,,,Lichess,Google Play,en,us,2026-04-17 17:51:35,2025-08-26
53ef879a-6f31-4074-a31b-07231956fb30,Panashe Lawrence,how do you create a tournament,1,0,0.17.3,0.17.3,2025-08-30 21:10:55,,,Lichess,Google Play,en,us,2026-04-17 17:51:35,2025-08-26
3421845d-84d3-45da-a414-c936d6971c09,Lydia fernandes,intresting & awesome,5,1,,,2025-08-30 20:33:47,,,Lichess,Google Play,en,us,2026-04-17 17:51:35,2025-08-26
22298548-720a-434e-b76a-c7bcda933a37,ドボシュアーサー,can't log in to the app on Xiaomi. it keeps open the browser and logs me in in the browser and never inside the app,2,0,,,2025-08-30 17:28:17,,,Lichess,Google Play,en,us,2026-04-17 17:51:35,2025-08-26
969608f8-152e-4a54-a9fa-ca281f49de80,Ram Bansal,best app ever,5,0,,,2025-08-29 11:07:56,,,Lichess,Google Play,en,us,2026-04-17 17:51:35,2025-08-26
aac7692f-d001-43bb-a2e2-d94e05bba361,neeraj tomar,I love this game,5,0,,,2025-08-29 10:23:51,,,Lichess,Google Play,en,us,2026-04-17 17:51:35,2025-08-26
43eaf93a-b0b4-4d9f-be90-4ddd4237e895,Raval Khirod,"your own very telented clock player(🃏) v/s me, nothing else to say. Not a single response from the app. Most worst.",1,1,0.17.3,0.17.3,2025-08-28 17:06:07,,,Lichess,Google Play,en,us,2026-04-17 17:51:35,2025-08-26
e9eeb270-8d0d-4af0-adc3-b9c7220e93e5,kppphd,"Superb chess community, all for free! The app has improved a lot! Thank you.",5,1,0.17.3,0.17.3,2025-08-28 15:42:33,,,Lichess,Google Play,en,us,2026-04-17 17:51:35,2025-08-26
f1d217cd-7ba1-43aa-9ede-29be8fff7980,Atharv Pai,It is not bad. It is damn cool 😎. You can play it offline and learn anything for free. Install this app right now!!!!!!!!🎮♟️,5,18,0.17.3,0.17.3,2025-08-28 12:42:06,,,Lichess,Google Play,en,us,2026-04-17 17:51:35,2025-08-26
5bc8ab8b-15b0-4f62-806e-92c35190cb26,melmarc marticio,has take back,5,0,,,2025-08-28 11:18:47,,,Lichess,Google Play,en,us,2026-04-17 17:51:35,2025-08-26
b9e81c37-a0ff-4eaa-91dc-b471a240603f,Erik,how to start game vs the computer????? Missing other functions as well. the older app was better.,2,0,0.17.3,0.17.3,2025-08-28 05:35:36,,,Lichess,Google Play,en,us,2026-04-17 17:51:35,2025-08-26
45d088f0-8ec7-47ff-8f57-d5763f90f255,Leroy M.,"Engine is broken in analysis mode. Keeps getting stuck on any particular move. For now, the engine and analysis feature is almost pointless because of this. Love the new UI and the face lift it received, however, not being able to effectively analyze your games really ruins the experience.",2,4,0.17.3,0.17.3,2025-08-27 09:02:48,,,Lichess,Google Play,en,us,2026-04-17 17:51:35,2025-08-26
d4120b10-f314-4ad0-ae45-ebcdd674c149,Aaradhya Pawar,It's an amazing app,5,0,,,2025-08-27 06:36:06,,,Lichess,Google Play,en,us,2026-04-17 17:51:35,2025-08-26
b8e0ba5e-5d5e-4460-bae9-47831208e7a3,praveena gopalan,Amazing. Awesome. Suberb. Fantastic,5,0,,,2025-08-26 15:35:51,,,Lichess,Google Play,en,us,2026-04-17 17:51:35,2025-08-26
73e90635-955a-4bc0-80ee-214424ea3589,It's Yasmin,analysis board doesn't work well,1,0,0.17.3,0.17.3,2025-08-26 15:03:56,,,Lichess,Google Play,en,us,2026-04-17 17:51:35,2025-08-26
70a311e4-4289-4b0a-96c7-2cef572e9d1e,Walid Azzougagh,keep up,5,0,0.17.3,0.17.3,2025-08-26 02:24:26,,,Lichess,Google Play,en,us,2026-04-17 17:51:35,2025-08-26
37b68535-a505-42d6-96ba-93ccc1bdeec8,Dinku Soni,can you add multiple premoves option please we need it,1,0,0.17.3,0.17.3,2025-08-25 21:38:16,,,Lichess,Google Play,en,us,2026-04-17 17:51:35,2025-08-19
60c69020-7f79-4481-9ae4-57a05786674a,Jack Chen,new UI is stupid AF. uninstall,1,0,,,2025-08-25 21:05:26,,,Lichess,Google Play,en,us,2026-04-17 17:51:35,2025-08-19
c02c068b-f465-43c8-9efd-473eb7764357,tejaswi goli,its s super good game play this,4,1,0.17.3,0.17.3,2025-08-25 17:20:15,,,Lichess,Google Play,en,us,2026-04-17 17:51:35,2025-08-19
e800f07a-d43d-4149-9c12-26a0e77ac1e3,Police line Kd,absolutely better than chessc*om in all possible ways,5,1,,,2025-08-25 17:14:35,,,Lichess,Google Play,en,us,2026-04-17 17:51:35,2025-08-19
f9b36bb1-25dd-4bcf-a2e4-9f3a3fa6480d,Utkarsh,lots of bugs..Server crashes...Not even come closer to website version,1,2,0.17.3,0.17.3,2025-08-25 09:49:49,,,Lichess,Google Play,en,us,2026-04-17 17:51:35,2025-08-19
5bced05e-5ae6-4e9d-9e2a-18afb9a4cb37,Adrian Valerio,"i cant make an account, it says error",1,0,,,2025-08-25 04:14:31,,,Lichess,Google Play,en,us,2026-04-17 17:51:35,2025-08-19
97357c9a-3940-44a2-bafa-e0015f030a19,Lonnie Wilfork jr,can't open other features,3,0,0.17.3,0.17.3,2025-08-24 23:19:01,,,Lichess,Google Play,en,us,2026-04-17 17:51:35,2025-08-19
6fc9b0fc-dffe-4f15-a98c-9e370b34dfaf,Maher Nshei,perfect,5,0,0.17.3,0.17.3,2025-08-24 19:35:04,,,Lichess,Google Play,en,us,2026-04-17 17:51:35,2025-08-19
f15b1df0-5903-4035-b46c-4613d72e9f02,Subina Sudhan,0 star,1,0,,,2025-08-24 19:12:42,,,Lichess,Google Play,en,us,2026-04-17 17:51:35,2025-08-19
5bec8f92-556d-4082-a314-a7eef5fc8009,zahraa hussain,there is a lot of error issues when i want to play or invite a frieds,3,0,0.17.3,0.17.3,2025-08-24 17:01:40,,,Lichess,Google Play,en,us,2026-04-17 17:51:35,2025-08-19
0655fdb4-ed35-4615-9946-9a20c2a3ed82,Alan Bleier,It's become unusable. The lack of interest to improve in the developing team does not help at all.,1,2,0.17.3,0.17.3,2025-08-24 16:58:37,,,Lichess,Google Play,en,us,2026-04-17 17:51:35,2025-08-19
b0a73340-f159-44e2-b462-f4decf98b94e,Justin Curt B. Agbulos,"Fun, free analysis. Thank you lichess. i love this app",5,1,0.17.3,0.17.3,2025-08-24 16:54:24,,,Lichess,Google Play,en,us,2026-04-17 17:51:35,2025-08-19
016835f8-278c-44d1-aa6c-5c663e64d842,Andrei dom16,"Hate this app, literally crashed my rapid 10+5 game when I was winning and automatically log out my account.",1,3,,,2025-08-24 16:51:34,,,Lichess,Google Play,en,us,2026-04-17 17:51:35,2025-08-19
e91ef6af-2d82-48b7-ba1b-84735badaee3,Null0,Great implementation. Would be perfect if they let us pick stockfish 17.1 for analysis as an option for people with powerful phone processors. without that I still find I use the webpage on my phone sometimes,4,1,0.17.3,0.17.3,2025-08-24 14:26:38,,,Lichess,Google Play,en,us,2026-04-17 17:51:35,2025-08-19
76335ef2-cd77-4a4b-854a-a4d92851f9b1,Chishimba Chifwembe,the update is crazy,3,0,,,2025-08-24 14:06:39,,,Lichess,Google Play,en,us,2026-04-17 17:51:35,2025-08-19
b1a30473-e279-455b-b66e-71f778fe74d8,Mira Chakraborty,nice platform,5,0,,,2025-08-23 19:38:58,,,Lichess,Google Play,en,us,2026-04-17 17:51:35,2025-08-19
e1e04c84-d3ec-4da4-ab33-c33e35342c45,Parth Pandit,Best chess app hands down.,5,0,0.17.3,0.17.3,2025-08-23 16:15:46,,,Lichess,Google Play,en,us,2026-04-17 17:51:35,2025-08-19
76105266-b721-4bab-9fa4-7b172a51fffe,Urmila Maish,..My elo was not increasing,3,0,,,2025-08-23 13:29:42,,,Lichess,Google Play,en,us,2026-04-17 17:51:35,2025-08-19
7ca1b85c-0be3-4db4-929b-932e0c69d405,Usha Sharma,it helps in chess,5,0,,,2025-08-23 11:42:54,,,Lichess,Google Play,en,us,2026-04-17 17:51:35,2025-08-19
817c4be9-4aa5-4b95-8bdd-7a739a9c4bac,Rohan Banerjee,This is by far the best free chess game out there.,5,0,0.17.3,0.17.3,2025-08-22 22:33:06,,,Lichess,Google Play,en,us,2026-04-17 17:51:35,2025-08-19
af4c0973-bb91-4265-91bf-782a84b6789e,Warrior Warrrior,best chess app ever,5,0,,,2025-08-22 20:39:05,,,Lichess,Google Play,en,us,2026-04-17 17:51:35,2025-08-19
5d070b78-e0a4-43d2-a655-59309de50dd0,Mathis Gauthey,"Can't install on my tablet, only the old app is available. Viwoods AI paper mini",2,1,0.17.3,0.17.3,2025-08-21 15:06:56,,,Lichess,Google Play,en,us,2026-04-17 17:51:35,2025-08-19
072c587d-3d17-4476-b9e7-22f82bb929d3,noaw's alt,Better now but still misses playing agaisnt bots and the extra variants the OG lichess app had,3,1,0.17.3,0.17.3,2025-08-21 12:31:10,,,Lichess,Google Play,en,us,2026-04-17 17:51:35,2025-08-19
be4ef0a2-58bb-4d3f-a4bb-fff37a2dc791,سبحان محمودیان,"Hi, thank you very much for your chess chess program really a fun game, but your system seems to have a problem choosing error instead of white, black and black for black.It does not show people who follow me or who I follow. . Please check, thank you.",3,0,0.17.3,0.17.3,2025-08-21 11:59:25,,,Lichess,Google Play,en,us,2026-04-17 17:51:35,2025-08-19
b4bce1c0-045b-45b8-8136-fb88c5034deb,manas kumar,"Earlier it was the best app. But after the new UI update, things have gone very bad, matchmaking is taking forever to happen. Please Lichess fix it. I respect the opensource stuff a lot. Only giving the review so that i can let you know. Will remove this as soon it's fixed.",1,0,,,2025-08-21 09:35:03,,,Lichess,Google Play,en,us,2026-04-17 17:51:35,2025-08-19
63cc030b-cb84-40f8-a29c-28cd780fde2a,Makarand,where tf is 3+0 3+2 quick play buttons like web ? why did you remove it. not able to find,1,0,0.17.3,0.17.3,2025-08-20 10:58:52,,,Lichess,Google Play,en,us,2026-04-17 17:51:35,2025-08-19
e04c9218-ba8c-46e7-8239-6677f9256b4b,Dennis Omondi,"The UI is amazing, especially after the current updates and everything is totally free, it would be better if they added the profile details such as profile photo, achievements and on game archives there should be an accuracy percentage of the games saved, but for now I'm playing my best on it.",5,47,0.17.3,0.17.3,2025-08-20 06:49:14,,,Lichess,Google Play,en,us,2026-04-17 17:51:35,2025-08-19
442b9d50-c8ff-48e2-8391-4384d187c3fb,Dimple Thakur,बच्चों के मार्गदर्शन कैरियर और मेंटल ability के लिए एक अच्छा और अनूठा प्रयास के लिए मैं लिचेंस app निर्माता का hriday से धन्यवाद करतीं हुॅ,5,0,0.17.3,0.17.3,2025-08-20 06:05:33,,,Lichess,Google Play,en,us,2026-04-17 17:51:35,2025-08-19
02de6b1c-4cad-42c9-9154-9f5a64cabe26,Ali R. Kat,best chess server there is,5,0,0.15.11,0.15.11,2025-08-19 23:36:06,,,Lichess,Google Play,en,us,2026-04-17 17:51:35,2025-08-19
75c4df04-852c-4b6a-8d06-45d115102b8d,Paul Gauthier,"The UI is missing key features for searching and sorting games. I also feel like there's a lot of cheating going on in rapid. Otherwise, it's a solid experience.",4,0,,,2025-08-19 07:26:42,,,Lichess,Google Play,en,us,2026-04-17 17:51:35,2025-08-19
d19520cd-a717-48fe-b137-bbffe0c3afbd,Micheal,SO MANY CHEATERS,1,1,0.17.3,0.17.3,2025-08-19 02:35:20,,,Lichess,Google Play,en,us,2026-04-17 17:51:35,2025-08-19
0104b598-b13c-4001-8d45-067ff39cee6f,Yf F5f6tft6,where is the puzzle racer mod?,3,0,0.17.3,0.17.3,2025-08-18 18:37:30,,,Lichess,Google Play,en,us,2026-04-17 17:51:35,2025-08-12
143f56f4-9ff5-4ec0-8053-e56025c9f065,Oyenekan Tomiwa,impressive app,5,1,0.17.3,0.17.3,2025-08-18 01:58:59,,,Lichess,Google Play,en,us,2026-04-17 17:51:35,2025-08-12
662937c3-1f3f-4dad-8631-079568985687,M,cheating is a huge issue. just beware,1,2,,,2025-08-17 19:36:37,,,Lichess,Google Play,en,us,2026-04-17 17:51:35,2025-08-12
badb160e-494a-4641-b7a1-3ea8e6683e10,Rushikesh Telange,"please add ""Play with Computer"" in the homepage and in the board editor too.",5,0,0.17.3,0.17.3,2025-08-17 16:32:05,,,Lichess,Google Play,en,us,2026-04-17 17:51:35,2025-08-12
b66c35a5-6a2b-4fe2-969d-d347cc02ef0f,Nano,awful new interface,1,0,,,2025-08-17 15:13:43,,,Lichess,Google Play,en,us,2026-04-17 17:51:35,2025-08-12
154ce462-5653-4fe7-9586-966fb904a01b,Maa Shanti travels,brilliant!!!!,5,0,,,2025-08-17 14:40:52,,,Lichess,Google Play,en,us,2026-04-17 17:51:35,2025-08-12
09d0e8d5-8318-455b-a41b-976bc24d5645,Amlan Halder,Experience is great !,5,0,,,2025-08-17 06:34:40,,,Lichess,Google Play,en,us,2026-04-17 17:51:35,2025-08-12
0f11dc79-ad8f-466a-a9b5-cad63de7cb5e,E D,"Can take 10 or more minutes to get a game. Lichess also makes you loose alot of games because it doesnt register i made a move. I play a move, watch the opponents clock tick down, then it takes back my move and said i lost on time a minute later",2,2,0.17.3,0.17.3,2025-08-17 04:40:31,,,Lichess,Google Play,en,us,2026-04-17 17:51:35,2025-08-12
e013f479-d167-48d1-b93a-881817a707e2,Devender Ahlawat,it do not work on mobile,2,0,,,2025-08-17 04:37:57,,,Lichess,Google Play,en,us,2026-04-17 17:51:35,2025-08-12
8dea3231-dc1b-49d5-98cb-328740a18059,Nagham Mohamed,The application is really great,5,0,0.17.3,0.17.3,2025-08-16 19:30:55,,,Lichess,Google Play,en,us,2026-04-17 17:51:35,2025-08-12
8952a4ea-6ed0-4f09-a09d-881e11987e40,Umed Singh,good practice for chess,5,0,,,2025-08-16 16:31:50,,,Lichess,Google Play,en,us,2026-04-17 17:51:35,2025-08-12
0cf94f7f-9945-48d7-9bd1-9c32d30177b9,DIPROMAN BISWAS,please give option to play offline with computer levels.,4,4,0.17.3,0.17.3,2025-08-16 11:46:18,,,Lichess,Google Play,en,us,2026-04-17 17:51:35,2025-08-12
47ee0da4-13ff-421d-91b8-6413a1496e88,Ben Thompson,"Really like the new design. But since recent updates it has started failing to show best move arrows, especially after you request a computer analysis. It looks like it is loading but no arrows/depth number shows up",3,1,0.17.3,0.17.3,2025-08-16 00:37:23,,,Lichess,Google Play,en,us,2026-04-17 17:51:35,2025-08-12
bbe5ae84-0dfd-4076-a2ed-f9aef94d7151,Mohamed Abousobh,bad game,1,0,0.17.3,0.17.3,2025-08-15 23:10:16,,,Lichess,Google Play,en,us,2026-04-17 17:51:35,2025-08-12
43ef4499-3047-4a21-bacc-e17f76e102c5,Rampradeep Ponnuram (Pradeep),"I am a great fan of this app, I use this app atleast once a day, it used to be my fav app of all time, but this latest update is totally a creepy. Give back the older version.",1,5,0.17.3,0.17.3,2025-08-15 22:08:19,,,Lichess,Google Play,en,us,2026-04-17 17:51:35,2025-08-12
6249525f-8ca6-4ee2-aca0-778c4dec7b1e,Miwng,i can watch many tournements with smooth view and motion. But i cant find play with stockfish. Really like i will recomment for my friends. i donated for yall. Keep going to do better,5,0,0.17.3,0.17.3,2025-08-15 14:29:05,,,Lichess,Google Play,en,us,2026-04-17 17:51:35,2025-08-12
cf4c626f-5e3b-446b-bfeb-fdf720209c1f,Anima Mondal,Team Tournament or Manual Tournaments are not opening within the app.,3,0,,,2025-08-15 10:56:58,,,Lichess,Google Play,en,us,2026-04-17 17:51:35,2025-08-12
b2f4310c-6990-4c73-bb1a-4f1b33c8e021,man2 man1,"chess vs AI and bots. There's a report system in place, but they don't really do anything. I keep seeing the same scammers, literally unplayable even at low levels",1,7,0.17.3,0.17.3,2025-08-15 06:36:57,,,Lichess,Google Play,en,us,2026-04-17 17:51:35,2025-08-12
f2e33e2e-dfc3-4af8-a657-ad8f66f7d24a,Mr Crumb,it's full of people cheating and the Devs don't do anything about it.,1,1,0.17.3,0.17.3,2025-08-14 19:46:10,,,Lichess,Google Play,en,us,2026-04-17 17:51:35,2025-08-12
565e6827-96da-4013-8fa1-598d8711f517,Kismet Kiddy,good app,5,0,,,2025-08-14 16:15:00,,,Lichess,Google Play,en,us,2026-04-17 17:51:35,2025-08-12
231863ca-d5c8-4e23-9a78-bbc0be93e5b7,B_40_Radheya,cannot import games/pgns,3,2,0.17.3,0.17.3,2025-08-14 12:17:32,,,Lichess,Google Play,en,us,2026-04-17 17:51:35,2025-08-12
07a77311-9f2c-4eb2-a495-4fb205d37a04,Stephen Lau,i wish editing the Study is possible on this app.,4,1,0.17.3,0.17.3,2025-08-14 06:34:29,,,Lichess,Google Play,en,us,2026-04-17 17:51:35,2025-08-12
29698251-de8f-46bd-bac0-3e8fe20b9ad1,Keymin,really good and free for learning chess,5,0,0.17.3,0.17.3,2025-08-14 05:37:16,,,Lichess,Google Play,en,us,2026-04-17 17:51:35,2025-08-12
55cef8bf-e858-4d30-a64e-289e94cef97b,Tom Clarke,no single player. I got this wanting to practise against ai opponents but there is no option to do this,3,0,,,2025-08-13 17:50:09,,,Lichess,Google Play,en,us,2026-04-17 17:51:35,2025-08-12
5b19e10b-5326-4d78-9a05-c594c2ac6236,Vimalan,you sing up to play many interesting games to play,4,0,0.17.2,0.17.2,2025-08-13 14:48:40,,,Lichess,Google Play,en,us,2026-04-17 17:51:35,2025-08-12
81d31de8-76f0-41b3-a285-96426bc54b38,Shriroop Madiwalar,"Lately this app has become buggy. The chess game gets stuck, time runs out for the opponent but there is no notification about the result of the game. Only way is to restart the game. Today a similar thing happened but a bit different. Game got stuck after I made a move. It got unstuck after a few seconds but my queen got moved in a position which I did not play at all. I am still unsure whether this was an issue with the app, or my opponent cheated in some way. Crazy",3,19,0.17.3,0.17.3,2025-08-13 10:10:03,,,Lichess,Google Play,en,us,2026-04-17 17:51:35,2025-08-12
4d48e206-39ce-432b-ba2d-3d957c5c153e,Jai kumar,best in the world,5,0,,,2025-08-13 07:16:31,,,Lichess,Google Play,en,us,2026-04-17 17:51:35,2025-08-12
d65f5aa4-2e6e-40ea-ade4-eddbb9003754,Paresh Shah,no enough analysis,1,0,0.17.3,0.17.3,2025-08-13 06:02:51,,,Lichess,Google Play,en,us,2026-04-17 17:51:35,2025-08-12
321467d3-21b8-4cff-ac2c-809dd346d65e,Quinn B,"Not quite as good as the web app (which has many more features), but it's still convenient to use on a phone, and one of the best ways to play chess online. And it's both free and open source! What's not to love?",5,0,0.17.3,0.17.3,2025-08-13 04:19:39,,,Lichess,Google Play,en,us,2026-04-17 17:51:35,2025-08-12
311846f3-6d52-456b-a4c7-a9afb989e06a,neotroublemaker,Please add an undo button in BOARD EDITOR so that we can undo moves to find alternative moves.,1,7,0.17.3,0.17.3,2025-08-12 17:52:06,,,Lichess,Google Play,en,us,2026-04-17 17:51:35,2025-08-12
f7647694-6a41-44cd-ab4d-5c4121821e9f,Safwan Zoubi (Sazo),"I need help here please. I registered i got the email from ou but i can't login, i tried all. i tried also the old app.",1,0,,,2025-08-12 15:59:14,,,Lichess,Google Play,en,us,2026-04-17 17:51:35,2025-08-12
3a1089e8-8100-4339-8088-b3c5665e4b96,Loknath sahu,Amazing App,5,0,0.17.3,0.17.3,2025-08-12 12:54:28,,,Lichess,Google Play,en,us,2026-04-17 17:51:35,2025-08-12
3380103f-6305-4136-8f7b-8f0be784564b,Minh Tu Nguyen,"Just chess, no drama! You can just focus on chess and improving your skill without worrying about subscriptions or payments. Becoming a patron is optional, but highly appreciated when you have the means.",5,4,0.17.3,0.17.3,2025-08-12 11:05:32,,,Lichess,Google Play,en,us,2026-04-17 17:51:35,2025-08-12
114d4926-fe0e-476d-a9ca-43f6df77ffea,Daniel Maged,The old version is much better from the new version !!!!!!,1,0,,,2025-08-12 09:28:23,,,Lichess,Google Play,en,us,2026-04-17 17:51:35,2025-08-12
15b0f49c-ee40-47e8-b6f7-3d73e006d82c,Vipin R,Thank you 🔥,5,1,0.17.3,0.17.3,2025-08-12 04:37:45,,,Lichess,Google Play,en,us,2026-04-17 17:51:35,2025-08-12
5470a505-f153-4acc-9d31-999b41eafea9,Raul Nieves Pardo,libre as the air,5,1,0.17.3,0.17.3,2025-08-11 20:08:46,,,Lichess,Google Play,en,us,2026-04-17 17:51:35,2025-08-05
1a103994-605a-45b6-8fc7-2bc000ae2bbe,Milan,Finally a great app. great job to all who contributed to this,5,1,0.17.3,0.17.3,2025-08-11 16:10:07,,,Lichess,Google Play,en,us,2026-04-17 17:51:35,2025-08-05
0398a949-f369-4cb5-aa56-ac7b66ef00ab,RED SKULL,Please consider adding the feature to import the games for analysis purposes.,5,1,0.17.3,0.17.3,2025-08-11 15:39:56,,,Lichess,Google Play,en,us,2026-04-17 17:51:35,2025-08-05
816dc8c5-f253-4f06-8aa8-619a7040b172,Jan Gora,very buggy. need to press back a lot of times to get to the home screen. rematch on leela bots is not working. can't challenge the leela bot with the same time control as a previous game,3,1,0.17.3,0.17.3,2025-08-11 13:15:52,,,Lichess,Google Play,en,us,2026-04-17 17:51:35,2025-08-05
43fff83e-365d-4700-b5a2-8f53c3d6c1e6,Hedgehog1963,Lichess is the greatest gift to the chess player. You can play others or a chess engine across various time controls. You can use computer analysis to understand the games you played. You can take lessons and make your own studies. Everything is free. Nothing is hidden behind a paywall.,5,40,0.17.3,0.17.3,2025-08-10 18:45:12,,,Lichess,Google Play,en,us,2026-04-17 17:51:35,2025-08-05
523e8e56-5dc7-4f7f-90db-671310b89ff5,Anton,This is one of the most underrated chess app.,5,1,0.17.3,0.17.3,2025-08-10 16:05:46,,,Lichess,Google Play,en,us,2026-04-17 17:51:35,2025-08-05
a65134a6-412c-4e65-b125-33d6525dda73,Nehad Waize,very good for beginners in chess,5,2,,,2025-08-10 15:33:56,,,Lichess,Google Play,en,us,2026-04-17 17:51:35,2025-08-05
f81fd65d-a3d1-4a90-bf10-33e16f346918,Barkay Guttel,The new app is really fantastic!,5,2,0.17.3,0.17.3,2025-08-10 12:00:49,,,Lichess,Google Play,en,us,2026-04-17 17:51:35,2025-08-05
a12a3bce-467a-427b-a9cc-658fb379531e,Mike Clarke,"This is easily the best chess app out there right now. There may be some small improvements needed in the UI, but once you see how many features this app has, it's 5 stars for sure.",5,1,0.17.3,0.17.3,2025-08-10 09:58:24,,,Lichess,Google Play,en,us,2026-04-17 17:51:35,2025-08-05
56573f67-7044-49b1-a2d0-1cc3678af78c,J K,this is probably the best chess app... but they removed computer analysis for imported games =( they absolutely need to add multiple pre-moves! oh yeah - tablet portrait mode is beautiful (the best there is in fact) but landscape mode puts the board on like half the screen with move list on the other half. not ideal,4,16,0.17.3,0.17.3,2025-08-10 06:58:58,,,Lichess,Google Play,en,us,2026-04-17 17:51:35,2025-08-05
50d19add-9e25-4ba4-a266-8853e5a95034,Larry Aubert,"This app includes a ""declare draw"" button in the pop-up when your opponent leaves and lets the clock run. This can & has caused me to draw even though my opponent lost. Why would you even include such a ridiculous feature. This alone makes the app unusable.",1,13,0.17.3,0.17.3,2025-08-10 05:37:17,,,Lichess,Google Play,en,us,2026-04-17 17:51:35,2025-08-05
3f07c951-f441-4742-b4c0-d567bf04c538,Seth Feaster,There is no way to start a stockfish game besides a rematch?,3,0,0.17.3,0.17.3,2025-08-10 04:31:43,,,Lichess,Google Play,en,us,2026-04-17 17:51:35,2025-08-05
9163c2d2-6d01-47ba-b785-45581f30fe1b,Jayjay Impel,just good,5,0,0.17.3,0.17.3,2025-08-09 23:55:44,,,Lichess,Google Play,en,us,2026-04-17 17:51:35,2025-08-05
4579b7d4-eb4a-43c4-94f1-043d9aa14c8a,Delightful Cheer,best chess website makes best chess app I can't expect more,5,0,,,2025-08-09 21:56:06,,,Lichess,Google Play,en,us,2026-04-17 17:51:35,2025-08-05
d4aa77fe-ff5a-461d-bfcc-5ad5aab452c5,Yogesh Jamge,modern design,5,0,0.17.3,0.17.3,2025-08-09 15:05:39,,,Lichess,Google Play,en,us,2026-04-17 17:51:35,2025-08-05
42270c26-66b6-4462-86fc-21d853462200,average lizard,"When Horizontally playing, there should atleast be an option to make the Chess board much bigger, as half the screen is just the move notations. On the evaluation bar I cannot see the number, Please add the number there.",5,4,,,2025-08-09 13:37:56,,,Lichess,Google Play,en,us,2026-04-17 17:51:35,2025-08-05
7c547b87-1ef5-4bec-8331-681f4d2639c8,incredible India,forcing to sign in,1,1,0.17.3,0.17.3,2025-08-09 12:35:49,,,Lichess,Google Play,en,us,2026-04-17 17:51:35,2025-08-05
8a13105f-6c28-4ddd-826f-47a98618c600,Isabella Isölde,they do it for the love of chess <3,5,1,,,2025-08-09 03:16:44,,,Lichess,Google Play,en,us,2026-04-17 17:51:35,2025-08-05
004ce528-8bce-40ea-98cf-e67ad98e04e6,Google User,I can't find how to copy a link to text to a friend to start a game. Also can't start a Stockfish game. I need to go to the website to start them and then they show up in the app.,2,2,0.17.3,0.17.3,2025-08-09 02:26:48,,,Lichess,Google Play,en,us,2026-04-17 17:51:35,2025-08-05
b13ef3f0-f933-4985-a729-bb417dd1c53a,Fredi A,"runs super smooth and has puzzle storm, puzzle streak and studies. even better than the old app. much love ♥️",5,1,0.17.3,0.17.3,2025-08-09 00:13:48,,,Lichess,Google Play,en,us,2026-04-17 17:51:35,2025-08-05
1998e050-f02f-4519-9a45-d7cd017abf13,"Pedroza, John Clark L.","The new UI is actually clean and smooth, however the UE is somewhat a downgrade, adding features from the web to mobile was a plus, but in doing so you have removed some of the useful features. Finding a match is much of a hassle now, you can't even invite friends to play on this new UI. Please FIX",1,13,0.17.3,0.17.3,2025-08-08 23:45:56,,,Lichess,Google Play,en,us,2026-04-17 17:51:35,2025-08-05
db765526-47ec-49cf-a708-609b7a64612f,Yaso Maher,super app but add multiple premoves in mobile app,5,1,0.17.3,0.17.3,2025-08-08 22:50:27,,,Lichess,Google Play,en,us,2026-04-17 17:51:35,2025-08-05
4c721218-4c38-41fe-8bc4-991583ef6006,Tom Gray,The best chess app and it isn't close,5,0,0.17.3,0.17.3,2025-08-08 21:24:33,,,Lichess,Google Play,en,us,2026-04-17 17:51:35,2025-08-05
b482cf8c-a408-481c-8c8b-22152b559027,Sam Goldstein,New version is faster. Don't forget to adjust the home widgets to your liking.,5,0,0.15.11,0.15.11,2025-08-08 17:54:46,,,Lichess,Google Play,en,us,2026-04-17 17:51:35,2025-08-05
b5dac03b-82a7-488d-a7b3-af93bbb89998,Mckenzie Archibald,love it,5,0,0.17.3,0.17.3,2025-08-08 17:39:09,,,Lichess,Google Play,en,us,2026-04-17 17:51:35,2025-08-05
22d21fd3-018a-42b0-86f9-2c885cfcc5cf,Ben Childers,better than the pay apps,5,0,0.17.3,0.17.3,2025-08-08 14:40:27,,,Lichess,Google Play,en,us,2026-04-17 17:51:35,2025-08-05
7093f1ed-43a5-4dbf-9280-f558dcbff459,Asena Golizadeh,best chess app ever,5,0,0.17.3,0.17.3,2025-08-08 09:48:23,,,Lichess,Google Play,en,us,2026-04-17 17:51:35,2025-08-05
c0849730-9e8b-46c0-9081-2fc7d28fb66a,Rajat Kamdi,"#1 free app for playing chess,analyzing games deeply and puzzles.",5,14,0.17.3,0.17.3,2025-08-07 22:50:47,,,Lichess,Google Play,en,us,2026-04-17 17:51:35,2025-08-05
7024c574-ade7-476d-adf9-d41a2193f444,Gerald Segovia,"UI and gameplay is good. Studies break after about 10 chapters, so I can't access a good chunk of the studies I made. There is no option to play against stockfish offline like on the previous app.",2,0,,,2025-08-07 13:38:35,,,Lichess,Google Play,en,us,2026-04-17 17:51:35,2025-08-05
e62645da-6ba3-4938-910f-03bb6c1cad8c,Monica Sangra,best chess app it's provide free service to become better player in chess,5,1,0.17.3,0.17.3,2025-08-07 10:20:04,,,Lichess,Google Play,en,us,2026-04-17 17:51:35,2025-08-05
10312b41-ccf0-4c19-b97e-efa2ab962dd2,Shampa Mondal,Very very good,5,1,0.17.3,0.17.3,2025-08-07 03:26:53,,,Lichess,Google Play,en,us,2026-04-17 17:51:35,2025-08-05
ff9a7a65-8546-43fa-a5a9-ac14a0ab6b20,Subhadeep,Please add offline against computer and offline two player games.,4,1,0.17.3,0.17.3,2025-08-06 08:57:25,,,Lichess,Google Play,en,us,2026-04-17 17:51:35,2025-08-05
2a75255c-747b-4ea5-ade8-b43cb515ca19,Killer Pro,great app . I understand the value of content that you are providing at free of cost . i don't rate any app but you completely deserves it .,5,1,0.17.3,0.17.3,2025-08-06 07:58:52,,,Lichess,Google Play,en,us,2026-04-17 17:51:35,2025-08-05
7c492e51-cbe1-435a-9917-63057a05fd70,Nakhleh K,"Long time supporter, love you, patch fixed some issues, but there should be a way you can revert to the old UI. No longer can see real-time tournament performance while playing in a tournament, and the analysis is ugly and bookmarking games feature are both frustrating to use now.",3,9,0.17.3,0.17.3,2025-08-05 23:25:58,,,Lichess,Google Play,en,us,2026-04-17 17:51:35,2025-08-05
7f977a06-c0e2-4f1f-ab92-877cd05d1283,Goodness Ekunke,the update is rubbish the old one was much better than this one,1,2,0.17.2,0.17.2,2025-08-05 18:02:11,,,Lichess,Google Play,en,us,2026-04-17 17:51:35,2025-08-05
c9c85eaa-b69c-407a-aaea-49225b5ca5ec,Sai Chaitanya,I love this app,5,1,0.17.2,0.17.2,2025-08-05 15:58:49,,,Lichess,Google Play,en,us,2026-04-17 17:51:35,2025-08-05
121a3784-44c3-4864-8627-272ef06643c1,mahan kamali,best chess app ever,5,1,0.16.7,0.16.7,2025-08-04 10:39:33,,,Lichess,Google Play,en,us,2026-04-17 17:51:35,2025-07-29
77d608d6-3dfe-4494-b549-736cf62ec47e,Kamal Singh,this game is lub ❤️🤌🏻,5,0,,,2025-08-04 09:41:07,,,Lichess,Google Play,en,us,2026-04-17 17:51:35,2025-07-29
61948025-98f8-4e8b-b5ea-9e9b89632989,Brayan Hernandez,it's okay but Im just not a fan of how I can't join club tournaments. Unable to click any hyperlinks directed to the tournament from the inbox.,3,0,0.17.2,0.17.2,2025-08-03 19:10:25,,,Lichess,Google Play,en,us,2026-04-17 17:51:35,2025-07-29
b56a0685-4525-4a77-a567-4dd3b399d92b,Samer Sultan,"I prefer the new UI, allows you to make color edits to board to increase visibility",5,1,0.17.2,0.17.2,2025-08-03 18:13:14,,,Lichess,Google Play,en,us,2026-04-17 17:51:35,2025-07-29
6b1b6636-6cf0-419d-ae8f-c182308f54b8,Sai brothers,it is the very good app for analysis game,5,1,,,2025-08-03 17:41:15,,,Lichess,Google Play,en,us,2026-04-17 17:51:35,2025-07-29
8bbe5a49-7f38-4503-a6e4-372385dee836,5nuv4q00 _,add play with friend option back,1,0,0.17.2,0.17.2,2025-08-03 16:15:55,,,Lichess,Google Play,en,us,2026-04-17 17:51:35,2025-07-29
e3623322-f2ad-423f-8708-4f1a988dc25b,Mahmoud Ahmed,Best chess app ever,5,0,,,2025-08-03 10:44:36,,,Lichess,Google Play,en,us,2026-04-17 17:51:35,2025-07-29
ca49a922-3e56-484e-b78d-959330744f78,Mbongeni Judah,I'm shocked to see how only a few people took their time to rate this app. It's a great app and deserves more 5* ratings.,5,0,0.17.2,0.17.2,2025-08-03 10:05:53,,,Lichess,Google Play,en,us,2026-04-17 17:51:35,2025-07-29
01f9c06b-a7bf-4a78-9580-4bd29e904b4d,Yash V,Play chess without ads and for free!,5,0,0.17.2,0.17.2,2025-08-02 18:57:01,,,Lichess,Google Play,en,us,2026-04-17 17:51:35,2025-07-29
21e45682-01b2-4f51-a592-b35700730ef7,Peter A,excellent.,5,0,0.17.2,0.17.2,2025-08-01 19:12:26,,,Lichess,Google Play,en,us,2026-04-17 17:51:35,2025-07-29
429142f8-4f7c-4258-857c-c940749c4ef1,Daniel Walenta,1 bad thing is I cant play with computer but I know lichess will add this because it's new version of lichess app so I know,5,0,0.16.7,0.16.7,2025-08-01 11:44:03,,,Lichess,Google Play,en,us,2026-04-17 17:51:35,2025-07-29
bc9b80ac-ba09-4962-9809-d5473fce30ad,Obiajulu Chibuzor Joseph,"the old UI was way better, should have kept it",1,1,0.16.7,0.16.7,2025-07-31 21:47:36,,,Lichess,Google Play,en,us,2026-04-17 17:51:35,2025-07-29
94fc0db3-55ec-446c-8a6a-acd2bd333ddd,Rahul Yadgire,Best chess app,5,0,,,2025-07-31 18:05:06,,,Lichess,Google Play,en,us,2026-04-17 17:51:35,2025-07-29
fb648e99-2c14-44af-b800-2f9df2519d8a,Daniel T.,"It is still missing some important features. Like it is missing solving puzzles you have previously failed, and even more importantly it is missing learning from your mistakes and blunders after computer analysis.",5,1,0.16.7,0.16.7,2025-07-31 17:29:19,,,Lichess,Google Play,en,us,2026-04-17 17:51:35,2025-07-29
1d89aa4b-f981-4737-861d-d4c86fbe9315,Dan,"I prefer the old style of quick join rated games, the visuals are much better though otherwise I'd 1star",2,0,0.16.7,0.16.7,2025-07-30 20:28:36,,,Lichess,Google Play,en,us,2026-04-17 17:51:35,2025-07-29
3a746fee-1095-40c5-b7df-0020a8493de8,Roberto Neto,Awesome app but it desperate needs the option to play against the computer for us casual players.,4,1,0.16.7,0.16.7,2025-07-30 14:28:56,,,Lichess,Google Play,en,us,2026-04-17 17:51:35,2025-07-29
ebcec2a4-d521-47c4-ae5c-5a9e42f654a0,Jean Firmino Cardoso,Excelente,5,0,0.16.7,0.16.7,2025-07-30 02:44:21,,,Lichess,Google Play,en,us,2026-04-17 17:51:35,2025-07-29
db5fd6a0-a5ff-4aea-b149-270c275eb63a,Amritamay Bhattacharya,best chess engene and lot more features in website . long live lichess,5,1,,,2025-07-29 18:17:25,,,Lichess,Google Play,en,us,2026-04-17 17:51:35,2025-07-29
35a63588-dfb4-4aa7-a2b8-afd7a9992c60,Vu Dang,"Everything I need in chess app. Puzzles, board analysis, games, clock. and on top of that, they're free and no ads.",5,1,0.16.7,0.16.7,2025-07-29 03:14:40,,,Lichess,Google Play,en,us,2026-04-17 17:51:35,2025-07-29
b54585e3-5539-4a52-b46d-292e38a048dd,Juan Se.,deserve it.,5,1,,,2025-07-29 00:32:26,,,Lichess,Google Play,en,us,2026-04-17 17:51:35,2025-07-29
e357c342-2868-440f-83ba-460a4dae04f7,Jacob Procee,"The previous app drained the battery of my phone, this one doesn't!",5,1,0.16.7,0.16.7,2025-07-28 20:14:00,,,Lichess,Google Play,en,us,2026-04-17 17:51:35,2025-07-22
4d353992-f566-4b45-9d52-ed48e7b6cd91,Sunil Manohar Bishnoi,new app is good but stop vibertion opsn is not listed there,4,1,0.16.7,0.16.7,2025-07-28 06:40:45,,,Lichess,Google Play,en,us,2026-04-17 17:51:35,2025-07-22
e01cb1e0-7c2e-44c5-9262-26116471ac5b,Henry Witchard,"The app removes the 2 most useful features to me from the browser version. Puzzle Racer is inaccessible, and there is no engine evaluation or engine lines when looking at the opening database. What is the reason for removing these features?",1,3,0.16.7,0.16.7,2025-07-28 04:12:54,,,Lichess,Google Play,en,us,2026-04-17 17:51:35,2025-07-22
54cbed87-b163-4c22-9913-5b8759f40a19,J,"Closer to alpha, not ready! can't play offline against the chess engine it lets you download.",2,0,0.16.7,0.16.7,2025-07-27 19:06:32,,,Lichess,Google Play,en,us,2026-04-17 17:51:35,2025-07-22
2a9a56ca-6cd2-4539-b5d4-0f62a6daa5c7,Just anaccount,why my elo has dropped from 1500 to 950 in TWO matches?,1,0,0.16.7,0.16.7,2025-07-27 14:05:03,,,Lichess,Google Play,en,us,2026-04-17 17:51:35,2025-07-22
59e13f81-6cc4-4522-b599-d86142ef7759,Isaac Kasujja Kasule,awesome 😎,5,1,,,2025-07-27 08:15:25,,,Lichess,Google Play,en,us,2026-04-17 17:51:35,2025-07-22
02852502-d873-4854-9bea-843857c999ea,Marcus Harris,online chess is terrible now only cheaters and bots very few actual players DO NOT DOWNLOAD myself and my friends have all stopped playing online chess there is zero integrity to these online platforms now,1,1,0.16.7,0.16.7,2025-07-27 06:38:26,,,Lichess,Google Play,en,us,2026-04-17 17:51:35,2025-07-22
fcd40448-1469-4034-933b-b1347336af0e,Ouchtor,"The puzzles are incredible! The app is still lacking a lot of fundamental features, though. For example, if you want to play against the computer, you have to start the game on their website, and then you can resume it in the app. The devs are actively working on bringing the features back, though!",4,3,0.16.7,0.16.7,2025-07-26 23:55:23,,,Lichess,Google Play,en,us,2026-04-17 17:51:35,2025-07-22
64f18895-7174-4f44-a912-2149e6b50b0f,Amit Yadav,thankyou lichess for providing best platform to learn chess...for free💜💜💜,5,0,,,2025-07-26 21:11:19,,,Lichess,Google Play,en,us,2026-04-17 17:51:35,2025-07-22
b2cc58e2-b617-4993-af8d-b931f26be049,Stiven Veizaj,huge delay,2,0,,,2025-07-26 16:13:31,,,Lichess,Google Play,en,us,2026-04-17 17:51:35,2025-07-22
083e6792-2505-4f3b-930c-aa7918931348,Hg S,absolutely perfect,5,0,0.16.7,0.16.7,2025-07-26 15:52:56,,,Lichess,Google Play,en,us,2026-04-17 17:51:35,2025-07-22
8aa48e8e-646e-4b34-8e64-59e169cc34c5,Shakyrei Fowler (Drift Reaper),"Edit: Thanks for bringing original back. Recommended Suggestion: In the future maybe delegate or consult or seek info with community or fans or whatever we are to u about ideas of how to improve before changing anything. I know that nobody truly reaches out to the rest of the world around them but I'd say if I truly was famous or had something like yours where many can know me and use what I made. I'd reach out. I'd get 3 phones, 1 Public/Private/& Personal #. Removed terrible, change it back.",5,2,0.16.7,0.16.7,2025-07-26 13:37:28,,,Lichess,Google Play,en,us,2026-04-17 17:51:35,2025-07-22
2684607f-0c96-4812-aa13-a5b206b73ff4,Kasirina Maposa,best chess app,5,0,0.16.7,0.16.7,2025-07-26 13:05:09,,,Lichess,Google Play,en,us,2026-04-17 17:51:35,2025-07-22
909543c9-d748-46c5-9530-4a5038bf56d6,manuel tan,The players are good! 🤩,5,0,0.16.7,0.16.7,2025-07-26 05:21:33,,,Lichess,Google Play,en,us,2026-04-17 17:51:35,2025-07-22
ce3f144b-a64c-49b0-94cd-7f9ca070db31,Elie atem,better than old version,5,0,0.16.7,0.16.7,2025-07-26 04:15:35,,,Lichess,Google Play,en,us,2026-04-17 17:51:35,2025-07-22
bed9f11f-6e58-4ca1-b031-c355ec06f929,sarthak pulstya,no learn from mistakes 😕,3,0,0.16.7,0.16.7,2025-07-25 14:02:33,,,Lichess,Google Play,en,us,2026-04-17 17:51:35,2025-07-22
df8c4a6e-c4b8-42d0-a5f6-52cb0891c192,Ixaiar Lemi,"Its fun, u learn, isn't that what matters. Just some issues in the explorer, a bit of glitches all of a sudden an error will pop up during analysis but if u wanna grow your chess skills, this is the app",4,0,,,2025-07-25 06:24:59,,,Lichess,Google Play,en,us,2026-04-17 17:51:35,2025-07-22
59f45c43-8d63-4730-8c03-539661d45f6a,Mihajlo Kasalović,"Please for the love of God, add the option to analyze imported games and get accuracy percentages and stuff like that...You can do the mentioned with games played on the platform, but there is no option to do so with imported ones. I waited for this update for so long, I really do not see why they do not add it, it is like they absolutely forgot about it...Please consider adding it in the future updates 🙏🙏, everything else is awesome!",4,165,0.16.7,0.16.7,2025-07-24 14:36:32,,,Lichess,Google Play,en,us,2026-04-17 17:51:35,2025-07-22
6153f7f8-9887-4a6e-b89c-4ee534450e1e,Game Nexus,Smart 🤓 game 🎯,5,1,,,2025-07-23 14:36:48,,,Lichess,Google Play,en,us,2026-04-17 17:51:35,2025-07-22
d420dc1a-43e3-4bfa-8026-ca71f48bd400,Meshach Nii Ollennu,I have used Lichess for more than a decade. Never had an issue. This versión semes to have an issue with the clock: It loses time!,1,3,0.16.7,0.16.7,2025-07-23 12:32:27,,,Lichess,Google Play,en,us,2026-04-17 17:51:35,2025-07-22
5837836a-db57-4b56-a135-d00d9949acae,Manoj Padhy,"unable to play team tournment, see teams, need fix and improvement",3,0,,,2025-07-23 06:46:11,,,Lichess,Google Play,en,us,2026-04-17 17:51:35,2025-07-22
1ee5aa0d-f590-4ac7-9230-fc520cc49711,Ben Gleason,"Simply the best chess app. Play against humans and bots, study, analyze your games - all free, without ads.",5,23,0.16.7,0.16.7,2025-07-23 01:11:16,,,Lichess,Google Play,en,us,2026-04-17 17:51:35,2025-07-22
3570c0fb-00cd-4803-95dd-bb3d3d2f9bb8,Khirod Raval chess,"Most cheating with clock by their own players. Useless, violance, meaningless feedback, very dangerous behaviour, running in the chrome browser after deleting application form Google Play Store. What's this? Please Play games with your own players.",1,5,0.15.11,0.15.11,2025-07-22 22:17:19,,,Lichess,Google Play,en,us,2026-04-17 17:51:35,2025-07-22
071b874e-d37f-4340-90a7-15bfd1cdd5a4,HFJDOEBDKS,great job 👍,5,1,0.16.7,0.16.7,2025-07-22 19:15:54,,,Lichess,Google Play,en,us,2026-04-17 17:51:35,2025-07-22
debbf383-37de-4a24-b2d5-d2946ec3f1f5,Mukesh Salvi,great chess app to play against other players,5,1,0.16.7,0.16.7,2025-07-22 17:58:25,,,Lichess,Google Play,en,us,2026-04-17 17:51:35,2025-07-22
139b3ad7-93ab-480e-8ab9-ff86c922ffa3,Akil,its online not offline.. its better if its offline mode.. no ads but offline is better,3,0,0.16.7,0.16.7,2025-07-22 15:57:40,,,Lichess,Google Play,en,us,2026-04-17 17:51:35,2025-07-22
35f2a342-706d-4404-adc9-056e904a7678,Nishan Shameer,not a big fan of the new ui,3,0,0.16.7,0.16.7,2025-07-22 12:47:07,,,Lichess,Google Play,en,us,2026-04-17 17:51:35,2025-07-22
63759800-a352-4fa8-ba02-cfcf51a31a50,Ulemu Lion,the new update is awkward white background? no way?,1,0,0.16.7,0.16.7,2025-07-22 09:48:38,,,Lichess,Google Play,en,us,2026-04-17 17:51:35,2025-07-22
73eea999-85c6-4f5b-9b04-b6e096be7867,D L,Great app and easy to use,5,0,0.16.7,0.16.7,2025-07-22 01:45:37,,,Lichess,Google Play,en,us,2026-04-17 17:51:35,2025-07-22
f985f2bb-897b-413d-ab35-b27b6582ceca,Charu Babu,I tried logging in but it never logged in I tried 7 times,1,4,,,2025-07-21 19:10:03,,,Lichess,Google Play,en,us,2026-04-17 17:51:35,2025-07-15
0654c270-4fab-46c4-9bc8-cc66b46837b9,ADITYA RAJ GUPTA,You guys seriously need to work on the animation and use some colours in your UI. It gives the impression that the lichess is widowed.....,3,0,0.16.7,0.16.7,2025-07-21 12:36:51,,,Lichess,Google Play,en,us,2026-04-17 17:51:35,2025-07-15
4a95e69a-dab0-489c-8a33-ce852c61d7f2,Luka Lednicki,"Great chess platform. It's very easy to analyze your games. Also has clean interface, no adds and popups, doesn't nag you about paying for something.",5,1,0.16.7,0.16.7,2025-07-21 09:31:07,,,Lichess,Google Play,en,us,2026-04-17 17:51:35,2025-07-15
0f41aa10-c952-4e89-a5c7-c4f1fb51f617,Sebastian Rojas Gonzalez,"if you guys removed the offline option just to collect data, then you're becoming one more of the bunch... Lichess used to be great... now because I want to play against an engine offline and analyse games offline I will use something else :/",3,4,0.16.7,0.16.7,2025-07-20 23:53:14,,,Lichess,Google Play,en,us,2026-04-17 17:51:35,2025-07-15
56e542dc-fb4c-448f-9f47-58ae2a364078,John Osas,THE NEW VERSION IS A 10/10 I CAN WATCH LIVE GAMES BY GMs IN TOP COMPETITIONS 👏,5,1,,,2025-07-20 21:23:33,,,Lichess,Google Play,en,us,2026-04-17 17:51:35,2025-07-15
f945aaa2-95fa-4b0d-841e-9780ea3e2fc1,Kavya Industries,not real,1,0,0.16.7,0.16.7,2025-07-20 12:50:32,,,Lichess,Google Play,en,us,2026-04-17 17:51:35,2025-07-15
13cb7a58-d46c-448f-8001-aee16d2bc86f,Uday Ghose,the game is exellent. it i free. the analysis tool is great.but the website of the lichess are better,4,0,,,2025-07-20 10:36:20,,,Lichess,Google Play,en,us,2026-04-17 17:51:35,2025-07-15
04a57076-6441-471b-9012-b62c03ba209f,Subhash Rdssv,Analysis of the played game is closing the app which is annoying a lot.,2,0,0.16.7,0.16.7,2025-07-20 06:45:59,,,Lichess,Google Play,en,us,2026-04-17 17:51:35,2025-07-15
072526ff-81b2-4aea-8fa7-b7cbf32dfb08,Akshay Chugh,Why is there 2 apps... This UI sucks vs other one,1,0,,,2025-07-19 20:06:45,,,Lichess,Google Play,en,us,2026-04-17 17:51:35,2025-07-15
12464cf9-8923-4f09-a808-be42b54b5a90,SRIJAN,the puzzles are amazing,5,0,0.16.5,0.16.5,2025-07-19 05:15:24,,,Lichess,Google Play,en,us,2026-04-17 17:51:35,2025-07-15
86e71a7c-6bd3-4faf-9ab4-4edaf3336d61,zvm vbn,"I love the app, really. But it doesn't work. 18.07.25.",5,0,0.16.7,0.16.7,2025-07-18 14:01:31,,,Lichess,Google Play,en,us,2026-04-17 17:51:35,2025-07-15
2e259b90-5aa3-4dea-b6c6-159f3bbaf8fc,NAYZAK,"it's an amazing app but I can't sign in on my tablet, fix the error",3,1,,,2025-07-17 16:46:03,,,Lichess,Google Play,en,us,2026-04-17 17:51:35,2025-07-15
196711d3-b031-47c3-8ba9-6ec45fa1315e,Tyler Sayoc,you advertise this app to be offline but I cant play with ai offline,3,0,0.16.7,0.16.7,2025-07-17 08:12:13,,,Lichess,Google Play,en,us,2026-04-17 17:51:35,2025-07-15
269233a4-65a6-4d78-928b-c8bec693877b,Trevor Nelson,"It's a great app that has features you'd have to pay for with any other app, but the new update is bad. Can't even see the clock or move times for your games in analysis now. Why on earth would you remove info?",3,0,0.15.11,0.15.11,2025-07-17 07:38:32,,,Lichess,Google Play,en,us,2026-04-17 17:51:35,2025-07-15
c0c2dcee-6073-43e9-aea5-b771b133da78,Faisal Khan,not the correct piece set at all,1,0,,,2025-07-17 02:19:43,,,Lichess,Google Play,en,us,2026-04-17 17:51:35,2025-07-15
1aa8590f-9c86-4920-bb53-eabca3ab50fc,Jatin Aggarwal,"why rating is neither decreasing or increasing even after 4 winning streak, and where is open rated blitz play I am not able to participate in tournament before 20 blitz but there is no open to play blitz with zero rating. worst app ever and compared to chess. com it is garbage.",1,0,,,2025-07-16 19:17:42,,,Lichess,Google Play,en,us,2026-04-17 17:51:35,2025-07-15
bfacc4e9-1d08-4f46-b303-d2d3d202c1d7,hesham Radoo,Please add two features Learn from your playing mistakes T Play offline,4,13,0.16.7,0.16.7,2025-07-16 17:55:29,,,Lichess,Google Play,en,us,2026-04-17 17:51:35,2025-07-15
ba332f80-8cd6-4db6-8c21-3173f0c1b9e6,Rowland Kanyi,"I love this app so much. Consider adding book moves, inaccurate moves, best moves and brilliant moves indicators when analyzing a game.",5,0,0.16.7,0.16.7,2025-07-16 13:19:16,,,Lichess,Google Play,en,us,2026-04-17 17:51:35,2025-07-15
c27af89d-9045-41b8-afd1-1a58e10164d6,Udhaya Kumar. V.S.,best App. super features. strong chess engine for analysis. they don't beg you for money like other platforms. go for it!,5,0,,,2025-07-16 04:40:34,,,Lichess,Google Play,en,us,2026-04-17 17:51:35,2025-07-15
7f96b273-4ef8-44ce-8e18-d2245a031e52,Ffin Sullivan,"Love lichess. Only one piece of feedback: I turned on zen mode so I couldn't see my rating, but when I search for games +-500 my rating I can see the range limits; all I have to do is minus 500 from the upper limit and I can figure out my rating 😂 Please don't display the rating limits when in zen mode. Otherwise, love the app",4,0,0.16.7,0.16.7,2025-07-16 04:39:46,,,Lichess,Google Play,en,us,2026-04-17 17:51:35,2025-07-15
4b059e7a-222d-441a-ad40-4953d926d6a9,Abdelrahman Jasser,very beautiful chess game but return the old version,5,2,,,2025-07-15 15:15:47,,,Lichess,Google Play,en,us,2026-04-17 17:51:35,2025-07-15
68b1e16f-ecfc-4671-931d-7169f1cedc21,fsk nve,PLEASE FIX THE ANALYSIS ENGINE LINES DISAPPEARING!!! Otherwise 5 stars. Thank you so much for this app!,5,0,0.16.7,0.16.7,2025-07-15 10:18:13,,,Lichess,Google Play,en,us,2026-04-17 17:51:35,2025-07-15
d0f62118-ea40-4a93-a697-fb9989bdfa11,Priyanshu Ranjan,I'm not able to login My account,1,0,,,2025-07-15 09:55:29,,,Lichess,Google Play,en,us,2026-04-17 17:51:35,2025-07-15
d520286d-f41c-4ee9-be48-208e855d8316,Chinmay Pani,"first of all the new UI update is horrible. it's very non-intuitive and ugly tbh. second, they removed the option to do computer analysis of the whole game using a single button which highlighted mistakes, blunders etc. third, your low time warning system is utterly useless, the sound it makes for warning is very weak and it only warns you once, not every move. for examples, you can drop below 20sec once and then gain some time due to increment, the 2nd time you fall below 20sec there is no warn",1,45,0.16.7,0.16.7,2025-07-14 19:27:12,,,Lichess,Google Play,en,us,2026-04-17 17:51:35,2025-07-08
678b91f9-35a1-4193-8c0c-56ae7700f2d3,Uzor Joseph,The rating doesn't change...it remains constant even when I win or lose matches,1,1,0.16.7,0.16.7,2025-07-14 19:19:09,,,Lichess,Google Play,en,us,2026-04-17 17:51:35,2025-07-08
d2f3980e-d90c-48b6-bd64-cb29f04fb16c,Mahmudhon Zokirov,"Good game , the coolest game!",5,3,0.16.7,0.16.7,2025-07-14 17:45:42,,,Lichess,Google Play,en,us,2026-04-17 17:51:35,2025-07-08
600ed23f-cc81-4294-82fa-43b72d0b937c,Cody Arnett,still the best 👌 and free. not trying to exploit people who love to play. actually gives everyone the chance to play or learn to play better for free. i love it,5,1,0.16.7,0.16.7,2025-07-14 17:34:40,,,Lichess,Google Play,en,us,2026-04-17 17:51:35,2025-07-08
b7385e63-d969-4e8f-8148-32bda11de3e1,mamad tabayee,Best chess in android,5,0,0.16.5,0.16.5,2025-07-14 13:46:07,,,Lichess,Google Play,en,us,2026-04-17 17:51:35,2025-07-08
0fc6a3af-8bce-4b02-9488-b77d174ae1ff,SRINIVASAN MAHENDRAN,not able to connect with friends,1,0,,,2025-07-13 18:04:49,,,Lichess,Google Play,en,us,2026-04-17 17:51:35,2025-07-08
2188e345-cd11-44da-b18c-22290b0f937b,Brian Murimi,"Great, but I'm experiencing app crashes.",5,1,0.16.7,0.16.7,2025-07-13 11:54:33,,,Lichess,Google Play,en,us,2026-04-17 17:51:35,2025-07-08
cfe9bb16-96ad-4ea1-a49a-1a744706094b,Siddharth Shankar Kanji,"URGENT NEED: ""Continue from here"" option in Board Editor.",5,2,0.16.7,0.16.7,2025-07-12 21:22:52,,,Lichess,Google Play,en,us,2026-04-17 17:51:35,2025-07-08
c9e01e1b-177e-4f0c-ac15-afaeb84be53d,دَاكِن,great app,5,1,0.16.5,0.16.5,2025-07-12 14:35:32,,,Lichess,Google Play,en,us,2026-04-17 17:51:35,2025-07-08
c2d7073c-f3d4-48a2-a0a1-e9afe2b6d9c7,Shubham Kumar,This version is getting better now. Thanks,5,1,,,2025-07-12 06:58:56,,,Lichess,Google Play,en,us,2026-04-17 17:51:35,2025-07-08
539d681f-c910-413a-a59d-ccc87dfb9c4f,Equinøx,"Thanks for adding the Board Editor, The Opening Explorer, Coordinate Training, and Over the Board feature :D. But I cant migrate fully to this app instead of the old one because I cant play offline against stockfish :(",4,9,0.16.7,0.16.7,2025-07-12 03:45:16,,,Lichess,Google Play,en,us,2026-04-17 17:51:35,2025-07-08
709c9eea-cfc5-4a87-b2f4-8061eab7029d,Azerty Qsdfgh,"Simply the best chess platform. Every feature you can think of is included, free and ad-free.",5,1,0.16.5,0.16.5,2025-07-12 02:52:41,,,Lichess,Google Play,en,us,2026-04-17 17:51:35,2025-07-08
57c9cc16-7c40-46be-ac03-72e9fee06c0e,Houssem Bougerra,100time better than chess com,5,1,,,2025-07-12 00:55:53,,,Lichess,Google Play,en,us,2026-04-17 17:51:35,2025-07-08
8fe42b8a-a195-4ba5-9b3f-1cfc1fcbdcb4,Sri Seshan,very nice,5,1,,,2025-07-11 15:53:51,,,Lichess,Google Play,en,us,2026-04-17 17:51:35,2025-07-08
eb5bb9f4-1a59-4c1e-8497-4b46fe924b5f,Vaibhav Thakur,Why i cantfind stockfish 1-14 in this app,1,2,0.16.7,0.16.7,2025-07-11 14:01:14,,,Lichess,Google Play,en,us,2026-04-17 17:51:35,2025-07-08
6f8a941d-30b0-4a62-af76-b7d68a58a064,Simon,"there should be an offline mode, but other than that it's great",5,2,0.16.5,0.16.5,2025-07-10 17:45:28,,,Lichess,Google Play,en,us,2026-04-17 17:51:35,2025-07-08
215211af-8171-42cb-a6fd-1f26618ccb5d,Austin Withers,Report user function doesn't work on mobile,1,2,0.16.5,0.16.5,2025-07-10 12:30:24,,,Lichess,Google Play,en,us,2026-04-17 17:51:35,2025-07-08
a3df9c67-dfe2-4c91-a3ef-7f583c4b83e6,Sashanka VSR,Absolutely perfect. Have recommendations: Include an option to create a study using the app instead of a browser. In the app there's only one way to look at study but not to create one.,4,1,0.16.5,0.16.5,2025-07-10 06:21:38,,,Lichess,Google Play,en,us,2026-04-17 17:51:35,2025-07-08
75b794b9-eb83-4165-9eaa-18ca09c2ef27,JUSTINE SORIANO REPUELA,"underrated, like bro, everything's free🤯",5,1,0.16.5,0.16.5,2025-07-09 17:33:25,,,Lichess,Google Play,en,us,2026-04-17 17:51:35,2025-07-08
3e6997b1-2029-4ce1-958a-bbf1122b9529,Jotiraj Tandale,Excellent Performance & Interface of new app... Thanks,5,3,0.16.5,0.16.5,2025-07-09 16:44:04,,,Lichess,Google Play,en,us,2026-04-17 17:51:35,2025-07-08
b27cc9c9-7e2c-4bf8-b471-e97787870dd1,Slok Mishra,it is completely free and i have learnt so many new openings and tactics from this app . must install,5,2,0.16.5,0.16.5,2025-07-08 16:59:18,,,Lichess,Google Play,en,us,2026-04-17 17:51:35,2025-07-08
05060f1a-afa0-4fa3-a787-6d53444e804c,Frog Frog,"had to reinstall on new Phone - so it installed newest version. puzzles are unusable - you cannot check previous moves before solving the puzzle, you cant see eval bar after solving it. just trash",1,1,,,2025-07-08 08:12:34,,,Lichess,Google Play,en,us,2026-04-17 17:51:35,2025-07-08
f78c0088-377a-423f-b86a-e98ad0c99df0,pratyush caps,very best chess,5,0,,,2025-07-08 06:56:00,,,Lichess,Google Play,en,us,2026-04-17 17:51:35,2025-07-08
004ee9e2-aa76-4ff6-bbb6-1252515a59e0,Laylo Tha Hun,miss click after miss click gets annoying,1,0,0.16.5,0.16.5,2025-07-07 23:06:21,,,Lichess,Google Play,en,us,2026-04-17 17:51:35,2025-07-01
8e2f0df2-03d6-4e9c-b671-6fda3a3e857c,Abdeslam Chouimet,Thanks for this amazing platform ✌️☂️,5,1,,,2025-07-07 21:26:11,,,Lichess,Google Play,en,us,2026-04-17 17:51:35,2025-07-01
d294d7c6-7d76-4b47-a912-af97d51a5237,Αντώνης Πετσος,open source rocks!!,5,1,0.16.5,0.16.5,2025-07-07 17:17:30,,,Lichess,Google Play,en,us,2026-04-17 17:51:35,2025-07-01
bca5c5c7-074f-4b2e-8268-5c8c10b5fa30,Harshvardhan “GhosT” Rathore,The best,5,1,,,2025-07-06 21:24:57,,,Lichess,Google Play,en,us,2026-04-17 17:51:35,2025-07-01
6bcb7ed0-482f-4326-8bfd-3b75114be9ff,Clint Shiloh,this version of lichess is awful. pls go back to the previous. full stop.,1,2,0.16.5,0.16.5,2025-07-06 19:12:01,,,Lichess,Google Play,en,us,2026-04-17 17:51:35,2025-07-01
69e3e269-d28d-490f-bd8c-0449609d35ab,"C, SAMRIDHHA SEN GUPTA",I can't play this game correctly.,1,1,0.16.5,0.16.5,2025-07-06 17:40:17,,,Lichess,Google Play,en,us,2026-04-17 17:51:35,2025-07-01
66fb650c-ffd0-4c8a-9e50-5a86b7ad753d,Ahindra D,best chess app. PERIOD.,5,1,0.16.5,0.16.5,2025-07-06 13:44:49,,,Lichess,Google Play,en,us,2026-04-17 17:51:35,2025-07-01
bc0fdbab-97f4-4760-ad38-83b617ceeecc,Bharathi Gagnapuram,best thing ever,5,1,0.16.5,0.16.5,2025-07-05 16:42:42,,,Lichess,Google Play,en,us,2026-04-17 17:51:35,2025-07-01
369b3ed1-2c64-4b98-9926-6ba7320f4a92,Munna Is Here,"Very well optimized game. I could not find an option to play computer bots, like offline mode, or there isn't one?",4,1,,,2025-07-05 13:42:41,,,Lichess,Google Play,en,us,2026-04-17 17:51:35,2025-07-01
9c987e32-3f3e-4023-b993-facb500e83cf,PRATIK PAWAR,"not a good one to play and improve chess skills, old version was much better where you can play with computer and analyse",1,3,0.16.5,0.16.5,2025-07-05 11:43:03,,,Lichess,Google Play,en,us,2026-04-17 17:51:35,2025-07-01
cd298045-18cd-4532-9ed6-fbc862019f01,Richings Mwewa,I think I prefer the older version this one one looks like its working in the browser and some features like watching games of your choice in a tournament by simply tapping on the player of your choice are not working. Just give me the old version,1,56,0.16.5,0.16.5,2025-07-05 09:25:31,,,Lichess,Google Play,en,us,2026-04-17 17:51:35,2025-07-01
e6dd87eb-7055-42b5-8e61-8d932d6a4cbb,Nicu Știurcă,Very sluggish for bullet. Lots of lag vs old version. All the new features like different puzzle stuff is cool tho.,2,0,0.16.5,0.16.5,2025-07-05 05:40:28,,,Lichess,Google Play,en,us,2026-04-17 17:51:35,2025-07-01
f86459f4-7e43-4a5e-bf95-cf55376cbc6d,Miko Unao,"Can't sign in. It just opens a floating window to sign in, but after loggin in, it does nothing. Please fix this, I really enjoyed the app. Thanks",1,4,0.16.5,0.16.5,2025-07-04 13:28:58,,,Lichess,Google Play,en,us,2026-04-17 17:51:35,2025-07-01
6845a8af-3e46-4792-ab02-763ad8fe50cf,Harshit soni,"how to play with Bots in this app. when i sign in the window doesnt open in app, it open in browser... how can i manage this ???",1,2,0.16.5,0.16.5,2025-07-04 07:48:24,,,Lichess,Google Play,en,us,2026-04-17 17:51:35,2025-07-01
ad3e3eef-42da-4b62-9ea4-03a80a301553,Bhalchandra Yalamali,Best app,5,1,0.16.5,0.16.5,2025-07-04 06:30:43,,,Lichess,Google Play,en,us,2026-04-17 17:51:35,2025-07-01
c7eedaaa-e3ad-4503-bfc2-e1af81812daf,Monica,The us no inbox to chat on the new update!,1,1,0.16.5,0.16.5,2025-07-02 04:04:55,,,Lichess,Google Play,en,us,2026-04-17 17:51:35,2025-07-01
4a54e46f-20b0-4ee9-8e0c-18dd16130689,Justin Officer,"I don't usually rate apps but I noticed that Lichess's user rating is much lower than it deserves. This app is great, totally ad free, a chess app by chess players for chess players. The rating system gives you an ELO quickly so that after a few games you are playing with people of your skill level. There are tons of options to customize the layout of your board and pieces and there is a super helpful engine to explore ""best moves"" and different openings. This app is freaking awesome. Thanks.",5,108,0.16.5,0.16.5,2025-07-02 02:21:22,,,Lichess,Google Play,en,us,2026-04-17 17:51:35,2025-07-01
19169107-5928-4d9d-b38c-e9ea8d504f2d,Otabek Mirazimov,"Overall, it is one the best chess app, but has some drawback. For instance, when promoting, if people in hurry, they may misclick to nothing(just out of selectiable pieces) and pawn stays as a pawn in the promoting square, but your time goes on. So i think thats bug or something else. Thanks for reading!",4,1,,,2025-07-01 15:05:50,,,Lichess,Google Play,en,us,2026-04-17 17:51:35,2025-07-01
78f6559c-1980-4211-b3ff-dd1c844f5c5e,orphe mbakami,This is amazing I love it just work on the tournaments it should become fair.,5,1,0.16.5,0.16.5,2025-06-30 18:02:34,,,Lichess,Google Play,en,us,2026-04-17 17:51:35,2025-06-24
650d0860-b758-4e65-92a9-fbb16cb5b437,Dr Hussain TK,very bad interphase.,1,0,0.16.5,0.16.5,2025-06-30 17:39:13,,,Lichess,Google Play,en,us,2026-04-17 17:51:35,2025-06-24
8d7e4a63-ccd3-40bd-89f9-4fe192cffed5,ANKIT SINGH RAJPUT,just improve,5,1,0.16.5,0.16.5,2025-06-30 11:04:59,,,Lichess,Google Play,en,us,2026-04-17 17:51:35,2025-06-24
33ad07ac-36a8-48c2-8630-0bd0704dcd2f,Alireza Kouhbor,please include offline games against engine with adjustable difficulty levels based on elo ratings. thank you.,4,1,0.16.5,0.16.5,2025-06-30 10:28:31,,,Lichess,Google Play,en,us,2026-04-17 17:51:35,2025-06-24
ba6b5b54-71fe-4e14-a5b1-a487428d4091,Jos Chongtham (Jos),retarded app,1,1,0.16.5,0.16.5,2025-06-30 03:03:04,,,Lichess,Google Play,en,us,2026-04-17 17:51:35,2025-06-24
1f4d80a1-1a53-43ec-a625-b3e1df7daca4,Peter,"I really love this app , the only problem I cant play in Samsung fold 6 in full screen . anyway 5 star",5,1,0.16.5,0.16.5,2025-06-29 19:21:16,,,Lichess,Google Play,en,us,2026-04-17 17:51:35,2025-06-24
59d6c633-2849-4097-b3f7-410368085f3b,Sreehari Sreehari,one of the best chess game application,5,1,0.16.5,0.16.5,2025-06-29 07:46:55,,,Lichess,Google Play,en,us,2026-04-17 17:51:35,2025-06-24
c9c3fcef-2066-4b28-bbe3-9d8a652d395f,Amit JOSHI,Thanks team Lichess. Love from Bharat. 🇮🇳,5,1,0.16.5,0.16.5,2025-06-28 21:30:44,,,Lichess,Google Play,en,us,2026-04-17 17:51:35,2025-06-24
f959e3f3-f282-4ed4-a006-d54b7d241d04,Anant Raj,"The most obvious reason for extremely hating this App is 'The online bots you play on a live online match, unknowingly:. ""4 out of 10 games"" , I play an online bot , and they harass me with their accuracy, I totally frustrate when I see their instant and accurate move. i hate this on my peak level . Frustrating app and UI. Chesscom is a way better than this app .",1,1,,,2025-06-28 18:05:21,,,Lichess,Google Play,en,us,2026-04-17 17:51:35,2025-06-24
dea75289-a7f7-4827-a782-a42039d12266,Dustin,I dont know what they did but the new app is super laggy and ugly,2,0,0.16.5,0.16.5,2025-06-28 13:58:41,,,Lichess,Google Play,en,us,2026-04-17 17:51:35,2025-06-24
2769ebbe-d990-4c16-8ea9-abe5efa1ac46,Julien Dumont,"what a disappointment... i reallly enjoyed the old version of the app that i had on my previous phone. this one is confusing, messy, and it seems that you can play against a computer anyone. I feel sorry for all the passionate people who worked on it over the years to see it crippled like this. sad.",1,39,0.16.5,0.16.5,2025-06-28 13:10:53,,,Lichess,Google Play,en,us,2026-04-17 17:51:35,2025-06-24
61973a96-f559-442d-920c-c33e306d3d40,Ram,Fantastic App 😁,5,1,0.16.5,0.16.5,2025-06-28 13:05:30,,,Lichess,Google Play,en,us,2026-04-17 17:51:35,2025-06-24
fce8b43c-d382-474a-bb82-0b6d97ef840e,Haseena Shaik,I have downloaded and uninstalled 2 times it's not opening bro waste of time and data,1,0,,,2025-06-28 07:44:22,,,Lichess,Google Play,en,us,2026-04-17 17:51:35,2025-06-24
e9e0c75f-9bed-444c-be2f-1de584095e90,Hemant Bose,This app is good but for the next update please again add the quick pairing section and also add the learning section with studies as in Lichess website and please also change the name of the app,4,0,0.16.5,0.16.5,2025-06-28 05:57:02,,,Lichess,Google Play,en,us,2026-04-17 17:51:35,2025-06-24
e10fb5ae-8e02-4216-a3a5-3897e633e7bd,Ninja xD,"Tge old app was 10,000x better",1,0,0.16.5,0.16.5,2025-06-27 22:37:12,,,Lichess,Google Play,en,us,2026-04-17 17:51:35,2025-06-24
88ff1c48-641f-4833-8307-db06082bc109,ANSHI JAIN,interactive chess game in whre u can know with which move and piece u chechmated the most ----home screen widget we want----rather than showing black is Victoria or white is Victorious it's better to say you are victorious with clapping animation and good animations----make analysis of games compulsory atleast after losing,1,1,0.15.11,0.15.11,2025-06-27 21:45:03,,,Lichess,Google Play,en,us,2026-04-17 17:51:35,2025-06-24
ed517e54-8c31-4e37-8e20-0477e1704758,bello idris,Terrible update and the worst of all,1,0,0.16.5,0.16.5,2025-06-27 21:11:27,,,Lichess,Google Play,en,us,2026-04-17 17:51:35,2025-06-24
15e8eb4a-c4d5-417f-9b8e-86051dabc2bc,Vijay MLV,"While I understand that this is a FREE app, I really really need offline play against bots.",3,1,0.16.5,0.16.5,2025-06-27 19:25:20,,,Lichess,Google Play,en,us,2026-04-17 17:51:35,2025-06-24
42fb96f7-659f-450c-b4b8-4c82c43795ae,Kirill Bratanov,"так себе Обнова. дайте хотя бы легаси-версию, чтобы выбор был.",1,0,,,2025-06-27 09:53:14,,,Lichess,Google Play,en,us,2026-04-17 17:51:35,2025-06-24
4b44d2e8-fa6d-4d81-b1df-47ba4e79ebe9,Anand Mohan,"i love this app, but not the new version. I'm not able to find ""learn from your mistakes"" which is one of the main reasons why I play in this app.",4,1,0.16.5,0.16.5,2025-06-27 07:37:46,,,Lichess,Google Play,en,us,2026-04-17 17:51:35,2025-06-24
9f6905ce-cde3-4d53-9d38-1870abbc4bdc,I Play 9s,direct downgrade to the original no need to change,1,0,,,2025-06-26 23:08:36,,,Lichess,Google Play,en,us,2026-04-17 17:51:35,2025-06-24
e842fa08-97c0-4fd4-9a43-a1c529be0d80,sagar dua,pathetic app.,1,1,,,2025-06-26 20:19:55,,,Lichess,Google Play,en,us,2026-04-17 17:51:35,2025-06-24
201b6cc1-bb67-4649-9aa8-4ade90085c5d,Nikhil Patil,Best free app,5,1,0.15.11,0.15.11,2025-06-26 19:52:27,,,Lichess,Google Play,en,us,2026-04-17 17:51:35,2025-06-24
80b1a948-ae26-4c87-8823-599ec916a73e,Vinay raj,Really lot of content to bought from lichess beta,5,1,0.16.5,0.16.5,2025-06-26 18:24:32,,,Lichess,Google Play,en,us,2026-04-17 17:51:35,2025-06-24
42438087-9eb6-4471-99bd-1d3d63646de9,Suhaas M.N,"I mean the interface and UI looks cool and all but, the settings are limited and this is so hard to use and I can't challenge other modes like antichess. We can play those in tournaments but with a friend I played in a browser than this app.",1,13,0.16.5,0.16.5,2025-06-26 16:56:27,,,Lichess,Google Play,en,us,2026-04-17 17:51:35,2025-06-24
d5e32191-bdf5-4615-bba3-43da3b79f5f4,Winter,"Whoever is in charge of the new UI, please get rid of him.",1,1,0.16.5,0.16.5,2025-06-26 14:43:05,,,Lichess,Google Play,en,us,2026-04-17 17:51:35,2025-06-24
01746f90-99c6-4342-bf4b-d80c65dd0952,Rajesh Kanna,Best Chess app in human history,5,3,,,2025-06-26 14:10:12,,,Lichess,Google Play,en,us,2026-04-17 17:51:35,2025-06-24
5d224c1d-0b85-462d-a019-ff8312c9c739,Wanmai Eanglam,"this new version is the worst 😫 can't even play rated now. the game option just disappeared, only tournament links available.",1,0,,,2025-06-26 13:35:18,,,Lichess,Google Play,en,us,2026-04-17 17:51:35,2025-06-24
bcfc87b3-326a-4691-898f-89a2b2c7135d,Toewai Aung,A great app for Chess lovers,5,4,0.16.5,0.16.5,2025-06-26 08:28:10,,,Lichess,Google Play,en,us,2026-04-17 17:51:35,2025-06-24
0a72297b-1e97-4129-86da-d5c6cc597d78,Muhammed Ashif,"Good and free chess app i liked it, but after reinstalled it, i can't find play with computer option where is it..?",4,1,0.16.5,0.16.5,2025-06-26 03:23:27,,,Lichess,Google Play,en,us,2026-04-17 17:51:35,2025-06-24
a4b4dca2-8fb6-4fad-b759-b59437da192a,Cliffeu,"I really like the ability to choose themes for puzzles and presence of clear sections, but please return the usual ""squares"" with chess modes on home section, also study interface feels weird, because now you make moves yourself for the opponent and sometimes it's hard to understand which move you need to play",4,2,0.16.5,0.16.5,2025-06-25 23:50:15,,,Lichess,Google Play,en,us,2026-04-17 17:51:35,2025-06-24
c12f03fa-3aef-4082-8a28-75dd7fa97e5f,M Ibrahim,"Absolute trash app, some open source geeks decided to make it complicated to play a simple game",1,2,0.16.5,0.16.5,2025-06-25 22:26:22,,,Lichess,Google Play,en,us,2026-04-17 17:51:35,2025-06-24
66ff8329-7d62-4f72-a63b-c5746786471c,Adam Minor,Great website,4,1,0.15.11,0.15.11,2025-06-25 17:15:29,,,Lichess,Google Play,en,us,2026-04-17 17:51:35,2025-06-24
c5ff6108-1234-4099-99f4-fc2c05091f52,Malkyvich,currently a mess. very unintuitive and several steps back from previous editions,3,0,0.16.5,0.16.5,2025-06-25 17:11:13,,,Lichess,Google Play,en,us,2026-04-17 17:51:35,2025-06-24
bbd24671-342b-4c12-9939-ec92cf8f877e,EE-O26 KSV PAVAN KUMAR.,This app is good but this app need to give brilliant moves when a player made a good sacrifice in game.so plz try to add brilliant moves in analysis. This made a user to play more and interactive manner,4,1,0.16.5,0.16.5,2025-06-25 12:30:29,,,Lichess,Google Play,en,us,2026-04-17 17:51:35,2025-06-24
9228038e-c990-4a62-a639-fd03e1ca2f78,Mark Michael,Best app for chess. Just needs an option to play with a bot offline and then it would be complete. Thanks!,5,2,0.16.5,0.16.5,2025-06-25 08:41:52,,,Lichess,Google Play,en,us,2026-04-17 17:51:35,2025-06-24
e2f20a22-8cdc-464c-99ab-f3e6b9d0c070,Adam Omar,the best chess app in the world,5,2,0.16.5,0.16.5,2025-06-25 07:18:32,,,Lichess,Google Play,en,us,2026-04-17 17:51:35,2025-06-24
4401f700-2290-4aa8-906b-0b773c2a3800,Shane Slabaugh,great app! I can't believe I paid for these features before! I'll definitely be donating to them though,5,2,0.15.11,0.15.11,2025-06-25 03:15:59,,,Lichess,Google Play,en,us,2026-04-17 17:51:35,2025-06-24
303a615d-5d7d-4ecc-9d3c-d1bb584a4d17,Khan X,"I can't login to my account, is anyone facing the same issue.",1,0,0.12.5,0.12.5,2025-06-25 01:29:56,,,Lichess,Google Play,en,us,2026-04-17 17:51:35,2025-06-24
aa6161e9-d2cd-4c36-9d8c-9c58a72e89d7,Ahmad Ibrahim,"very good chess app totally free, amazing puzzles and studies, the only thing I have a problem with is the fact that computer analysis doesn't show elo in which I played. if you can add that it's much appreciated good work team.",4,1,0.16.5,0.16.5,2025-06-25 01:14:28,,,Lichess,Google Play,en,us,2026-04-17 17:51:35,2025-06-24
56879792-b64a-4f41-8f68-7e900c29cd7a,Saurav Kumar,"So, after the recent update, The settings section while analysing a puzzle has been moved to top right corner in a 3 dot symbol which makes it difficult to open one handed. It used to be in the 3 bar section on the bottom right of the device which was perfect. I don't know why these guys are changing what's already right. Change where it's required otherwise it ruins the experience. Hope you get what I'm trying to convey.",1,83,0.16.5,0.16.5,2025-06-24 23:13:31,,,Lichess,Google Play,en,us,2026-04-17 17:51:35,2025-06-24
a8913c87-9828-424c-b04a-961a62232d2f,Yamlak Tesfaye,this new beta release lacks the intuitiveness and simplicity of the previous versions,2,0,0.16.5,0.16.5,2025-06-24 21:59:40,,,Lichess,Google Play,en,us,2026-04-17 17:51:35,2025-06-24
4fb8d152-ac64-456e-8002-21b355130b32,Nolan,"I used to have fun on this but now it seems to me that they have removed the alternate game modes from the mobile app, very disappointed in this and that was one of the only reasons I used this app besides being able to play my friends.",2,1,0.16.5,0.16.5,2025-06-24 21:40:32,,,Lichess,Google Play,en,us,2026-04-17 17:51:35,2025-06-24
945f6807-eb67-49d6-841e-b4e099ecf241,Turan Sarı,"I love the app but after I reinstalled after 1 week, the whole app changed and it looks awful. I hope you change it.",1,5,0.16.5,0.16.5,2025-06-24 15:27:23,,,Lichess,Google Play,en,us,2026-04-17 17:51:35,2025-06-24
ff98df15-6ced-4237-8050-a7b7dd2dde10,Abhishek,Best Chess app. New version is very very good than older. Two suggestions: 1. Provide an option to add Profile Picture. 2. Show Country Flag beside the name during Play.,5,2,,,2025-06-24 12:52:07,,,Lichess,Google Play,en,us,2026-04-17 17:51:35,2025-06-24
8a308661-b714-4bde-b341-b32ca3833d6e,Navgundan Charan,this game is very bad old game is good,1,0,0.16.5,0.16.5,2025-06-24 05:50:24,,,Lichess,Google Play,en,us,2026-04-17 17:51:35,2025-06-24
22ab5cf8-3c10-48f6-9f35-b18aa7a4d740,Raynard Neethling,"The new version is garbage, stick to over the board if you consider the beta version",1,1,0.15.11,0.15.11,2025-06-23 21:20:56,,,Lichess,Google Play,en,us,2026-04-17 17:51:35,2025-06-17
3e926be6-a4bd-41af-a3c0-c94334e944c4,Prakhar Sharma,Unable to log in in account even after clicking authorize for numerous times.,2,0,0.16.5,0.16.5,2025-06-23 19:43:14,,,Lichess,Google Play,en,us,2026-04-17 17:51:35,2025-06-17
9e5a99fe-ad46-45e4-9979-ca4e5ef49ddb,Bhargava K K,"only the ui is good. the rest of the functionalities need to be added like I could not find the option to ""Play with a friend"" which is very much needed for me",2,0,0.15.11,0.15.11,2025-06-23 19:11:35,,,Lichess,Google Play,en,us,2026-04-17 17:51:35,2025-06-17
bc588f77-0397-4d6a-b259-d2d10dba4c78,Yu yang Lim,"where is lichess org, why can't I play my lichess",1,1,,,2025-06-23 12:57:36,,,Lichess,Google Play,en,us,2026-04-17 17:51:35,2025-06-17
8ad080f1-26ac-4662-a8bf-b733f3faf644,Swapnendu Chatterjee,wonderful update,5,2,0.15.11,0.15.11,2025-06-23 11:37:06,,,Lichess,Google Play,en,us,2026-04-17 17:51:35,2025-06-17
986c76bd-e0b9-432a-822e-de67b6dd8fe8,bukit jose,So bad.. better the old version.,1,4,0.13.13,0.13.13,2025-06-23 08:16:49,,,Lichess,Google Play,en,us,2026-04-17 17:51:35,2025-06-17
eddb9264-3699-47d0-8c04-7e8b6b2e6a57,Ali Hedeya,"Absolutely GOATed app, hats off to the Lichess devs",5,3,0.15.11,0.15.11,2025-06-23 02:27:07,,,Lichess,Google Play,en,us,2026-04-17 17:51:35,2025-06-17
d60ea38e-c682-45cd-8c61-0a21ea81d131,Onyemaobichukwu Lionel,The old app is better than this beta. This one can't scale to my full screen.,1,1,,,2025-06-22 17:49:29,,,Lichess,Google Play,en,us,2026-04-17 17:51:35,2025-06-17
152cb851-7855-4d1a-8345-10a223de5cf4,Parth Zope,"worst chess app ever, ridiculous experience, dreadful application will not recommend this app even to the beginners, I hope playstore removes his app asap, same opponents and high waiting time for games to be loaded",1,1,0.15.11,0.15.11,2025-06-22 12:08:28,,,Lichess,Google Play,en,us,2026-04-17 17:51:35,2025-06-17
145cc00e-4d67-43d2-99f3-525fea71d118,dhanalakshmi1987,it is the most inteligence of of chess most puzzles and managing the time and best move,5,2,0.15.11,0.15.11,2025-06-22 11:33:53,,,Lichess,Google Play,en,us,2026-04-17 17:51:35,2025-06-17
94aebc3e-2488-4399-9b1f-77675c387922,Amadiikpa Noble,crasy app,1,0,0.15.11,0.15.11,2025-06-22 11:25:13,,,Lichess,Google Play,en,us,2026-04-17 17:51:35,2025-06-17
976583af-c563-40ab-b5fe-c1ffa3c1505c,Shaik Sayeed,I have stopped using the lichess app after 6 years because of this beta version,1,2,,,2025-06-22 11:10:04,,,Lichess,Google Play,en,us,2026-04-17 17:51:35,2025-06-17
0812ff30-60da-4b50-a4b7-3baa9f1bcb01,Sarthak Sharma (सार्थक),"Kudos to the developers! No matter what others are saying, you have done a good job by doing something new. The app needed a refreshed look and modern UI. Now please keep improving the UX. Also, it would be really helpful to start explaining evaluations of move like Chessdotcom.",5,5,0.15.11,0.15.11,2025-06-22 04:00:47,,,Lichess,Google Play,en,us,2026-04-17 17:51:35,2025-06-17
911bd4de-bd56-476c-b4ec-f515802d6d99,Othmen Azzouz,"an engineering disgrace, countless bugs",1,1,0.15.11,0.15.11,2025-06-21 21:42:18,,,Lichess,Google Play,en,us,2026-04-17 17:51:35,2025-06-17
da0aaa07-745f-4d87-8511-c0eb65771533,Shovan Saha,Please add a feature that will allow us to play offline with the chess engine.,4,1,0.15.11,0.15.11,2025-06-21 12:59:54,,,Lichess,Google Play,en,us,2026-04-17 17:51:35,2025-06-17
45974351-2540-44e9-8f47-4cfac180120f,Alexey Alexey,nice redesign,5,3,0.15.11,0.15.11,2025-06-21 11:39:00,,,Lichess,Google Play,en,us,2026-04-17 17:51:35,2025-06-17
5f6bf72a-974e-4ca5-8ec7-b64be502e3bf,Co3co “Coco”,No clue why all these people are saying the new UI is bad. It is so much better than the old one.,5,3,0.15.11,0.15.11,2025-06-21 08:55:42,,,Lichess,Google Play,en,us,2026-04-17 17:51:35,2025-06-17
cd8e5156-d7f8-4742-b6ef-7f353a6abb5a,NEHA SHREE,best for Android phone,5,2,0.15.11,0.15.11,2025-06-21 06:01:40,,,Lichess,Google Play,en,us,2026-04-17 17:51:35,2025-06-17
2f2ff8da-da35-4be4-87f3-358bacda9a5f,Ayanda Douglas,"This is an absolutely amazing chess app, 100% free.I improved alot in chess without spending a dollar thank you Lichess.",5,3,0.15.11,0.15.11,2025-06-20 22:44:00,,,Lichess,Google Play,en,us,2026-04-17 17:51:35,2025-06-17
bcf7e89c-1979-4a02-80e3-10e53c3a4802,dogdon Hindustan gamer,You should make it premium Because you deserve money bro.,5,3,,,2025-06-20 18:57:02,,,Lichess,Google Play,en,us,2026-04-17 17:51:35,2025-06-17
0af9cbf1-9833-4cfa-93a6-7e8912823523,SAHIL KUMAR,app is very good but in new version I can't find message option as notifications are missing.,5,3,0.15.11,0.15.11,2025-06-20 18:11:28,,,Lichess,Google Play,en,us,2026-04-17 17:51:35,2025-06-17
e0e0c3cf-6026-4ee5-8a67-113e36a17c7d,anand kittu,wonderful and free of cost,5,3,0.15.11,0.15.11,2025-06-20 17:02:54,,,Lichess,Google Play,en,us,2026-04-17 17:51:35,2025-06-17
4e577c9c-4157-4bb8-a18f-3f691c4c31ea,Sapan Patro,"I LOVE CHESS... AND I LOVE LICHESS, but lichess beta has disappointed me, there is no way to revert the UI back to orginal, the moment I open the analysis board the app crashes, The UI is more complex, like where the hell do you get to see your chats?... These problems weren't there with the original lichess and that was a lovely app...",3,10,0.15.11,0.15.11,2025-06-20 16:59:31,,,Lichess,Google Play,en,us,2026-04-17 17:51:35,2025-06-17
c7e2617a-86bf-4160-9144-d64c9789a79c,Raja Sekhar,nice app,5,2,0.15.11,0.15.11,2025-06-20 15:14:26,,,Lichess,Google Play,en,us,2026-04-17 17:51:35,2025-06-17
2f7c984d-d1e7-4baa-9c08-6556d696c6f8,Sudhir Chauhan,features are good but the user interface is bad,2,1,0.15.11,0.15.11,2025-06-20 14:48:00,,,Lichess,Google Play,en,us,2026-04-17 17:51:35,2025-06-17
4abf74ec-cfb5-4b8e-b8e9-ccb6afe0c24c,Abhinab Parida,"very good platform to improve in chess, really loved it",5,2,0.15.11,0.15.11,2025-06-20 12:12:34,,,Lichess,Google Play,en,us,2026-04-17 17:51:35,2025-06-17
8016d710-90b0-4f22-9420-75be42970d10,JOHN TELUGU TECH,You can only play for 5 minutes offline.,1,3,,,2025-06-20 08:22:27,,,Lichess,Google Play,en,us,2026-04-17 17:51:35,2025-06-17
909b9cd7-b2de-426b-85e4-46f0bdfb27bd,ATIKUL HAQUE,Why previous version take out??? Why??,1,1,,,2025-06-20 05:25:11,,,Lichess,Google Play,en,us,2026-04-17 17:51:35,2025-06-17
02054705-9f32-4146-bc23-2c0f07f73d27,Irving Alan Ochoa Velazco,"this version to me it's really amazing, i love the new puzzles and the analysis",5,2,0.15.11,0.15.11,2025-06-20 03:02:10,,,Lichess,Google Play,en,us,2026-04-17 17:51:35,2025-06-17
546437cc-77b2-4a7f-992e-3e8a3e4bda8c,Nachiketa Pradhan,new interference is interesting.,5,2,,,2025-06-19 23:58:01,,,Lichess,Google Play,en,us,2026-04-17 17:51:35,2025-06-17
3314d573-2972-4567-9e59-147add14ee02,lebron james,"worst playmaking, slow connections, waste a lot of time finding opponent,",1,0,0.15.11,0.15.11,2025-06-19 19:11:54,,,Lichess,Google Play,en,us,2026-04-17 17:51:35,2025-06-17
497f0e4f-7e06-4603-85a6-d11914be1646,Soumay Patiyal,The beest chess app I have ever used. Better than previous lichess. The best of the app is that it is absoultely free. You cam analyze game in depth. This app is better than manny other chess apps. I liked it,5,2,0.15.11,0.15.11,2025-06-19 17:46:30,,,Lichess,Google Play,en,us,2026-04-17 17:51:35,2025-06-17
3d37a9ac-ef48-4422-baec-9a55a106201e,Sayantani Mandal,"Very poor service. Pairing is too slow and the arrangement of the tournaments are very bad. At all my review is, lichessis the worst chess app of all time.",1,0,,,2025-06-19 17:31:43,,,Lichess,Google Play,en,us,2026-04-17 17:51:35,2025-06-17
4f7b8177-2c6d-47a8-b53d-5195e005e4d2,Ranjan Dewry,Very poor service. Very difficult to start.,1,0,,,2025-06-19 16:48:28,,,Lichess,Google Play,en,us,2026-04-17 17:51:35,2025-06-17
00ddc859-1008-45e4-8cc8-dcbbf6cdaa09,Skealy,The new UI is bs. The piece movement animations are laggy. We should learn how to kill a beautiful application from lichess. Wow!,1,1,,,2025-06-19 15:57:34,,,Lichess,Google Play,en,us,2026-04-17 17:51:35,2025-06-17
48046aab-c729-466e-9d7b-07af9e44c6b8,Dave Klompas,"Usefull for anyone looking to improve their game. There is a high level of commitment and passion within the community and the overall software is solid. Alas, the UI is messy and leaves much to be desired. There is no beauty in the layout and the presentation is far too rigid. Overall, Lichess is a very useful tool; but the presentation suks.",3,7,0.15.11,0.15.11,2025-06-19 12:16:35,,,Lichess,Google Play,en,us,2026-04-17 17:51:35,2025-06-17
ae93c0e1-dfa2-4b1c-b111-8f3e9c56ac1f,Vijay Kumar Pathipaka,New Beta App experience is Very bad. The old UI is great. don't change it. Also I can now only download Beta. is there the original app.,1,0,,,2025-06-19 06:18:24,,,Lichess,Google Play,en,us,2026-04-17 17:51:35,2025-06-17
95bcc25c-52c4-4a4e-95a1-9abe02b2d771,Paul A3,I hope we can have correspondence tournaments with the next updates.,5,2,0.15.11,0.15.11,2025-06-18 17:58:33,,,Lichess,Google Play,en,us,2026-04-17 17:51:35,2025-06-17
090220ec-6a22-4124-b6de-152b23bdc9fa,Sincronizar,"New UI is awful, removed ability to play the computer",1,1,0.15.11,0.15.11,2025-06-17 23:47:50,,,Lichess,Google Play,en,us,2026-04-17 17:51:35,2025-06-17
815a36fe-8556-42e1-b93d-c6dcc13fde2a,Luca Geno,they need to fix the high rate of cheating to be a successful app. it's frustrating to play opponents who have a constant 13 seconds between moves and insane accuracy.,1,4,0.15.11,0.15.11,2025-06-17 16:59:57,,,Lichess,Google Play,en,us,2026-04-17 17:51:35,2025-06-17
b4bff5f3-28ee-4fec-a8a7-fafe0656c0fb,Chisomo Mbewe,"The 3 star I gave you is quite generous compared to the true nature of the app. I mean chess is chess and that's what the app offers but just poorer, less functionality due to omission and no connectivity with my friends prior to the update, I mean I gotta go on a browser just to play people of my liking. The new update ought to revert back to the lichess of 6 months ago, that would really do me a chess lovers some good",3,3,0.15.11,0.15.11,2025-06-17 13:03:13,,,Lichess,Google Play,en,us,2026-04-17 17:51:35,2025-06-17
d1e291ff-2a43-411e-b572-21c531515b2f,durbyweb,I want the old one not beta,3,1,,,2025-06-17 08:58:46,,,Lichess,Google Play,en,us,2026-04-17 17:51:35,2025-06-17
8d74c58d-4f41-4d72-b5c2-910b300ba51c,Nigger Boy,Don't add the takeback feature if opponents won't use it. How come I always give takebacks to others but my opponents doesn't let me,1,0,0.15.11,0.15.11,2025-06-16 15:29:53,,,Lichess,Google Play,en,us,2026-04-17 17:51:35,2025-06-10
3f0fbffd-5651-4044-b755-43999782ba00,Joaquin Perez,Fantastic,5,3,0.15.11,0.15.11,2025-06-16 06:56:34,,,Lichess,Google Play,en,us,2026-04-17 17:51:35,2025-06-10
15c4732e-f145-4ba6-9eb0-6258d99bbf5e,Syrily Walei,typically you can't play bots it's also full of cheats,1,2,,,2025-06-15 22:18:31,,,Lichess,Google Play,en,us,2026-04-17 17:51:35,2025-06-10
85d8fbf4-f7c0-46e3-bcbf-e86bde8873ab,ہ٨ـہہ٨ـ ہ٨ـہہ٨ـ,Garbage !!! Just give me a rating i am much higher rated people than me,1,1,0.15.11,0.15.11,2025-06-15 12:34:14,,,Lichess,Google Play,en,us,2026-04-17 17:51:35,2025-06-10
1f4ea6ef-4d73-4745-80f5-c3acc9e74447,Sai sushanth Tanguturi,there is a glitch in blitz 1 + 0 time control.even after I move a piece my time doesn't stop and I lost so many games because of that.fix it,1,2,0.15.11,0.15.11,2025-06-15 12:12:03,,,Lichess,Google Play,en,us,2026-04-17 17:51:35,2025-06-10
8d7f57a0-843c-40cd-ae31-529393e1e91a,Jack el Antidoto,where is vs computer¿,3,0,0.15.11,0.15.11,2025-06-15 05:00:54,,,Lichess,Google Play,en,us,2026-04-17 17:51:35,2025-06-10
307967fe-56d8-4e5f-8844-e56655c8db45,BVS Kousik,New version is the worst,1,2,0.15.11,0.15.11,2025-06-14 20:37:02,,,Lichess,Google Play,en,us,2026-04-17 17:51:35,2025-06-10
b777cdee-e0e1-4603-bdee-50e56d175c8c,Solomon Carelse,Excellent,5,2,,,2025-06-14 13:56:04,,,Lichess,Google Play,en,us,2026-04-17 17:51:35,2025-06-10
dd82a4e8-6068-4926-a2e3-76169bb06408,Karna Pathak,remaintain your ping system auto time deduce without my network problem it's so irrationality,1,1,0.15.11,0.15.11,2025-06-14 10:03:02,,,Lichess,Google Play,en,us,2026-04-17 17:51:35,2025-06-10
6b61d755-d218-4aed-b022-fa4d6ebc5973,Neelansh sharma,We are getting a lot for free. Thank you,5,2,0.15.11,0.15.11,2025-06-14 09:17:33,,,Lichess,Google Play,en,us,2026-04-17 17:51:35,2025-06-10
9d100337-55cc-4235-9dcf-fe3fdd1f625d,Meyl,"Now the best FREE chess app for playing and learning to get better. If you have any issues or prefer the old app, you can go to the website on your phone, press the 3 dots top right and add to homescreen - works pretty well the same. No ads, no transactions. The alternative top result app has a nicer UI and is more popular/more players - but asks you to pay all the time and limited features unless you pay.",5,94,0.15.11,0.15.11,2025-06-13 22:28:11,,,Lichess,Google Play,en,us,2026-04-17 17:51:35,2025-06-10
565373cc-e893-4ecd-ac6c-7e42cae407ff,Yusuf Aminu,"the old version of lichess is better than this Beta. objects or players are visible and the app was very easy to navigate in. it was user-friendly. but this new version is not any improvement on that, players are dull viewed now. also the file size has become larger for absolutely no reason. just wanted my data",1,102,0.15.11,0.15.11,2025-06-13 17:28:30,,,Lichess,Google Play,en,us,2026-04-17 17:51:35,2025-06-10
b591e2a6-919c-486a-98a0-6c1fbac9d443,Pratham Goradia,1) where is the option to create a game that I can share the link with my friend and then play? cannot find it after update. 2) why did you remove the arrow keys to see the previous moves while doing the puzzles? seems like unnecessary removal of functionality,3,3,0.15.11,0.15.11,2025-06-13 08:23:12,,,Lichess,Google Play,en,us,2026-04-17 17:51:35,2025-06-10
6a1bfb00-0ac1-41cc-afc6-517624a3d489,Shafen Badar,"Blazing fast and many humane factors considered like network latency of user does not drain clock unnecessarily unlike chesscom, I hated because of slow speed and my time draining and me playing time handicap with everyone unwillingly",5,1,0.15.11,0.15.11,2025-06-13 01:22:40,,,Lichess,Google Play,en,us,2026-04-17 17:51:35,2025-06-10
550dbeb6-2213-454c-87bf-ac6a99787dc9,br3ndw wing chun,brilliant,5,1,0.15.11,0.15.11,2025-06-13 01:02:23,,,Lichess,Google Play,en,us,2026-04-17 17:51:35,2025-06-10
6fdcc755-04cb-4fd0-9f8c-e3a75ef71d6f,Leandro Oliveira,So much better. Lichess is just great!,5,1,0.15.11,0.15.11,2025-06-12 21:21:57,,,Lichess,Google Play,en,us,2026-04-17 17:51:35,2025-06-10
13d1c30a-dc84-4a1a-b287-4fb942d34b7c,Ibrahim FJ,"Very great app! I wish you add 'practice with computer' and 'learn from your mistake' options that exist on the original website/app. Would be lovely too if there were move marks (Good, Best move, Brilliant, Inaccurate, Mistake, blunder...). Thanks.",4,2,0.15.11,0.15.11,2025-06-12 20:05:39,,,Lichess,Google Play,en,us,2026-04-17 17:51:35,2025-06-10
3afa1d7b-13aa-428a-af42-edabd9da3aec,suryakant mehetre,earlier version was better it was showing anonymous is online or left the game.. n was much better than beta,1,2,0.15.11,0.15.11,2025-06-12 19:26:04,,,Lichess,Google Play,en,us,2026-04-17 17:51:35,2025-06-10
19f0b253-6070-4ee6-9e2c-1f19d903b3c4,Fred Kakungulu,It doesn't have the offline play with computer feature. I also can't see my private arena tournaments! My past games list doesn't have other details like whether the game was a tournament game or other like in the old app. Please work on those issues 🙏,3,5,0.15.11,0.15.11,2025-06-12 19:09:00,,,Lichess,Google Play,en,us,2026-04-17 17:51:35,2025-06-10
f3812b9f-d9ca-4df1-a9ef-9e474da9513e,Aktore Bagdatuly,"What kind of app is this where there are no settings. You can't change the shapes or remove the vibration, nothing can be done. What nonsense",1,1,0.15.11,0.15.11,2025-06-12 18:30:51,,,Lichess,Google Play,en,us,2026-04-17 17:51:35,2025-06-10
59d17d19-cef2-47ea-9b69-9cd1d0dfee25,Samuel Abraham Jacob,Best chess app.,5,2,,,2025-06-12 16:11:09,,,Lichess,Google Play,en,us,2026-04-17 17:51:35,2025-06-10
e56333bb-279c-4c9c-857d-6b867bb2f347,Eamonn Mclaughlin,this game gave me 3 different forms of depression 10/10 would recommend,5,2,,,2025-06-12 15:44:29,,,Lichess,Google Play,en,us,2026-04-17 17:51:35,2025-06-10
3a0126b0-025c-449b-86f5-5c641efb87ef,S. K,"minimalist ui, loving it",5,2,0.15.11,0.15.11,2025-06-12 09:23:29,,,Lichess,Google Play,en,us,2026-04-17 17:51:35,2025-06-10
02bdbc33-8fa0-4380-994b-3001ea750601,Kennam Yanggi,"My problem is that, i can't sign in",3,0,0.15.11,0.15.11,2025-06-12 08:49:38,,,Lichess,Google Play,en,us,2026-04-17 17:51:35,2025-06-10
131bac0c-50a1-4c38-84d5-66284071ce9d,PKS,"Best app for chess lovers like me, simple, user friendly, clean interface!",5,1,0.15.11,0.15.11,2025-06-12 03:42:51,,,Lichess,Google Play,en,us,2026-04-17 17:51:35,2025-06-10
bbb453f5-53a4-4776-aa93-eb980e9659df,tahsin ahmed,"new layout is garbage. I'm autistic and can't handle change. That is why I'm good at chess. if I have to deal with a whole new layout, I might as well just download a different app. Also the inbox doesn't work, and I had communication with friends there. terrible update. restore the tried and tested design",2,8,0.15.11,0.15.11,2025-06-11 22:15:05,,,Lichess,Google Play,en,us,2026-04-17 17:51:35,2025-06-10
528ead41-765c-40e3-89d1-1093b826518c,Justin T,New update is a major step back. Should have waited for it to have all the old features before rolling out a half baked UI change.,3,3,0.15.11,0.15.11,2025-06-11 22:04:02,,,Lichess,Google Play,en,us,2026-04-17 17:51:35,2025-06-10
0017be06-7b5b-41b9-b2ce-1d10b62ba183,Elite Sports,This is the best chess app.,5,1,0.15.11,0.15.11,2025-06-11 15:37:34,,,Lichess,Google Play,en,us,2026-04-17 17:51:35,2025-06-10
71bb4eef-855f-4575-9f16-8e2f22bacaa6,S Andrei N,on an older version I could play antichess and other game variants. the option to play variants and offline is gone completely.,1,2,,,2025-06-11 15:34:35,,,Lichess,Google Play,en,us,2026-04-17 17:51:35,2025-06-10
708abb4c-5a54-4da7-bcf9-7782ee8d22b6,Simon Kruspe,Why are you bullying me by showing me points of rating I lost with each puzzle? I don't play puzzles to worry about rating. Where is the old app anyway?,1,2,0.15.11,0.15.11,2025-06-11 10:52:03,,,Lichess,Google Play,en,us,2026-04-17 17:51:35,2025-06-10
75569024-6e9b-4570-b3c2-5e1ffa188e0c,Brodie A,online only. no CPU. humans cheat.,1,3,0.15.11,0.15.11,2025-06-11 10:22:58,,,Lichess,Google Play,en,us,2026-04-17 17:51:35,2025-06-10
794282c5-0aa3-4f46-be08-4fe511aa9c80,Chris,it keeps crashing when trying to open the app,2,0,0.15.11,0.15.11,2025-06-10 16:57:53,,,Lichess,Google Play,en,us,2026-04-17 17:51:35,2025-06-10
053b91e7-81c4-4adb-90de-5258710f9cd1,--,"log in button doesn't work. i press it, nothing happens.",1,1,0.15.11,0.15.11,2025-06-10 16:29:47,,,Lichess,Google Play,en,us,2026-04-17 17:51:35,2025-06-10
f90bc975-1a55-476f-a2c6-511914ac9988,Rybca N,"no ""aquarium piece theme"" in your pieces..so I give you 1 star! just provide us that beautiful theme",1,0,,,2025-06-10 03:26:07,,,Lichess,Google Play,en,us,2026-04-17 17:51:35,2025-06-10
fc89f95c-570c-4112-a43e-8d5538e3267a,Anders Nystrom,"strongly dislike the new board and piece color changes, and you can't change it in settings",1,0,,,2025-06-10 01:40:13,,,Lichess,Google Play,en,us,2026-04-17 17:51:35,2025-06-10
d4d642ed-1880-4e61-99ff-3c8218250183,Dmytro Korolkov,Great app for all who like ♟️chess ♟️ and it's free / on donation if you like,5,1,0.15.11,0.15.11,2025-06-09 21:53:15,,,Lichess,Google Play,en,us,2026-04-17 17:51:35,2025-06-03
a827ce11-3548-45a0-bcfd-11b4ea122274,Testimony,love the app,5,1,,,2025-06-09 20:26:20,,,Lichess,Google Play,en,us,2026-04-17 17:51:35,2025-06-03
2fcda6ac-07e0-48a2-b54b-1f29fab1e231,Preeti Shrivastava,it is literally the best chess in the universe,5,1,,,2025-06-09 17:30:56,,,Lichess,Google Play,en,us,2026-04-17 17:51:35,2025-06-03
2f024010-3007-40ec-9fbf-b13d88b3c20a,Ritesh gupta,"this is the worst decision by far by the developers to update the app...this version is a nightmare, despite having a decent internet i am unable to make move in time.",1,3,0.15.11,0.15.11,2025-06-09 13:49:17,,,Lichess,Google Play,en,us,2026-04-17 17:51:35,2025-06-03
cf456dd7-bb10-473b-9a1d-016c98ed8c2e,Luigie playda,I didn't like a the ruling,1,0,,,2025-06-09 07:30:02,,,Lichess,Google Play,en,us,2026-04-17 17:51:35,2025-06-03
613ef199-3f64-4e7f-8e93-afa5052aa32f,raihan rohan,Please add practice with computer and continue from here option in the board editor and study section. We love the new app version and specially the puzzle section is a great help.,4,0,0.15.11,0.15.11,2025-06-09 07:17:12,,,Lichess,Google Play,en,us,2026-04-17 17:51:35,2025-06-03
3eb53ea0-ee30-47c2-9fd6-2def6014f1e6,Aditya,"Lichess is an outstanding app for all chess lovers! It’s clean, ad-free, and packed with features — from online matches to puzzles and study tools. I especially love how smooth and lightweight the interface is, making it one of the best chess platforms out there. However, I have one suggestion/complaint regarding the Over The Board (OTB) mode — currently, there's no option to increase or customize the timer duration. This becomes a bit inconvenient when playing longer casual games with friends",4,21,0.15.11,0.15.11,2025-06-09 05:11:55,,,Lichess,Google Play,en,us,2026-04-17 17:51:35,2025-06-03
800a7e85-8a75-41dc-84d2-9f3e6317f6d8,P W,can we have the old app back? this is garbage. can't even start a game against the computer,1,2,0.15.11,0.15.11,2025-06-09 02:11:58,,,Lichess,Google Play,en,us,2026-04-17 17:51:35,2025-06-03
866d6389-8341-4b65-8fcc-6c48604501b2,Ravindra Doifode,wonderful app for chess practice and best non-subscription experience,5,1,0.15.11,0.15.11,2025-06-08 15:50:50,,,Lichess,Google Play,en,us,2026-04-17 17:51:35,2025-06-03
d671a325-32a1-4075-a06d-367949653b2a,Ethan,this needs more features like on the original app,2,1,0.15.11,0.15.11,2025-06-08 15:48:45,,,Lichess,Google Play,en,us,2026-04-17 17:51:35,2025-06-03
cf37f497-4622-437d-9556-eeb1e60a9c38,Francesco Mauri,"Especially during tournaments, I sometime get disconnected see the timer of the opponent go to zero and then see that I lost 4 minutes ago, for example, because of connectivity issue. Also for some reason there is not anymore the possibility to play against a computer in the app, you can trigger the match via web browser and the continue in the app but you cannot start it from the app.",3,9,0.15.11,0.15.11,2025-06-08 11:04:40,,,Lichess,Google Play,en,us,2026-04-17 17:51:35,2025-06-03
26b38113-4c2c-4224-802f-973badabc9a6,Moondip Konwar,"Decent experience overall. Once again, just like everyone else says, please improve the UI. Also, please add computer here as well.",4,1,0.15.11,0.15.11,2025-06-08 07:07:24,,,Lichess,Google Play,en,us,2026-04-17 17:51:35,2025-06-03
234cdb6f-952c-4cfa-bf1b-e216d38e682b,Aaron's world art and craft,wonderful,5,1,,,2025-06-08 06:27:09,,,Lichess,Google Play,en,us,2026-04-17 17:51:35,2025-06-03
9b9672df-02d9-4e4a-923c-a15beda7069c,HANNIBAL AL-Kassab,best of the best,5,1,,,2025-06-08 05:37:26,,,Lichess,Google Play,en,us,2026-04-17 17:51:35,2025-06-03
eaefd16c-e656-4bfc-80bc-269efb28ab43,Lucas Emanuel Genova,somehow i played for over a year on the old app without realising there was a new one. thanks for making chess available for everyone!,5,1,0.15.11,0.15.11,2025-06-08 01:48:32,,,Lichess,Google Play,en,us,2026-04-17 17:51:35,2025-06-03
010da711-2f2d-47a3-840a-41a5478bc0ad,Dom,I think the content is professional but the menu system is a tragedy. I have completely lost in the menu and don't know where to click or how to check my previous actions/puzzles/games. I stop playing it for a month waiting for the devs then will see to continue playing or uninstall.,3,3,0.15.11,0.15.11,2025-06-07 23:05:47,,,Lichess,Google Play,en,us,2026-04-17 17:51:35,2025-06-03
35daf01a-d5c0-4004-96ee-9c90391bf6ca,Chibuikem jeremy,"the options on the previous app for creating games and sending the link to whoever you want to play with isn't available. plus it always redirects me to the web anytime I want to spectate my friends games . I had to go back to redownload the other app from a site because of it. please solve the issue. asides that , I honestly love this new app, it's way way better than the former one . please do an update to correct this issue. the ""create a game"" and ""play with a friend "" bar.",4,8,0.15.11,0.15.11,2025-06-07 19:03:06,,,Lichess,Google Play,en,us,2026-04-17 17:51:35,2025-06-03
8e85fe18-46b0-40f1-8d17-9e6315bce6ac,Dipanjan Paul,very nice game but it would be better if you guys add the option to play swiss tournaments.,4,0,0.15.11,0.15.11,2025-06-07 18:05:59,,,Lichess,Google Play,en,us,2026-04-17 17:51:35,2025-06-03
0419fcfb-53b5-4e32-818f-9bb7c6a3f5f2,Jyoti Aggarwal,"we don't get notifications of tournament we are subscribed to on app it and it also play on web only , I will rat the app 5 star if notifications and tournaments features are added to app",4,0,0.15.11,0.15.11,2025-06-07 18:03:54,,,Lichess,Google Play,en,us,2026-04-17 17:51:35,2025-06-03
17710514-182f-4c2f-a8ec-70c2b9123e00,Chess GM,Amazing free to use platform no paywall no annoying ads very good and I highly recommend it not only for playing but also learning and analysing chess.,5,1,,,2025-06-07 11:25:33,,,Lichess,Google Play,en,us,2026-04-17 17:51:35,2025-06-03
b8f71bb4-e77f-466d-a74e-b165243195ae,Nirupesh Nag,everything is good except few. 1.I can't donate using google pay 2.I cannot import and analyse games played on other platforms,5,1,0.15.11,0.15.11,2025-06-07 11:20:23,,,Lichess,Google Play,en,us,2026-04-17 17:51:35,2025-06-03
d03363bd-a53e-4c93-aa51-dc17e91e3252,VISHAL OP,great for learning chess. Completely free. and no ads,5,1,,,2025-06-07 09:15:18,,,Lichess,Google Play,en,us,2026-04-17 17:51:35,2025-06-03
088ebda9-1ef8-4fcd-9ef9-11355ac34add,Matt Ben,the better chess app,5,1,0.15.11,0.15.11,2025-06-06 23:17:10,,,Lichess,Google Play,en,us,2026-04-17 17:51:35,2025-06-03
bfb334f0-72fa-47c5-9753-e46c2f12052d,Gargie,it has everything that you need to get better at chess and enjoy the beautiful game.,5,1,0.15.11,0.15.11,2025-06-06 16:49:27,,,Lichess,Google Play,en,us,2026-04-17 17:51:35,2025-06-03
4b7746bc-f16c-4ec1-8be7-8b9735d7932a,habiba haider,best app for chess. and it's completely free.,5,1,0.14.14,0.14.14,2025-06-06 13:44:53,,,Lichess,Google Play,en,us,2026-04-17 17:51:35,2025-06-03
a45350e0-61d0-4f49-a67a-bba59f54c943,Km Lndr (Kimpoy),I can only select chess 960. There are no options to change it to atomic/antichess,3,0,0.15.11,0.15.11,2025-06-06 13:20:24,,,Lichess,Google Play,en,us,2026-04-17 17:51:35,2025-06-03
a65faa93-ddcb-4900-a6d4-650b1ee85968,Ox 9b42,love lichess. but often times the app crashed when trying to open analysis board.,5,1,0.15.11,0.15.11,2025-06-06 09:08:40,,,Lichess,Google Play,en,us,2026-04-17 17:51:35,2025-06-03
16cef038-c69d-4bf7-ac1f-103439a385fc,Ali Uğur,New UI looks fine.But in this version you can't play with stockfish with offline mode.That was what I usually do to train.We love lichess and it is free for everyone but I hope you add the offline mode soon,4,1,0.15.11,0.15.11,2025-06-05 23:09:06,,,Lichess,Google Play,en,us,2026-04-17 17:51:35,2025-06-03
9f08f48a-9ff8-4aab-8f00-8959a1d9dfae,Andrey Kadatsky,How to change the appearance of chess pieces? I want the usual one like on the site,3,0,0.15.11,0.15.11,2025-06-05 21:34:08,,,Lichess,Google Play,en,us,2026-04-17 17:51:35,2025-06-03
d7dda65f-ef82-4432-9b33-632db1b09aad,Junior Nafimane Heita,the UI is great but the sever ping times have increased making it much harder to play bullet and blitz.,1,1,,,2025-06-05 19:09:07,,,Lichess,Google Play,en,us,2026-04-17 17:51:35,2025-06-03
ebea7df1-e202-45fb-a851-6a6e105b8806,Farahin Farisha,jst give me the old version bro,1,3,0.15.11,0.15.11,2025-06-05 14:27:06,,,Lichess,Google Play,en,us,2026-04-17 17:51:35,2025-06-03
be8cfbd5-6d5f-47b1-90f4-236ccf035094,wayden kok,"good that they're adding new features now. i hope they add Swiss tournaments, learn from your mistakes and challenge stockfish and all other features from the site and this app will be complete",5,2,0.15.11,0.15.11,2025-06-05 02:03:21,,,Lichess,Google Play,en,us,2026-04-17 17:51:35,2025-06-03
d1b6267a-59c4-4465-a49c-796f327d84cd,Priyanka Saxena,poor algorithm to decide the games in rapid chess. algorithm is weak and not intelligent enough to identify matching expertise level players in games. that's the reason,2,1,0.15.11,0.15.11,2025-06-04 22:54:10,,,Lichess,Google Play,en,us,2026-04-17 17:51:35,2025-06-03
00c57cd9-57e0-4e33-85a6-0bc40f86f884,خالد أبو سليمان,لا يمكن اللعب مع المحرك,2,0,0.15.11,0.15.11,2025-06-04 17:16:14,,,Lichess,Google Play,en,us,2026-04-17 17:51:35,2025-06-03
9b209bba-aeb5-495e-a5cb-b6950a739ea6,mehran behnia,excellent 👌🏼,5,1,0.15.11,0.15.11,2025-06-04 09:27:47,,,Lichess,Google Play,en,us,2026-04-17 17:51:35,2025-06-03
bc755ea8-040c-4491-98f3-69b09358ff50,Ganga Sailesh Kolisetty,Excellent Just add the tab to know how many games played how many wins and loss,5,2,0.15.11,0.15.11,2025-06-03 22:45:25,,,Lichess,Google Play,en,us,2026-04-17 17:51:35,2025-06-03
58054ec4-3b57-4f67-8deb-15c0fb8064dc,Mate Pavin,Old one was superb.,1,3,0.15.11,0.15.11,2025-06-03 22:06:35,,,Lichess,Google Play,en,us,2026-04-17 17:51:35,2025-06-03
380f5256-0def-4ab0-a34d-ce2c29d81917,Lenin Akoijam,Developed the leaderboard lists for correspondence games.. & also developed Swiss round formats..,3,0,,,2025-06-03 05:49:53,,,Lichess,Google Play,en,us,2026-04-17 17:51:35,2025-06-03
c234fad1-1ee9-4893-a808-e3dbdb4d650a,wailing hoh,It is very good not only it's free you can also learn chess lessons,5,2,,,2025-06-02 09:16:17,,,Lichess,Google Play,en,us,2026-04-17 17:51:35,2025-05-27
235ac04b-a558-417e-aecf-5b209453426c,Konstantinos R. Sidiropulos,"The exceptional alternative to the chess. ... platform that will monopolize the market in a few years. Lichess is an online chess platform that offers a wide range of features, including online chess games, puzzles, training tools, and live broadcasts, with a user-friendly interface, absence of paywalls, and commitment to promoting accessible chess for all. If you have the possibilty, please support them...I do...",5,23,0.15.11,0.15.11,2025-06-01 19:59:20,,,Lichess,Google Play,en,us,2026-04-17 17:51:35,2025-05-27
9f987b7e-ad1e-4f56-8e91-810ecc2a9f51,Behnee Doo,"Haven't been able to sign in every user I use "" has been used"" according to them.. how do I go about it?",1,2,0.15.11,0.15.11,2025-06-01 12:14:48,,,Lichess,Google Play,en,us,2026-04-17 17:51:35,2025-05-27
077ccee4-5137-41e4-abbd-964c3a225fce,Michael Saad,finally the complete software for mobile with all computer features,5,1,0.15.11,0.15.11,2025-05-31 13:25:21,,,Lichess,Google Play,en,us,2026-04-17 17:51:35,2025-05-27
83ed215c-3478-41ff-bf92-1b2aa0eb5967,Aatman Panchamiya-01,some puzzle include check and mate in one move which is the best move but the best move showed in app is different,1,1,,,2025-05-31 11:38:50,,,Lichess,Google Play,en,us,2026-04-17 17:51:35,2025-05-27
dc42ab4b-8f46-461e-9381-566190f3652c,itizMaj,Way too bad compared with Chessdotcom,1,3,,,2025-05-31 09:16:20,,,Lichess,Google Play,en,us,2026-04-17 17:51:35,2025-05-27
b2efbdd2-e5a6-499e-bed8-a3a98f07cc9f,Aviral Tiwari,I am not able to sign in they don't send the link on Gmail,2,0,0.15.11,0.15.11,2025-05-31 05:35:21,,,Lichess,Google Play,en,us,2026-04-17 17:51:35,2025-05-27
f8b7d895-ef95-4975-a8fc-545b061f41fa,Barna Zajzon,"messaging doesn't work: during the game, I can type in and send a text, but nothing shows up. There's also no ""messages"" tab anywhere, so it's not possible to write to a player outside a game. Agree with the others, the new layout is just terrible.",1,18,0.14.14,0.14.14,2025-05-30 19:10:49,,,Lichess,Google Play,en,us,2026-04-17 17:51:35,2025-05-27
d629d218-8db6-4eff-849c-14d77b104397,Nishant,app was good before update,1,3,0.15.11,0.15.11,2025-05-30 13:12:17,,,Lichess,Google Play,en,us,2026-04-17 17:51:35,2025-05-27
e9b77ce2-b9e3-49fd-851d-8bb4670c3f52,Nentawey Samson,"horrible UI, the old one was better. I can't even play my local tournament on the app, I would have to go online to do it. In general, it seems the UI issue is only on adriod. You guys should please try and fix this.",1,29,0.15.11,0.15.11,2025-05-30 07:03:21,,,Lichess,Google Play,en,us,2026-04-17 17:51:35,2025-05-27
88d82dbc-aeca-4836-9a41-31204f5053a2,Mostofa Zaman,"Missing a very important feature, i,e opponent stats vs me",3,0,0.15.11,0.15.11,2025-05-29 22:39:45,,,Lichess,Google Play,en,us,2026-04-17 17:51:35,2025-05-27
48f81f29-27e7-45d8-af21-aba74bd97f87,Tanna Bhavik,"✨✨ wonderful upgrade, now it can definitely complete against the one and only compitition game review is more eye catching ❤️",5,1,,,2025-05-29 13:47:46,,,Lichess,Google Play,en,us,2026-04-17 17:51:35,2025-05-27
94748d6b-0639-4a5c-9a46-dea7582e86dd,Pradip Rathod,design of king and queen is not well,1,1,,,2025-05-29 09:41:37,,,Lichess,Google Play,en,us,2026-04-17 17:51:35,2025-05-27
3afbb9dc-c66e-4bb8-a543-fa3ebd3abce0,Svarog,What an ugly board.and pieces I can't distinguish queen king and bishop.,1,1,,,2025-05-27 21:01:30,,,Lichess,Google Play,en,us,2026-04-17 17:51:35,2025-05-27
e6aecef4-cd01-4bd5-ba21-eeb71e998fa1,A J,"Lacks offline play that was available in the previous version. They should have kept the older version in the Play store for those who wanted to play offline till the functionality is available in the new version. The offline play in the old app and the play against computer in the site/beta version use the same release of Stockfish, so there is no benefit in using the new app for this particular gameplay mode.",3,8,,,2025-05-27 20:32:12,,,Lichess,Google Play,en,us,2026-04-17 17:51:35,2025-05-27
53975bb3-e8cc-4506-9acc-5fe271555136,bob dylan,"the new version is just plain retarded, go back to the old version, I did. why would anyone try to make Lichess software worse.",1,3,0.15.11,0.15.11,2025-05-27 20:08:33,,,Lichess,Google Play,en,us,2026-04-17 17:51:35,2025-05-27
3197f1df-694b-47d4-9675-339dad452bf2,subhashini sethupathi,keeps doing random moves,1,1,0.15.11,0.15.11,2025-05-27 16:15:12,,,Lichess,Google Play,en,us,2026-04-17 17:51:35,2025-05-27
3e312edf-0852-4426-b8d9-c2338739c95c,Kavita Singh,"Everything is best, but in my opinion in study section their must be some the name of the moves like en passant, opening, stalemate, common mistakes, etc. and their must be the option of color changing in the clock",4,0,,,2025-05-27 11:21:31,,,Lichess,Google Play,en,us,2026-04-17 17:51:35,2025-05-27
ffea2ba5-0380-42a6-bd33-b940489d3f8f,Shubham Chauhan,messages?,1,1,0.15.11,0.15.11,2025-05-27 09:31:49,,,Lichess,Google Play,en,us,2026-04-17 17:51:35,2025-05-27
131aa260-be1e-49f1-93bf-a28cb4488500,neeta singh,where is the option to play with computer?,1,4,0.15.11,0.15.11,2025-05-27 09:09:24,,,Lichess,Google Play,en,us,2026-04-17 17:51:35,2025-05-27
c84c44ee-a00c-41d6-a5d8-862a2d775054,ABHISEK MONDAL,Very very good UI than older. It's going to be perfect after each updates. Please add profile picture and Country flag option beside each players username.,5,2,0.15.11,0.15.11,2025-05-26 22:05:48,,,Lichess,Google Play,en,us,2026-04-17 17:51:35,2025-05-20
da284ef2-3f1f-4cf2-9cd1-6cd2647e80b3,Thiyagu.g,very nice app,5,1,,,2025-05-26 18:54:30,,,Lichess,Google Play,en,us,2026-04-17 17:51:35,2025-05-20
cc6187a1-3e2b-4005-b2cd-6085ebb517ac,pc pc,the engen is very bad,2,1,,,2025-05-26 15:56:07,,,Lichess,Google Play,en,us,2026-04-17 17:51:35,2025-05-20
c4dae7a9-d9a9-490f-bb3f-8ae2fb578ec0,Sumit Mazumder,best chess game UI,5,1,0.15.11,0.15.11,2025-05-26 15:30:02,,,Lichess,Google Play,en,us,2026-04-17 17:51:35,2025-05-20
3fa055c9-cd15-4089-89c7-5408b0301ecf,Mayur Jirkar,"so much better, so smooth, I left every other chess platform and using this app regularly now",5,1,0.15.11,0.15.11,2025-05-26 14:13:31,,,Lichess,Google Play,en,us,2026-04-17 17:51:35,2025-05-20
60a20a18-4724-400a-afe7-367ae62f0b2b,Aman Rai,"People expect tooo much from a open source project, thinks it needs to compete commercial elites.. WELL LICHESS DOES ALL THAT FOR FREE. So even if any problem exists be little patient it will be solved. Do donate with the same fury you report problem's",5,1,0.15.11,0.15.11,2025-05-26 12:11:22,,,Lichess,Google Play,en,us,2026-04-17 17:51:35,2025-05-20
2a4433a2-6bac-4d55-8fda-928fa120cc3d,ade spade,"I just wanted to play regular chess, couldn't work out how to do that..I'll gobback to chess. com or some other one.Too complicated...I want to learn how to play chess, not your platform.",2,2,0.15.11,0.15.11,2025-05-26 11:28:50,,,Lichess,Google Play,en,us,2026-04-17 17:51:35,2025-05-20
5b43b3d6-d16b-44bf-b377-65f93e7b82ec,Larosh,please add the offline single player with computer and offline Multiplayer modes,5,1,0.15.11,0.15.11,2025-05-26 11:28:08,,,Lichess,Google Play,en,us,2026-04-17 17:51:35,2025-05-20
22e43edf-4e11-41bd-91f0-fab94e2d1167,Aditya Ranjan Samal (Adi),"That's it! Open-source software wins! The new UI with Material You is way better than the old Lichess app. Why's it still in beta, though? Whatever, it's perfect.",5,2,0.15.11,0.15.11,2025-05-26 10:43:30,,,Lichess,Google Play,en,us,2026-04-17 17:51:35,2025-05-20
881176a2-b87a-4e42-8e2a-22e7026887b6,Shiv KIshore Singh Khangar,where is the option to play with stockfish(computer)??,4,1,0.15.11,0.15.11,2025-05-26 05:41:40,,,Lichess,Google Play,en,us,2026-04-17 17:51:35,2025-05-20
a79f5615-5bc6-46e6-8347-8aa7740e4d97,slbtty,Very good 👍,5,1,,,2025-05-25 23:14:18,,,Lichess,Google Play,en,us,2026-04-17 17:51:35,2025-05-20
63f2c3b7-40e9-4275-a935-9063a15eb5ab,Taposh Baroi,it is a worst app it keeps loading and loading very slow,1,1,,,2025-05-25 06:08:52,,,Lichess,Google Play,en,us,2026-04-17 17:51:35,2025-05-20
2af390a9-8971-4959-9bdf-028238d2f00f,Edward Lopez,The original Lichess app was excellent. best online chess app on the internet. This beta version is absolutely unplayable.,1,2,,,2025-05-24 23:06:26,,,Lichess,Google Play,en,us,2026-04-17 17:51:35,2025-05-20
1e73995b-52fd-4a1e-9682-42e5b0bea8a3,Deepan Shah,Great app. maybe the best app ever for a chess enthusiast. please bring back option of retrying mistakes.,5,1,0.15.11,0.15.11,2025-05-24 21:39:37,,,Lichess,Google Play,en,us,2026-04-17 17:51:35,2025-05-20
a0b9c368-dc64-4df2-afb2-9718b6c2b88f,Dean Rawlins,Big improvement from the original app. Has more options to use from the website.,5,1,0.15.11,0.15.11,2025-05-24 18:26:22,,,Lichess,Google Play,en,us,2026-04-17 17:51:35,2025-05-20
9c1038a5-49fb-48bc-9650-bc4071ca64a0,Kiren Siva,Ui is very bad. The old one was really awesome. But how can I install old one?,1,2,0.15.11,0.15.11,2025-05-24 13:32:16,,,Lichess,Google Play,en,us,2026-04-17 17:51:35,2025-05-20
e898f584-fc13-4499-adae-7c3253fce55f,Emman Ikenna,Why this unnecessary ui changes. I want to revert back to previous ui.,1,2,0.15.11,0.15.11,2025-05-24 13:17:40,,,Lichess,Google Play,en,us,2026-04-17 17:51:35,2025-05-20
c25d73c8-3d72-4278-b55e-47a895ac66d4,Techie Planet (Knowledge World),Very good design.,5,1,,,2025-05-24 12:59:10,,,Lichess,Google Play,en,us,2026-04-17 17:51:35,2025-05-20
2dd6d556-0a8c-4721-b651-1768467be32f,Eren Erbay,nice update can't login 🔥🔥🔥,1,1,0.14.14,0.14.14,2025-05-24 11:11:20,,,Lichess,Google Play,en,us,2026-04-17 17:51:35,2025-05-20
1063cd44-c425-4cc2-ac4e-514754ba5013,Wills1 Wayne,"confusing application, it's not obvious how to play a game of chess offline. Edit: tried again, there is no way to play offline chess with this app. false advertisement.",1,4,0.15.11,0.15.11,2025-05-24 03:06:15,,,Lichess,Google Play,en,us,2026-04-17 17:51:35,2025-05-20
3d063742-222f-4e21-9074-0009310052b7,Chris,The old one was miles better than this trash Can't even play variants except 960 The Old app was Truly Great,1,2,,,2025-05-23 12:51:07,,,Lichess,Google Play,en,us,2026-04-17 17:51:35,2025-05-20
ab093b40-378a-46c8-9afd-af7cf5e6a6f7,Bhuvnesh Sahu,"everything is good but cutting 1 star is because it doesn't show the count of book moves, blunder, excellent, great, good, inaccuracy, brilliant and also starting rating being 1400 is bad like any player who is actually 1400 will end up playing more 400 then 1400-1500 lol, make the starting rating somewhere between 400-500 Do any 1 in next update and I will give 5 star",4,1,0.15.11,0.15.11,2025-05-23 12:21:50,,,Lichess,Google Play,en,us,2026-04-17 17:51:35,2025-05-20
5e165b45-b2f4-4643-9dee-1259e9350804,magdy hatem,beta is very very bad,3,1,0.15.11,0.15.11,2025-05-23 09:05:29,,,Lichess,Google Play,en,us,2026-04-17 17:51:35,2025-05-20
40d5bc13-0295-4b9c-b958-597c81b575b6,Mario De Luca,The new beta version looks awful,3,1,0.15.11,0.15.11,2025-05-23 08:49:44,,,Lichess,Google Play,en,us,2026-04-17 17:51:35,2025-05-20
b31a943e-bce4-4cb9-8e98-bd3971dc04cf,Sir Kenshah,Best. Simple.,5,1,0.15.11,0.15.11,2025-05-22 20:49:12,,,Lichess,Google Play,en,us,2026-04-17 17:51:35,2025-05-20
9425448b-d571-49e3-9085-40d15a48e469,randy burcedealday,very nice app chess..,4,0,0.15.11,0.15.11,2025-05-22 14:29:47,,,Lichess,Google Play,en,us,2026-04-17 17:51:35,2025-05-20
bf4a8c66-0ea3-48bf-92a1-afe7273c7b2e,– Raunak.,"i ain't getting any computer comments when i load my game. fix the bug please. and thanks for the good work, keep it up!",4,0,,,2025-05-22 09:00:05,,,Lichess,Google Play,en,us,2026-04-17 17:51:35,2025-05-20
d1b37ade-fe2f-41d6-add1-07dbaeaa4a18,Geoff Fulton,"Poor choice of screen usage, pieces look non distinct. The old UI was better.",2,3,0.15.11,0.15.11,2025-05-21 19:00:22,,,Lichess,Google Play,en,us,2026-04-17 17:51:35,2025-05-20
7ec5fcc7-5b32-41f0-863c-7ef5711ed19c,Matthew Giotar,"This game used to gave a menu option for a single player again the computer. That option is totally gone now. I see online ""bots"".. I wish they didn't change app like this.",2,1,,,2025-05-21 17:07:38,,,Lichess,Google Play,en,us,2026-04-17 17:51:35,2025-05-20
a4877643-a89f-4cc0-93c4-3d222d376dc5,Alfred kuneta,good app,5,1,0.15.11,0.15.11,2025-05-20 21:34:48,,,Lichess,Google Play,en,us,2026-04-17 17:51:35,2025-05-20
e6d94822-5079-4fb8-a412-4be32b86cb32,pavan kumar,great chess app,5,2,0.15.11,0.15.11,2025-05-20 08:10:24,,,Lichess,Google Play,en,us,2026-04-17 17:51:35,2025-05-20
7cbf15fd-75b7-4217-b730-7c16949c351b,Mouath,the best,5,1,0.15.11,0.15.11,2025-05-19 22:37:39,,,Lichess,Google Play,en,us,2026-04-17 17:51:35,2025-05-13
b14f9dbd-bdb1-40ac-82cf-12cead63044d,Арсеній Барзелович,playable. but much less intuitive and featured than the website.,5,20,0.15.11,0.15.11,2025-05-19 15:29:37,,,Lichess,Google Play,en,us,2026-04-17 17:51:35,2025-05-13
a820d324-7634-4b3b-80fa-0c06142e5b44,Shaik Sayeed,I live in US and I am only able to download the beta version.,1,4,,,2025-05-19 09:06:02,,,Lichess,Google Play,en,us,2026-04-17 17:51:35,2025-05-13
4b32d08d-3613-4f71-b9f0-6e4e02aaef83,Hriday Panchal,"hands down the best chess app available currently, the new interface looks absolutely beautiful!, works really smoothly, easy to navigate. great job as always 😊 lichess team never fails to deliver. getting to use it without charges and ads is such a delight, thanks to all the patrons who contribute to the lichess community!",5,6,,,2025-05-19 08:12:41,,,Lichess,Google Play,en,us,2026-04-17 17:51:35,2025-05-13
7dda6d78-0e98-40a9-8b25-4c53ca0bc856,Mathias Laustrup,"App used to look and work amazingly, now it's garbage. Wth?",1,4,0.15.11,0.15.11,2025-05-19 06:48:12,,,Lichess,Google Play,en,us,2026-04-17 17:51:35,2025-05-13
ef840c87-3893-4af8-b034-2ed5c73482c5,Dinesh G,the best I've seen ever,5,2,0.15.11,0.15.11,2025-05-19 05:43:43,,,Lichess,Google Play,en,us,2026-04-17 17:51:35,2025-05-13
3141bcda-d104-49f8-9d77-5813eb57ee6f,Misrak Negash,"I don't even know why they make so many changes. it is like learning chess from the beginning as the look and feel is so fake, unlike the old one. Horrible UI. Uninstalled and never to return.",1,4,,,2025-05-19 00:35:33,,,Lichess,Google Play,en,us,2026-04-17 17:51:35,2025-05-13
6a5f26eb-0a88-40ca-bc76-716bbaa8c72a,John Kenedy,can you please add the brilliant move to the computer analysis and if you can't make this please hire me and I will make this for you,5,3,0.15.11,0.15.11,2025-05-18 16:22:43,,,Lichess,Google Play,en,us,2026-04-17 17:51:35,2025-05-13
4660c638-3771-4578-b622-99e11a098630,Michelle Tabarina,don't like chess,1,2,0.15.11,0.15.11,2025-05-18 05:59:18,,,Lichess,Google Play,en,us,2026-04-17 17:51:35,2025-05-13
fdf56700-6d62-4ba8-a164-cdbe002767bb,pax romans,"Much better ux than the original app. Pls fix the latency, blitz is unplayable now. Old app have better ping.",4,0,0.15.11,0.15.11,2025-05-17 18:00:46,,,Lichess,Google Play,en,us,2026-04-17 17:51:35,2025-05-13
9e007201-b465-433d-9bac-c479a02965c2,aniket sawant,beta version is really bad,1,4,,,2025-05-17 16:26:49,,,Lichess,Google Play,en,us,2026-04-17 17:51:35,2025-05-13
818af291-293f-46d6-9181-5c68df6eab27,Stumpy 1492,they made an already bad app worse. even more laggy and removed features.,1,3,0.15.11,0.15.11,2025-05-17 16:06:47,,,Lichess,Google Play,en,us,2026-04-17 17:51:35,2025-05-13
0fcc3505-528a-496d-98bb-2da19eec4e4e,Nicholas Wright,the app is trash compared to the original lichess app.,1,4,,,2025-05-17 09:55:28,,,Lichess,Google Play,en,us,2026-04-17 17:51:35,2025-05-13
bfa61cc6-3b70-42b4-8962-685cfff98266,Bbolkj Vhhbny,Love this app. It's smooth. I hope all the features that the website has to offer will be included in this app in the future. edit: It has become even more awesome after the new updates. Just why isn't this more popular?,5,4,0.15.11,0.15.11,2025-05-17 07:39:22,,,Lichess,Google Play,en,us,2026-04-17 17:51:35,2025-05-13
c639caee-ed83-47e5-8db5-e6198f4696f7,J S,"Get rid of Stockfish. It is useless, the worst player ever and it is obsessed with knights.",1,1,0.15.11,0.15.11,2025-05-17 04:56:56,,,Lichess,Google Play,en,us,2026-04-17 17:51:35,2025-05-13
83098a63-d3c6-4b70-aed8-3502ecf40ead,Legend?,"the new app looks to have potential but it freaking sucks tbh it doesn't show variant tournaments in the arena tab, just do something about this already",2,0,0.15.11,0.15.11,2025-05-16 21:17:28,,,Lichess,Google Play,en,us,2026-04-17 17:51:35,2025-05-13
d435f2bb-364a-4503-8705-5798a5ae5eec,Faley Leyfa,"where is the original lichess app, u guys always mess things up So where is the original lichess app b4 u brought this disaster",1,5,,,2025-05-16 18:34:15,,,Lichess,Google Play,en,us,2026-04-17 17:51:35,2025-05-13
d32108d7-5d2f-4c25-bab9-dd2b94708a5c,Vyas Giriraj,"no ""practice with computer"" feature new icons for chess pieces are not good",1,3,0.15.11,0.15.11,2025-05-16 10:45:51,,,Lichess,Google Play,en,us,2026-04-17 17:51:35,2025-05-13
8832b7ab-7d9c-4abc-ae71-df78dcafa5c5,Enric Cama,the best chess apk dor me,5,1,0.14.14,0.14.14,2025-05-16 07:38:13,,,Lichess,Google Play,en,us,2026-04-17 17:51:35,2025-05-13
76226b77-d2c6-4d2d-8588-3b157aa137d7,Shivam Chaturvedi,where i can download that old version. that old version ui is better.,3,4,,,2025-05-15 10:22:10,,,Lichess,Google Play,en,us,2026-04-17 17:51:35,2025-05-13
b90ffccc-32e9-4145-91a0-7128511b4906,Senthil Murugan,The best chess app I had used,4,1,0.12.5,0.12.5,2025-05-15 05:43:54,,,Lichess,Google Play,en,us,2026-04-17 17:51:35,2025-05-13
eaeff008-6ea4-4db5-993b-e236d16612d3,Simokun “Simokun” sama,I can't play unrated. I've tried everything. The older app was good even though it lacked arrow drawing and puzzles etc... I have a bad feeling about anything that will be updated in the future..,1,27,0.15.10,0.15.10,2025-05-15 05:11:50,,,Lichess,Google Play,en,us,2026-04-17 17:51:35,2025-05-13
3a08b263-904a-4e46-8d64-64597b68da26,Emmanuel Mubita,lichess is the best chess app,5,1,0.15.10,0.15.10,2025-05-14 21:25:46,,,Lichess,Google Play,en,us,2026-04-17 17:51:35,2025-05-13
55d9ebbf-ebd9-42e2-9c7d-955e7d6cea24,salim alswyl,"It is good in analysing, gameplay, and theme not that much in learning, but it does what it made for. I put three stars because of something bad in this update. Why I can't play offline with Stockfish anymore ? it was very helpful ! please, we want it back early 🙏",3,4,0.14.14,0.14.14,2025-05-14 13:14:27,,,Lichess,Google Play,en,us,2026-04-17 17:51:35,2025-05-13
3419d48b-df80-455a-9d3d-c05a84e33a64,Lunix I,"The best chess platform ever exists, I can't explain how much it's perfect. 100/100. everyone need to use Lichess.",5,1,0.15.10,0.15.10,2025-05-14 11:18:09,,,Lichess,Google Play,en,us,2026-04-17 17:51:35,2025-05-13
87cc1780-b8b6-4cc3-b93e-1565d93caecc,Paramveersingh Sunnymahal,jab be main bullet khalta hu aur main phala move khalta hu to booth delay ke baath opponent ke baaree aate hai jis ke karan mera time jilde khatam ho jata hai😡,1,1,0.15.10,0.15.10,2025-05-14 07:41:51,,,Lichess,Google Play,en,us,2026-04-17 17:51:35,2025-05-13
e1df1b7d-6591-4fcc-81be-688f08d3180b,Parker Brown,UI is horrifying. immediately uninstalled and went back to regular app,1,5,0.15.10,0.15.10,2025-05-13 16:53:10,,,Lichess,Google Play,en,us,2026-04-17 17:51:35,2025-05-13
4a51caaa-607f-4c63-9953-c5a935b4d016,Shrey Iyer,"Pls add ""Titled players"" as a filter while searching for our own games.",5,1,0.15.10,0.15.10,2025-05-13 16:52:51,,,Lichess,Google Play,en,us,2026-04-17 17:51:35,2025-05-13
34e215a3-7f03-465d-8e5f-16ff666c5cbb,Sneha Nahar,very good,5,1,0.14.14,0.14.14,2025-05-13 14:44:25,,,Lichess,Google Play,en,us,2026-04-17 17:51:35,2025-05-13
2c8f4404-92d1-4cee-afd7-b26fe33ea3f1,andrew orosco,can not play tournaments,2,1,0.14.14,0.14.14,2025-05-13 14:03:22,,,Lichess,Google Play,en,us,2026-04-17 17:51:35,2025-05-13
815ccac7-b9c0-43bc-b587-c2a1fec3e0ac,Nour Hsini,the pieces look bad I'm used to the old ones and there is no preference to change how pieces look,1,6,,,2025-05-13 11:25:52,,,Lichess,Google Play,en,us,2026-04-17 17:51:35,2025-05-13
decad6ba-4fa9-4375-9cf8-23717be6500a,Nirmal Dhapodkar,Where are the bots? I want to play with computers.,5,2,0.14.14,0.14.14,2025-05-13 07:17:41,,,Lichess,Google Play,en,us,2026-04-17 17:51:35,2025-05-13
ed45f41c-ce90-445c-87c8-7b63eaf2769e,Fredo Corleone,"horrible user interface. The old app was perfect and beautiful, this new app is rubbish. Why on earth did they get rid of it? Massive fail.",1,17,0.14.14,0.14.14,2025-05-12 23:20:59,,,Lichess,Google Play,en,us,2026-04-17 17:51:35,2025-05-06
2dca4473-eb7e-4afb-b7ee-1d995cd2c70c,moodist 1er,"what happened to this app, it feels like trash now",1,6,,,2025-05-12 17:54:30,,,Lichess,Google Play,en,us,2026-04-17 17:51:35,2025-05-06
06f6bed6-9cbf-4fc6-a3f0-8e161a71fc79,Hrishi,Thankyou Lichess...,5,1,0.14.14,0.14.14,2025-05-12 11:17:34,,,Lichess,Google Play,en,us,2026-04-17 17:51:35,2025-05-06
6efdfa99-17f2-474c-8270-acf86161b2ef,ADRainXD,"A good chess game but seems only few feature available when playing offline, there's free offline puzzle but apparently for playing against bot have to be online at least for now.",5,1,0.14.14,0.14.14,2025-05-11 12:37:46,,,Lichess,Google Play,en,us,2026-04-17 17:51:35,2025-05-06
65466080-ef72-4645-a534-24029b7fa91f,Amir Jafarzade,"The chess game is great, but I prefer the website — it's better",5,0,0.14.14,0.14.14,2025-05-09 10:47:41,,,Lichess,Google Play,en,us,2026-04-17 17:51:35,2025-05-06
135d5d38-3508-46bf-93dd-5491c814e2e9,Thomas Mason,Love how everything is free!,5,1,0.14.14,0.14.14,2025-05-08 04:08:54,,,Lichess,Google Play,en,us,2026-04-17 17:51:35,2025-05-06
021a75bb-54a3-4fc2-b1cf-24ffcb82065b,Xanthe Hands,"the superior chess app, the puzzles are great and completely free",5,1,0.14.14,0.14.14,2025-05-07 21:35:40,,,Lichess,Google Play,en,us,2026-04-17 17:51:35,2025-05-06
c7ef0ecb-0197-4068-8e00-012ffecaff46,Arya,Can't login after beta update,1,3,0.14.14,0.14.14,2025-05-07 07:22:44,,,Lichess,Google Play,en,us,2026-04-17 17:51:35,2025-05-06
bdaf7f3b-d9ed-4548-936d-7849642fd113,Tapi Khasso,best chess app,5,1,0.14.14,0.14.14,2025-05-06 16:16:49,,,Lichess,Google Play,en,us,2026-04-17 17:51:35,2025-05-06
fccd4ba6-2b8d-4b9b-853c-74b74c68931a,mauanay,amazing,5,1,0.14.14,0.14.14,2025-05-06 04:06:37,,,Lichess,Google Play,en,us,2026-04-17 17:51:35,2025-05-06
e0287ee0-7505-46ec-85d8-d0585f5080cb,Slim shady,i think it is great app but they need to add a video library contains courses . and replay feature in puzzles to do the failed puzzles but the app is great .. puzzle storm and puzzle streak are great training tools,5,1,0.14.14,0.14.14,2025-05-05 03:37:33,,,Lichess,Google Play,en,us,2026-04-17 17:51:35,2025-04-29
4d8ae829-85d7-4826-84be-f72b80073c07,Rider,I like the infinite puzzles,5,1,0.14.14,0.14.14,2025-05-04 22:59:57,,,Lichess,Google Play,en,us,2026-04-17 17:51:35,2025-04-29
9fb85646-3125-4e18-b52d-58c3eb697bb2,Nino Francisco Hofilena,awesome,5,1,,,2025-05-04 17:09:57,,,Lichess,Google Play,en,us,2026-04-17 17:51:35,2025-04-29
99c48160-1034-4cc7-a029-49a3845fc06f,Ayush Nimje,wonderful app🔥,5,1,,,2025-05-03 06:18:02,,,Lichess,Google Play,en,us,2026-04-17 17:51:35,2025-04-29
8eed20aa-08a9-460a-a32d-c71c1ab5da5b,mohammed B. hatif,Literally the best Lichess app version I have played is the Android version,5,1,0.14.14,0.14.14,2025-05-01 21:46:32,,,Lichess,Google Play,en,us,2026-04-17 17:51:35,2025-04-29
57278d54-ad8d-475a-8f6a-e6569e64d958,Jean Saglio,"Great revamp of the app, 100% free with no ads. The new interface is much easier to use and less bloated",5,1,0.14.14,0.14.14,2025-04-30 22:51:11,,,Lichess,Google Play,en,us,2026-04-17 17:51:35,2025-04-29
fba9c8f9-5a51-4d6a-bc22-69e98bd687de,Souvik Bera,Unable to adjust rating range while creating game challenge. The option was available till a week ago.,1,3,0.14.14,0.14.14,2025-04-30 17:42:26,,,Lichess,Google Play,en,us,2026-04-17 17:51:35,2025-04-29
a6505a1e-06c2-459d-b1b1-96c7e378b71b,Luke,I would add two more stars if you made it possible to access tournaments within the app.,3,0,0.14.14,0.14.14,2025-04-30 16:26:51,,,Lichess,Google Play,en,us,2026-04-17 17:51:35,2025-04-29
f4fb081e-546b-4e7d-aac9-362564afc33f,SHAINY V M,could not sign up,1,3,0.14.14,0.14.14,2025-04-30 16:07:31,,,Lichess,Google Play,en,us,2026-04-17 17:51:35,2025-04-29
b0f7c896-03e7-46d7-b005-10436a9d54dc,3TG,App stopped launching on my device.,1,1,0.14.14,0.14.14,2025-04-28 23:06:47,,,Lichess,Google Play,en,us,2026-04-17 17:51:35,2025-04-22
e2225f31-e078-4074-b85c-6e5f03ffaed7,Qasar,A horrible app. Developed by morons. The latency compensation is a joke.,1,5,,,2025-04-28 17:39:36,,,Lichess,Google Play,en,us,2026-04-17 17:51:35,2025-04-22
c524396c-60eb-46b5-b3a3-4c86a53a515d,shubham Kale,one of the best app.,5,2,0.14.14,0.14.14,2025-04-27 19:18:59,,,Lichess,Google Play,en,us,2026-04-17 17:51:35,2025-04-22
8a409934-db3a-4836-ac94-287e97cd1966,Nathaël Guffroy,Just perfect !,5,2,0.14.14,0.14.14,2025-04-27 13:27:55,,,Lichess,Google Play,en,us,2026-04-17 17:51:35,2025-04-22
6deca4bd-7ec3-450b-b735-bf5e0755f9f5,PRITHVI SINGH PANWAR,The Only Bad thing in lichess was boring sprites and UI after seeing this I am returning back to lichess,5,3,0.14.14,0.14.14,2025-04-26 17:40:39,,,Lichess,Google Play,en,us,2026-04-17 17:51:35,2025-04-22
23ae330a-16b2-4499-8e8f-8cc23ba3c8ab,Dominik Iveković,I can't ask for a computer analysis of the imported games.,3,0,0.14.14,0.14.14,2025-04-25 11:22:16,,,Lichess,Google Play,en,us,2026-04-17 17:51:35,2025-04-22
11517847-7a02-4b95-b599-4e45c1af4726,No Data,"keeps disconnecting, I'm losing because of time",1,2,0.14.14,0.14.14,2025-04-25 09:37:29,,,Lichess,Google Play,en,us,2026-04-17 17:51:35,2025-04-22
050dcd5f-82b9-4136-887b-cc95a425f6d7,Brijnath Saini,"Lichess is hands down the best chess app available. It's completely free, with no ads or annoying paywalls. The interface is clean and intuitive, and the features are unbeatable—blitz, classical, puzzles, tournaments, analysis tools, and even learning resources. The real-time game analysis with Stockfish is incredibly helpful for improving. It runs smoothly, matches you quickly with players of all levels, and fosters a great community. Whether you're a beginner or an experienced player.",5,34,0.14.14,0.14.14,2025-04-25 05:40:20,,,Lichess,Google Play,en,us,2026-04-17 17:51:35,2025-04-22
17947801-ce23-467a-b80e-e47f9c596155,James,"No confirm move option... To easy to hit a wrong square on a small phone screen (fat finger) this has costed me several games now, please add.",2,0,,,2025-04-24 18:12:00,,,Lichess,Google Play,en,us,2026-04-17 17:51:35,2025-04-22
61a6ea1e-c7f8-46f5-885e-6fd2c02b0fca,Sumanth Karan gowda Alagani,good good good 👍😊,5,1,0.14.14,0.14.14,2025-04-22 14:25:22,,,Lichess,Google Play,en,us,2026-04-17 17:51:35,2025-04-22
fe5aa306-986a-4346-95c2-3f81e28fc3af,Preetam Shetty,"Lichess is hands down the best chess platform out there – and the best part? It's 100% FREE! No paywalls, no ads, just pure chess enjoyment. Whether you're a beginner or a titled player, Lichess has something for everyone. Features I love:❤️ 1. Super smooth gameplay ♟️ 2. Puzzles and training tools 🧠 3. Opening explorer and analysis board 4.Tournaments and online events 🏆 5. Clean, ad-free experience ✨",5,31,0.14.14,0.14.14,2025-04-22 12:48:22,,,Lichess,Google Play,en,us,2026-04-17 17:51:35,2025-04-22
a2718396-3652-4209-9be7-7675e19e33d7,Usha Gaikwad,thanks thanks 😊 🫂 🙏,4,0,0.14.14,0.14.14,2025-04-22 12:08:41,,,Lichess,Google Play,en,us,2026-04-17 17:51:35,2025-04-22
c1ba7a04-0354-431b-9dad-1a984209c6bb,M,"please fix the display for fold phones. the screen is so small because you can't hide the UI, and now landscape doesn't work for me either",4,0,0.14.14,0.14.14,2025-04-22 09:24:19,,,Lichess,Google Play,en,us,2026-04-17 17:51:35,2025-04-22
b5b29dff-19af-4370-b617-3f634f6f9bd2,Temidola Okunbo,for timing,4,0,0.13.12,0.13.12,2025-04-22 08:34:28,,,Lichess,Google Play,en,us,2026-04-17 17:51:35,2025-04-22
233c8dde-41d9-477a-a5a2-1b7a5359f55d,Shivam 2,Thankyou lichess for providing so much good features free,5,1,0.14.14,0.14.14,2025-04-21 19:48:01,,,Lichess,Google Play,en,us,2026-04-17 17:51:35,2025-04-15
1d771ca9-d9c9-4ff6-96bb-4506dddb44c4,Rahima Ahmed,Really good,5,1,,,2025-04-21 10:56:06,,,Lichess,Google Play,en,us,2026-04-17 17:51:35,2025-04-15
76340307-1d60-43ca-a574-b0e5ee88610d,hans_fm17,This is definitely the best way to play chess on mobile,5,1,0.14.14,0.14.14,2025-04-20 21:04:46,,,Lichess,Google Play,en,us,2026-04-17 17:51:35,2025-04-15
a7a3434f-8d49-4abf-96e0-358d7fe3dd61,Will Mengarini,Can't switch from Opening Explorer to Analysis Board while saving the position.,3,7,0.14.14,0.14.14,2025-04-20 12:33:12,,,Lichess,Google Play,en,us,2026-04-17 17:51:35,2025-04-15
3e799080-e3a1-4cb1-b2a7-792048f057aa,Ace Villacorta,"registered an account using pc, tried to sign in the new account on mobile, won't work. help",3,1,0.14.14,0.14.14,2025-04-19 05:20:06,,,Lichess,Google Play,en,us,2026-04-17 17:51:35,2025-04-15
2c48d124-09c3-4e26-ba65-e1944e844578,Gen Garcia,better.,5,1,,,2025-04-19 02:32:57,,,Lichess,Google Play,en,us,2026-04-17 17:51:35,2025-04-15
1fc1ca53-ed1a-4275-b811-8cadca015d81,Aqua will purify Corona,where is the learn chess option in the app,3,0,0.14.14,0.14.14,2025-04-18 20:23:43,,,Lichess,Google Play,en,us,2026-04-17 17:51:35,2025-04-15
b3b79cad-4d4e-4443-8362-a8e1884ef5e2,Chingsubam Second,add stockfish 17.1 it would be great for analysis,4,1,0.14.14,0.14.14,2025-04-18 16:53:55,,,Lichess,Google Play,en,us,2026-04-17 17:51:35,2025-04-15
704015df-70fc-4ff4-8018-42d3a903c132,Tolis L,World's best chess platform just got better! Best beta experience ever. Keep up!,5,1,0.14.14,0.14.14,2025-04-18 14:47:05,,,Lichess,Google Play,en,us,2026-04-17 17:51:35,2025-04-15
87dbf6dc-c867-4e9e-bdab-7c970865c117,Kyrosukei,This game is superb. Please consider adding features where players can add their profile. This game is phenomenal—can't believe it's all free. Additionally I found a bug where the screen keeps loading even though I have a stable connectivity I tried restarting and scanning the speed of my network and it's surprisingly fast—I hope you guys can fix it(or there's just a server issue.) oh so there's really an issue wishing to fix it fast.,5,158,0.14.14,0.14.14,2025-04-17 04:34:03,,,Lichess,Google Play,en,us,2026-04-17 17:51:35,2025-04-15
afe1344e-211d-4719-b894-ffe9486ca438,Md Abid Hasan,Clean and smooth interface. The best chess app.,5,1,0.14.14,0.14.14,2025-04-16 23:24:01,,,Lichess,Google Play,en,us,2026-04-17 17:51:35,2025-04-15
52acd19e-b885-4c0d-8c2d-ff2a286b30f8,Adib Faid,bug. and have hackers,1,1,0.14.14,0.14.14,2025-04-16 14:37:00,,,Lichess,Google Play,en,us,2026-04-17 17:51:35,2025-04-15
2b639b9c-9075-46a8-853f-2cd79f6643bc,Amirhossein,very good I play that game with my English teacher,5,1,0.14.14,0.14.14,2025-04-15 19:16:10,,,Lichess,Google Play,en,us,2026-04-17 17:51:35,2025-04-15
1b296ab6-f233-4449-8c23-df3c70ed704f,Christian Tarasiuk,Huge improvement in terms of UI and has some nice features but is missing WAY too much to fully switch to/be usable,2,1,0.14.14,0.14.14,2025-04-14 05:34:20,,,Lichess,Google Play,en,us,2026-04-17 17:51:35,2025-04-08
ee7e364b-2e5b-4fd5-b9f9-0f5594eaaa47,Dylan Maziarek,"tried this beta a few months back but stuck with the original mainly, but this version is perfect now imo.",5,1,0.14.14,0.14.14,2025-04-14 04:25:00,,,Lichess,Google Play,en,us,2026-04-17 17:51:35,2025-04-08
c0c02702-427c-4daa-9186-9efdb6e76552,Emmanuel Nworie,The normal app is quite better than this one because you can play offline I have been searching for the normal app but can't find it,5,1,0.14.13,0.14.13,2025-04-14 02:37:10,,,Lichess,Google Play,en,us,2026-04-17 17:51:35,2025-04-08
fb79e42c-a074-440f-8acd-3ee3e2cd1e18,Manuel Paniagua,We should have the option to use the old UI!,1,3,,,2025-04-14 02:28:23,,,Lichess,Google Play,en,us,2026-04-17 17:51:35,2025-04-08
cf97f59f-c816-4024-b596-4de9a16dd714,Gabriel Ward (GD Ward),"This is a brilliant app, but, it lacks offline play against bots. you must always play against a human opponent (requiring an internet connection). Can you please add offline bots to this?",4,0,,,2025-04-13 19:38:23,,,Lichess,Google Play,en,us,2026-04-17 17:51:35,2025-04-08
235c3d23-b8a9-4570-8ad4-a751c4b9aeea,Nishorgo Nondon,Everything is good but I don't understand why my rating is not changing after I finish a game (in any format).,5,2,0.14.14,0.14.14,2025-04-13 10:33:34,,,Lichess,Google Play,en,us,2026-04-17 17:51:35,2025-04-08
1c927b89-cd0f-4c60-b92e-ad3be561b800,sipungora I,"I like it, but why can't I save my position in the Board Editor??? 😳😳😳",4,0,0.14.14,0.14.14,2025-04-12 22:48:00,,,Lichess,Google Play,en,us,2026-04-17 17:51:35,2025-04-08
683936e3-037f-4635-be37-010b9fd035ed,KOSONG XCOC,Best free chess app you'll ever dream of,5,2,0.14.14,0.14.14,2025-04-12 20:43:39,,,Lichess,Google Play,en,us,2026-04-17 17:51:35,2025-04-08
7fa6912a-cedb-436b-af0f-612ab46121c1,Arvind Thakur,who is giving less than 5 stars to this app. everything is free and they are running this app on donations.,5,3,0.14.14,0.14.14,2025-04-10 14:36:56,,,Lichess,Google Play,en,us,2026-04-17 17:51:35,2025-04-08
cb79852f-b70d-439e-8778-8d9f25a895ad,Adrian Diaz,amazing 👏,5,2,0.14.14,0.14.14,2025-04-09 14:19:38,,,Lichess,Google Play,en,us,2026-04-17 17:51:35,2025-04-08
78879863-cd8e-4537-b75d-a74ddf9a330b,Aravind R,bring tournament,1,1,0.14.14,0.14.14,2025-04-09 05:28:12,,,Lichess,Google Play,en,us,2026-04-17 17:51:35,2025-04-08
eb130a68-5ec4-4436-8412-cfc15476fa55,Jane Uaifo,It is better than the other chess games I have played,5,3,,,2025-04-08 17:04:45,,,Lichess,Google Play,en,us,2026-04-17 17:51:35,2025-04-08
b34c2522-5ced-4fc3-b290-594acf3f9851,Ziko Ziko,I advise you to add more updates because this version is much better than the regular version.,5,3,0.14.14,0.14.14,2025-04-06 15:59:40,,,Lichess,Google Play,en,us,2026-04-17 17:51:35,2025-04-01
8cd0100e-2edd-4c02-b5b5-739b64ce4010,Giordano Battilana,Awesome job!,5,1,0.14.14,0.14.14,2025-04-06 12:46:19,,,Lichess,Google Play,en,us,2026-04-17 17:51:35,2025-04-01
e405cba9-681b-45dc-b6ef-385066d4cbb8,Mark Kealy,"Somehow the best interface I've seen on a chess app, its rare that the free and open source alternative is also the best looking option. Big Chess must be shaking in their boots",5,7,0.14.14,0.14.14,2025-04-05 19:45:26,,,Lichess,Google Play,en,us,2026-04-17 17:51:35,2025-04-01
35d18091-3976-4256-927a-13f987a4aa1d,Alufitnes,"Not as much feature as the normal one which is understandable since it's ""beta"", but I had no idea how I have the original app on my older device yet I can't get a the original on my newer device, I'm not sure if beta has tournament or not, also if possible add an option to enable multiple premoves since moving a piece sometime unresponsive, not much a problem if I'm playing blitz or slower, but I often play ultrabullet and hyperbullet which is why it's my main problem",4,15,0.14.14,0.14.14,2025-04-05 06:38:51,,,Lichess,Google Play,en,us,2026-04-17 17:51:35,2025-04-01
e49e2ef9-ef31-4abe-b6c6-16c7cf0cb739,диментий (MatviCoolk),No atomic variant yet.,5,2,,,2025-04-03 09:49:05,,,Lichess,Google Play,en,us,2026-04-17 17:51:35,2025-04-01
b80f9384-1696-474a-af41-e030b66e2647,Pramod Borade,better Fechar,5,2,0.14.14,0.14.14,2025-04-02 18:36:51,,,Lichess,Google Play,en,us,2026-04-17 17:51:35,2025-04-01
4f8e3861-cbc8-4dc9-b181-32ff6cd47dac,Muhammadali Shavkatov,good va yaxshi,5,1,,,2025-04-01 19:07:13,,,Lichess,Google Play,en,us,2026-04-17 17:51:35,2025-04-01
2a1f87ea-ea6f-4814-8787-ef1e3a2ccbb1,Denver Almonte,"Great, more user friendly nee features are nice, almost still similar to old so its not too hard to use, i like it hope it become finalize",5,1,0.14.14,0.14.14,2025-04-01 16:56:27,,,Lichess,Google Play,en,us,2026-04-17 17:51:35,2025-04-01
40e3f9ae-f965-4d35-b8e0-ccef244efc5f,Mokono Andre,Good 👍,5,1,0.14.14,0.14.14,2025-03-31 14:06:24,,,Lichess,Google Play,en,us,2026-04-17 17:51:35,2025-03-25
9cc18dde-cacd-4f65-bec2-18b6fa849d0e,Lilitha Muku,havn't encountered many problems in my year of using lichess apps including this beta one. Great for puzzles,5,2,0.14.14,0.14.14,2025-03-30 18:01:55,,,Lichess,Google Play,en,us,2026-04-17 17:51:35,2025-03-25
65be8870-1367-444e-ac70-834f7cbbb775,Houshik Mani,best app for online chess,5,2,0.14.14,0.14.14,2025-03-30 17:11:47,,,Lichess,Google Play,en,us,2026-04-17 17:51:35,2025-03-25
936885c8-e5e8-476f-a7dc-ea7b1ceb8e3c,Omm,"Почему из приложения убрали игру против движка? На сайте же есть, исправьте пожалуйста, будет 5 звёзд)",3,0,0.14.14,0.14.14,2025-03-30 06:17:04,,,Lichess,Google Play,en,us,2026-04-17 17:51:35,2025-03-25
7cd076f6-5ee1-43a3-9ad6-0be18f8d6666,marianne kendal,pointless.,1,2,0.14.14,0.14.14,2025-03-30 01:35:05,,,Lichess,Google Play,en,us,2026-04-17 17:51:35,2025-03-25
7591467a-0917-4204-81bb-5914ab1fb1e4,Nylhyira Okine,"This app is very pleasant. It has a simple layout, making it easy to comprehend. Thanks for this. It makes it easy to play strong opponents!",5,3,0.14.14,0.14.14,2025-03-26 22:03:49,,,Lichess,Google Play,en,us,2026-04-17 17:51:35,2025-03-25
cd993170-a88e-4bfa-b68f-e853832c5ed1,Akhtar Khan,very bad.I was not able to sign in.My tournament got missed,1,4,0.14.14,0.14.14,2025-03-26 15:40:10,,,Lichess,Google Play,en,us,2026-04-17 17:51:35,2025-03-25
207fae98-fafd-4697-84a2-5a211a681a07,Divine Iwuorie,"Greatest chess game ever, + it's completely free...",5,2,0.13.13,0.13.13,2025-03-26 07:31:47,,,Lichess,Google Play,en,us,2026-04-17 17:51:35,2025-03-25
6cbe2fd0-8f68-4e16-b437-99b313853933,Steven Wayne,I preferred the old app.,4,0,0.14.14,0.14.14,2025-03-25 19:25:01,,,Lichess,Google Play,en,us,2026-04-17 17:51:35,2025-03-25
9233d73a-3e23-45ee-8873-0a1b4c1f2a41,Jacob Mwangi,Simple and lovely version of lichess but I can't play tournaments with it,5,2,0.14.14,0.14.14,2025-03-25 15:28:13,,,Lichess,Google Play,en,us,2026-04-17 17:51:35,2025-03-25
013ceded-fe95-41ff-8dc1-fb91da13dbac,mohamed ben,here are some ideas • change rating color to glawing white. • change sounds. • bring back learn from your mistakes in analysis. • ability to scale the board to personal preference. • ability to create a clan and compete with other clans. • audible courses. • community comunication/posting section.,5,2,0.14.14,0.14.14,2025-03-25 02:54:51,,,Lichess,Google Play,en,us,2026-04-17 17:51:35,2025-03-25
7777426c-c8fa-40de-a0ce-b6040471761a,ravi shankar,"The UI looks better compared to other versions of Lichess, but it has some bugs. After accepting a challenge from friend, it doesn’t redirect to the game.",3,1,0.14.14,0.14.14,2025-03-24 09:36:13,,,Lichess,Google Play,en,us,2026-04-17 17:51:35,2025-03-18
4e8789e1-ae79-4441-89c3-f29a4c56b3a0,Rushikesh Eaga,request a computer analysis button doesn't work in the app,3,0,,,2025-03-23 19:56:55,,,Lichess,Google Play,en,us,2026-04-17 17:51:35,2025-03-18
f33c871a-9d84-47f6-9d29-87150c443a1d,Snow Fox,lichess ui was the only thing holding me back form using the app. finally it's here after all these years,5,2,0.14.14,0.14.14,2025-03-23 16:50:38,,,Lichess,Google Play,en,us,2026-04-17 17:51:35,2025-03-18
4291a0d8-762d-45f6-aa01-1071a5e3623f,Ijlal A. Iqbal,"There is a bug, when the time finishes in a chess game for the other side, the game goes draw. 1+0 Bullet. Thanks in advance, other than this its outstanding.",4,1,0.14.14,0.14.14,2025-03-23 06:02:02,,,Lichess,Google Play,en,us,2026-04-17 17:51:35,2025-03-18
58ed09f3-eaca-4434-bec5-dee2f6aef4d7,Alex Hudson,"Really enjoy both the website and the app. Very informative, very smooth performance. My only feature request for the app would be to be able to play against Stockfish instead of just analyze Stockfish games played on the website. That said, I don't know if that's realistic.",5,16,0.14.13,0.14.13,2025-03-22 16:54:02,,,Lichess,Google Play,en,us,2026-04-17 17:51:35,2025-03-18
3c9f93de-bbb8-4659-8313-2034378f8b6d,Fredrich Montesclaros,slow graphics. not good for bullet. maintain the old lichess.,1,4,0.14.13,0.14.13,2025-03-22 10:37:12,,,Lichess,Google Play,en,us,2026-04-17 17:51:35,2025-03-18
6dc42be6-7cd5-43d1-94b4-ec367cc6c775,Abdelrahman,Looks like it was worth the wait!!,5,2,0.14.14,0.14.14,2025-03-22 04:27:58,,,Lichess,Google Play,en,us,2026-04-17 17:51:35,2025-03-18
ae70dcd9-38b6-4195-b332-69245aa2ca24,Hussam Chaghlil,like the old app,1,2,,,2025-03-20 01:08:53,,,Lichess,Google Play,en,us,2026-04-17 17:51:35,2025-03-18
6979a493-d0a9-45db-8aec-3ea7e9232ab6,احمد محمد,"The app isn't working now. It used to work fine on my Android device, but after updating, it no longer opens the interface. My device specs are: Oppo A1k CPH1923 V6.0.1 Android 9",1,14,0.14.13,0.14.13,2025-03-19 20:25:10,,,Lichess,Google Play,en,us,2026-04-17 17:51:35,2025-03-18
8a64e25b-d86a-4b76-bf9e-23c601062b1b,HL,weird buggy displays but overall upgrade on the normal app,4,0,0.14.13,0.14.13,2025-03-19 13:46:25,,,Lichess,Google Play,en,us,2026-04-17 17:51:35,2025-03-18
49a1d70f-858a-4828-9839-001ab6403dad,SaphirO,better than chesscom,5,1,0.14.13,0.14.13,2025-03-19 13:03:31,,,Lichess,Google Play,en,us,2026-04-17 17:51:35,2025-03-18
7cae0b74-2d49-4a59-b6b0-c7892e84b771,ana,"1000x better than the other popular lichess interface. Better look. More access to desktop features like puzzle themes. Update: few months later, every single feature I said was missing was added in this last 0.14.13 version. Actually such great work. THE BEST CHESS EXPERIENCE ON MOBILE, ZERO DOUBT!",5,46,0.14.13,0.14.13,2025-03-18 04:02:07,,,Lichess,Google Play,en,us,2026-04-17 17:51:35,2025-03-18
ad63aec8-7e2a-4ef9-a091-52b82b049412,MADARA UCHIHA (イエス・キリスト),"""5/5 stars! This chess game is a masterpiece! Engaging gameplay, stunning visuals, and challenging AI opponents. The perfect blend of strategy and skill. I'm hooked! Great job, developers!""",5,4,0.14.13,0.14.13,2025-03-17 19:59:50,,,Lichess,Google Play,en,us,2026-04-17 17:51:35,2025-03-11
71d897f8-684d-4bcd-9c40-445d37a1eda8,mikias,I truly like the app but I just can't sign in for some reason can someone help with that,2,0,0.14.13,0.14.13,2025-03-17 17:14:16,,,Lichess,Google Play,en,us,2026-04-17 17:51:35,2025-03-11
288f8372-5f72-4f7f-a07d-14d483f84806,Илья Голынец,"Love the new look and feel. However still miss few features. I prefer playing puzzles and correspondence games. For puzzles i miss option to turn off rated plays (it's still only available in browser). For correspondence i miss conditional pre-moves, it's annoying to play openings it forced checkmate without it After recent update fonts are getting totally messed up.",3,7,0.14.13,0.14.13,2025-03-17 16:51:10,,,Lichess,Google Play,en,us,2026-04-17 17:51:35,2025-03-11
46f6a33a-bd87-43e3-b9ef-42b18f6b7f69,Roy Ho,Better than that other website uh,5,1,0.14.13,0.14.13,2025-03-17 09:25:44,,,Lichess,Google Play,en,us,2026-04-17 17:51:35,2025-03-11
d7f8211d-7701-4210-a3bb-86b968ee0a19,Aditya,Every feature at presently top of the notch and one thing I notice that I there is a peice animation button which is good but the pieces animation still very crisp and fast from my opinion there should be more options to increase animation of peice which gives me very sophisticated feel towards chess,4,5,0.14.13,0.14.13,2025-03-17 01:51:42,,,Lichess,Google Play,en,us,2026-04-17 17:51:35,2025-03-11
5dfd84dd-97d0-484e-b119-132a6a57f877,Oleksandr Smirnov,i have this game,5,1,0.14.13,0.14.13,2025-03-16 22:40:34,,,Lichess,Google Play,en,us,2026-04-17 17:51:35,2025-03-11
af2b4ca7-abf4-4449-86bc-2069d8369601,Beluga,"fantastic, loved the update 👏👏👏. really like the evaluation bar, new analysis section, everything is perfect now...",5,1,0.14.8,0.14.8,2025-03-16 17:48:39,,,Lichess,Google Play,en,us,2026-04-17 17:51:35,2025-03-11
c166a00d-f191-49c9-96d0-2fdb16c6280b,Alemayehu Bekele,"Very boring UI. The old one was much better. Besides, I lost so many games as moving two steps does only one step forward.",1,10,0.14.13,0.14.13,2025-03-16 11:46:13,,,Lichess,Google Play,en,us,2026-04-17 17:51:35,2025-03-11
f069a287-798e-4560-a70e-9ecd09aa5528,Karim Sadek,"worst chess app ever . anyone want to know why? download it which I don't recommend at all, and you'll see for yourself 👎",1,1,0.14.13,0.14.13,2025-03-16 01:53:48,,,Lichess,Google Play,en,us,2026-04-17 17:51:35,2025-03-11
2ce499d1-323f-49f6-9fce-0132774569f4,Monk Livelong,I can't play against the CPU without signing in. Offline mode is bogus.,1,5,0.14.13,0.14.13,2025-03-15 07:05:18,,,Lichess,Google Play,en,us,2026-04-17 17:51:35,2025-03-11
ec3577d5-8695-4c64-b2e9-c5dfb8916b0e,Hanif Khan,"Guys,It crashes, the previous update was so good.",1,5,0.14.13,0.14.13,2025-03-13 18:40:43,,,Lichess,Google Play,en,us,2026-04-17 17:51:35,2025-03-11
72ab1c4a-7e23-4ffb-8f60-c696d6c39f0c,Nayan,"Pleases Please please.... provide cloud analysis permanent, don't make it shift between cloud and local analysis. Because Smartphone CPU gets suffocated instantly at the moment when it shifts to local analysis. Wish my views would be kept in concern. Thanks 💐",4,0,,,2025-03-13 15:31:56,,,Lichess,Google Play,en,us,2026-04-17 17:51:35,2025-03-11
44e3d15c-a60d-4c15-ac1a-d0075e27818c,Belkacem AZ,Can't create a tournament. Can't watch a friend's game while playing.,5,1,0.14.13,0.14.13,2025-03-13 11:48:46,,,Lichess,Google Play,en,us,2026-04-17 17:51:35,2025-03-11
bfa25d9f-f097-4e67-bfb2-7a18d308750f,Ahmed Maher,Better version with new features edit: can you devs change the layout make it look like the old original app it's much better,4,1,0.13.13,0.13.13,2025-03-12 22:46:12,,,Lichess,Google Play,en,us,2026-04-17 17:51:35,2025-03-11
b3622b67-8087-43c5-aead-1d95a0e52413,AJ P,The game analysis button is now hidden for some reason.,5,3,0.14.8,0.14.8,2025-03-12 22:14:39,,,Lichess,Google Play,en,us,2026-04-17 17:51:35,2025-03-11
0c49729a-e849-4572-9143-150d828482e2,Abdhadi Amrir,Because the puzzles are free,5,1,,,2025-03-12 18:09:46,,,Lichess,Google Play,en,us,2026-04-17 17:51:35,2025-03-11
ada9c223-fc9c-4746-8126-4d6ec2677661,Fustel Tchato,"Please add computer analysis for import game, make the interface especially the boards a little more nice and the app would be perfect.",4,0,,,2025-03-12 15:59:18,,,Lichess,Google Play,en,us,2026-04-17 17:51:35,2025-03-11
fad8afbb-7365-41aa-beb7-df44ffc29034,Michael Loconsole,App doesn't seem to work for me. Any trouble shooting advice?,3,0,0.14.8,0.14.8,2025-03-11 19:36:38,,,Lichess,Google Play,en,us,2026-04-17 17:51:35,2025-03-11
5a10284d-2e99-4b6b-90ce-8434ae55566c,Kumara Swamy Gundla,"Bro what is this transformation, is it the old lichess... This is on a whole different level and definetly equa-, no more than chess. Com app.... I was a chess. Com user but now i think this is the best thing to upgrade fast for free... Appreciate the effort and Thank you for lichess team..!!!!",5,3,0.14.8,0.14.8,2025-03-11 04:42:12,,,Lichess,Google Play,en,us,2026-04-17 17:51:35,2025-03-11
238bca47-dc3f-4d24-a74e-ade178b668d8,Uriel F,"Can't access messages nor see people's profile who I discuss with that are not my ""friends"" in app; low grade to get your attention.",1,7,0.14.8,0.14.8,2025-03-10 18:06:12,,,Lichess,Google Play,en,us,2026-04-17 17:51:35,2025-03-04
6ddabb55-c5ad-4e8c-ab42-2b93b0ec18d4,Joshua Enan,A better version of lichess,4,0,0.14.8,0.14.8,2025-03-10 16:24:05,,,Lichess,Google Play,en,us,2026-04-17 17:51:35,2025-03-04
6593cd2c-40e2-4d3f-8f12-c9f193c30347,S C,Too hard to report cheaters,1,3,0.14.8,0.14.8,2025-03-10 15:53:17,,,Lichess,Google Play,en,us,2026-04-17 17:51:35,2025-03-04
96c464be-6c31-4ff0-9e25-5bfff4274eb8,THE TRUTH,Dogesh bhai is in love with chess. 🐶🐕🐾🐩,5,1,0.14.8,0.14.8,2025-03-10 07:51:41,,,Lichess,Google Play,en,us,2026-04-17 17:51:35,2025-03-04
35466ed1-45fa-4a85-bc9e-069d078a6663,Julius L,Few things still missing: tournaments and seeing when your friends are online,5,1,0.13.13,0.13.13,2025-03-09 22:42:30,,,Lichess,Google Play,en,us,2026-04-17 17:51:35,2025-03-04
b6667c0e-ac2c-43ea-a977-2639e21cc1c4,Shivam,Literally the best game to improve and study,5,1,,,2025-03-09 17:57:21,,,Lichess,Google Play,en,us,2026-04-17 17:51:35,2025-03-04
13e09bdc-4f64-4b0c-be23-bea9c140934a,Arthur,As good as the web version,5,1,0.14.8,0.14.8,2025-03-09 10:30:49,,,Lichess,Google Play,en,us,2026-04-17 17:51:35,2025-03-04
4fc1ee81-8386-4a37-b2f4-71c2e058ec8c,Daniel Ndeulita,Can't wait to launch,5,1,,,2025-03-08 17:43:14,,,Lichess,Google Play,en,us,2026-04-17 17:51:35,2025-03-04
a96c2166-d890-40e1-b873-9cf16e5e603b,Damir Dzemidzic,Best chess game.,5,1,0.14.8,0.14.8,2025-03-08 09:24:32,,,Lichess,Google Play,en,us,2026-04-17 17:51:35,2025-03-04
ea790683-3f7c-451f-b466-bb7bfdbe951a,Matteo Marongiu,Can't play offline against computer,1,2,0.13.13,0.13.13,2025-03-08 09:16:32,,,Lichess,Google Play,en,us,2026-04-17 17:51:35,2025-03-04
5eaf7865-72d5-4614-b341-26a7a6b7df6a,Seif Eldin Khaled,It's good app Definitely better than the original app It has things that Desktop has but only one thing that we all need We need Tournments that can be added Just a message to Creator Try to add tournaments It will be more fun,3,0,0.14.8,0.14.8,2025-03-07 19:40:50,,,Lichess,Google Play,en,us,2026-04-17 17:51:35,2025-03-04
2bf80365-f622-486d-bc04-4eff0acce065,RANJIT MAKVANA,It's FOSS,5,1,0.13.13,0.13.13,2025-03-07 16:51:39,,,Lichess,Google Play,en,us,2026-04-17 17:51:35,2025-03-04
47b49e41-fa04-4798-8661-ab3acb7fd22c,Glen Cuttell,Excellent app. Love you guys x,5,1,0.14.8,0.14.8,2025-03-07 11:25:19,,,Lichess,Google Play,en,us,2026-04-17 17:51:35,2025-03-04
15e50cb2-072f-43b7-9c76-28a7f2627a83,"Del Rosario, Marbert Anderson A.",Hoping you'll add offline bots.,4,0,0.14.8,0.14.8,2025-03-06 19:27:15,,,Lichess,Google Play,en,us,2026-04-17 17:51:35,2025-03-04
c94c43fa-bea2-4d51-914b-dc11e30f9291,Manuel Álvarez,A really like the new layout and option. Could you please 🙏 include the option to change puzzle difficulty just like on the Web version 🙏 5 stars because lichess rocks,5,1,0.14.8,0.14.8,2025-03-06 13:25:14,,,Lichess,Google Play,en,us,2026-04-17 17:51:35,2025-03-04
e4b71dd3-8254-4007-8222-7aad50671a7f,Ricky Romanowicz,"It's a great way to play the game, but I can't see where you find the game I'm playing on the app. I have to go to the website in order to find the game I'm playing. Please help. Because if I swipe my notifications about the game and I open up the app, I'll forget about it and just forfeit the game.",5,1,0.14.8,0.14.8,2025-03-06 01:10:04,,,Lichess,Google Play,en,us,2026-04-17 17:51:35,2025-03-04
f970bcac-0e6c-4d80-beff-97208d1b371f,Paul-Peter Theulings,"I can't find the computer analysis in the opening explorer when using the beta version. Update. Found it when using analysis, from there the opening explorer.",4,0,0.14.8,0.14.8,2025-03-04 00:40:47,,,Lichess,Google Play,en,us,2026-04-17 17:51:35,2025-03-04
128d675a-1c24-48c9-8efe-7afe9e245ea8,Utkarsh Chawla,"Serious improvements from previous app, definitely the best website and now the best app for chess.",5,1,,,2025-03-03 15:16:07,,,Lichess,Google Play,en,us,2026-04-17 17:51:35,2025-02-25
c719251e-f9e9-406e-8d85-4ae6e98306a2,Henry Fielding,big improvement on last iteration of mobile app,5,1,,,2025-03-03 10:51:34,,,Lichess,Google Play,en,us,2026-04-17 17:51:35,2025-02-25
def4afd0-011a-417d-9318-1b24efc43c68,IMMORTAL Legends ff,"New interface is really good, just a request can you plz put 'play offline' option with 'online bots' option aswell ?",5,1,0.13.13,0.13.13,2025-03-02 21:07:03,,,Lichess,Google Play,en,us,2026-04-17 17:51:35,2025-02-25
67384685-ac71-40f5-b919-084dd63d67e8,bilel bilel,where's tournament mode??,4,0,0.14.8,0.14.8,2025-03-02 16:25:06,,,Lichess,Google Play,en,us,2026-04-17 17:51:35,2025-02-25
aa9e8829-af7a-4508-8fe2-0fb9f642c1bd,Michael Chimpalesa,A step in the right direction,4,0,,,2025-03-02 09:36:57,,,Lichess,Google Play,en,us,2026-04-17 17:51:35,2025-02-25
fcc6ba07-588c-4663-8215-e6f6096ffd5b,Abolfazl Yousefi,The site still the best,5,1,0.13.13,0.13.13,2025-03-01 21:30:23,,,Lichess,Google Play,en,us,2026-04-17 17:51:35,2025-02-25
d48caf07-4446-450f-9cb8-bd11e66026bd,SHRI GROUPS,Good app,5,1,,,2025-02-26 17:37:56,,,Lichess,Google Play,en,us,2026-04-17 17:51:35,2025-02-25
ec6f0557-09f9-4290-ac64-70acb98295de,Pritam Debbarma,The best free chess learning app,5,3,0.13.13,0.13.13,2025-02-26 17:20:57,,,Lichess,Google Play,en,us,2026-04-17 17:51:35,2025-02-25
db47b316-9d72-45a5-99d2-1c19e115cc90,Potato Chronicler,"Love the updates, but missing some stuff, for example, puzzle hints instead of just full on solutions",3,0,0.13.13,0.13.13,2025-02-26 02:08:03,,,Lichess,Google Play,en,us,2026-04-17 17:51:35,2025-02-25
1cc913c9-c48a-4ec2-8c8a-52eb9e36246f,Kaspars,v0.14.8 is a big buff. Puzzle stats finally work properly and other bugs are fixed. Lots of new stuff like puzzle hints are now added. Overall appearance is now very good and switching between windows is smooth!,5,1,0.14.8,0.14.8,2025-02-26 00:23:34,,,Lichess,Google Play,en,us,2026-04-17 17:51:35,2025-02-25
3b3e3fb0-159f-4429-bc9c-2453584abf93,hecko,"theme-wise it definitely doesn't feel like the website, but honestly i quite like it! feature-wise it has the important bits (including near-complete puzzle support!), and i trust it'll only keep getting better :3",5,4,0.13.13,0.13.13,2025-02-25 03:36:53,,,Lichess,Google Play,en,us,2026-04-17 17:51:35,2025-02-25
cc5df065-fec2-4724-8077-7b38988f5456,Victor Duru,"Nice app. It's similar to the other one, but with a way cooler UI. I'd love if the bot's feature could be offline just like it is the other lichess app. 👍🏾",4,1,0.13.13,0.13.13,2025-02-25 02:42:07,,,Lichess,Google Play,en,us,2026-04-17 17:51:35,2025-02-25
ae02f8d5-a554-4311-8f1f-a96cb6a91671,Felicia Willhoite,"I'm won a few games with few moves and received an email that I'm boosting, whatever that is and it's not allowed. Also because I resigned out of a few games I received a message I would be blocked. This is absolutely annoying.",1,11,0.13.13,0.13.13,2025-02-24 20:51:09,,,Lichess,Google Play,en,us,2026-04-17 17:51:35,2025-02-18
866979ce-4396-47d8-94b4-cf165919b5b9,Konstantinos Nikolaidis,"Great job making this app, taking the more appealing characteristics of other chess sites and including every powerfull tool for everyone to use",5,1,0.13.13,0.13.13,2025-02-21 16:26:21,,,Lichess,Google Play,en,us,2026-04-17 17:51:35,2025-02-18
1cdd948e-91fa-4dfd-be44-0f37d778be7b,*Hisham.S.8 *,"It's very very good, the same lichess website 👍 👌 👏",5,1,0.13.13,0.13.13,2025-02-20 23:49:22,,,Lichess,Google Play,en,us,2026-04-17 17:51:35,2025-02-18
1019b9f1-47d3-4144-b980-81063bfc19cd,Nick,"This is the best chess site. No ads, no paywall. But the application itself is still beta. While it's good, clean and simple, you can't request computer analysis (manual still works), or use Study, etc. Anyway, thanks for developing it! ❤🙏",4,10,0.13.13,0.13.13,2025-02-20 08:10:56,,,Lichess,Google Play,en,us,2026-04-17 17:51:35,2025-02-18
488986f4-d21e-4fd4-bb3e-e5be1fbef0a4,Avidan Bhujbal,The BEST free chess app HANDS DOWN,5,1,0.13.13,0.13.13,2025-02-20 06:37:48,,,Lichess,Google Play,en,us,2026-04-17 17:51:35,2025-02-18
af727473-5cd5-4ac9-9929-8c79eb0bc90c,Vincent Periolat,it is what it is.,5,1,0.13.13,0.13.13,2025-02-18 18:57:18,,,Lichess,Google Play,en,us,2026-04-17 17:51:35,2025-02-18
9157b781-2d1f-4588-92ef-d70340ef4b37,Devi Ravikumar,My children did a little mistake sorry Connect me to lichess,5,1,0.13.13,0.13.13,2025-02-18 16:42:11,,,Lichess,Google Play,en,us,2026-04-17 17:51:35,2025-02-18
654ad591-4fef-4103-a2dc-2bb37a402a83,Gabriel Lopez,I've been waiting for this for ages! Awesome to finally have a mobile Lichess app with more of the functionality of the web version,5,3,0.13.13,0.13.13,2025-02-18 15:21:56,,,Lichess,Google Play,en,us,2026-04-17 17:51:35,2025-02-18
29fffd73-4f96-4bfe-927c-dc077337aa64,Giri Dhar,Please add a feature when player didn't left the game and wasting the time like minimum of 2 min if didn't make a move not only for the first for complete game atleast abort the game,3,0,0.13.13,0.13.13,2025-02-18 15:14:03,,,Lichess,Google Play,en,us,2026-04-17 17:51:35,2025-02-18
caa2889b-e573-4ebf-811e-1c46b84daacf,Milos Tonic,Now this is perfect.You can watch broadcast good work,5,2,0.13.13,0.13.13,2025-02-18 06:51:01,,,Lichess,Google Play,en,us,2026-04-17 17:51:35,2025-02-18
08770172-10f6-4ecb-bd20-391fc541fad9,Samuel Abraāo,"Muito bom, recomendo",5,1,0.13.13,0.13.13,2025-02-18 02:14:33,,,Lichess,Google Play,en,us,2026-04-17 17:51:35,2025-02-18
f49f062c-f7cf-4f01-b43d-7317eef3fd62,Vamsi Nalluri,Best chess out there,5,1,,,2025-02-16 23:44:44,,,Lichess,Google Play,en,us,2026-04-17 17:51:35,2025-02-11
1f50149d-1d0c-4029-9efc-b56e03bf2be6,Mahmoud Atef,"Great, best chess app so far",5,1,0.13.13,0.13.13,2025-02-16 14:58:27,,,Lichess,Google Play,en,us,2026-04-17 17:51:35,2025-02-11
131fbbff-dc6d-4fa1-a2ac-457fe9931fb3,RayRay YT (The Game Master),ITS SO BEAUTIFUL I LOVE THE MATERIAL THEME,5,1,0.13.13,0.13.13,2025-02-16 11:33:20,,,Lichess,Google Play,en,us,2026-04-17 17:51:35,2025-02-11
15f9d8b8-197c-43ff-85f8-28b2da83754f,Eli Basler,So much better than the old app. I love it!!,5,1,0.13.13,0.13.13,2025-02-16 03:31:52,,,Lichess,Google Play,en,us,2026-04-17 17:51:35,2025-02-11
d2f40c59-8e71-4ac2-aadb-5e094aa374a9,Simone,This version of lichess app is more appealing and functional respect the vanilla one. Without doubt the best and complete chess app in circulation.,5,2,0.13.13,0.13.13,2025-02-15 16:14:09,,,Lichess,Google Play,en,us,2026-04-17 17:51:35,2025-02-11
d8e239de-15da-49fe-bc4a-a8ecb3d502ba,AKIB H,The best chess app out there,5,1,,,2025-02-15 15:35:52,,,Lichess,Google Play,en,us,2026-04-17 17:51:35,2025-02-11
04519f6b-9398-4d5b-b0a9-cd0a7747fd18,RSTGamer,Lichess but with better interface. What can we want more than that.,5,1,0.13.13,0.13.13,2025-02-15 14:45:48,,,Lichess,Google Play,en,us,2026-04-17 17:51:35,2025-02-11
7a9153ef-56b1-4335-a66d-c0b35437bc81,Nishant Saini,Wow guys this new update is amazing all features of website are in app now and ui is great❤️,5,1,0.13.13,0.13.13,2025-02-15 13:12:56,,,Lichess,Google Play,en,us,2026-04-17 17:51:35,2025-02-11
d9dc0df1-4e1a-4f89-9222-3795c84fe605,mateo hadeshian,Way better than chess.microtransaction.,5,1,,,2025-02-14 19:20:45,,,Lichess,Google Play,en,us,2026-04-17 17:51:35,2025-02-11
329114fd-08c4-4d86-ab3f-b98f5a7e3de2,Ese Okpongete,"I understand this is a trial, but what is the point of having friends if I can't watch or spectate their games?",3,1,0.13.13,0.13.13,2025-02-14 09:11:01,,,Lichess,Google Play,en,us,2026-04-17 17:51:35,2025-02-11
3d5bdabb-c1e6-4434-b211-199b5a6cd165,Mike Hammer,Like the new app! Could you add the win/loss record when click opponents name in game. Maybe little notification window in upper right hand corner when another player makes a move. Oh and make the take back notification flash,5,1,,,2025-02-14 01:21:48,,,Lichess,Google Play,en,us,2026-04-17 17:51:35,2025-02-11
d446d8cd-3bee-41f1-b914-cc0cf84cc8ae,Yimi Ipsa,The best chess app ever.,5,1,0.13.13,0.13.13,2025-02-13 16:00:17,,,Lichess,Google Play,en,us,2026-04-17 17:51:35,2025-02-11
9c026926-a665-4b6a-9eed-c26db3746b63,Mohamed Ahmed Hanafy,Perfect 😃,5,2,,,2025-02-12 22:27:19,,,Lichess,Google Play,en,us,2026-04-17 17:51:35,2025-02-11
7b3df0da-3c1e-4206-9ab4-36421404a0fb,Shriyans M,Add more puzzle styles to sets,5,1,0.13.13,0.13.13,2025-02-11 23:09:21,,,Lichess,Google Play,en,us,2026-04-17 17:51:35,2025-02-11
b0e90233-c748-46f7-a698-7998e7441730,Carter Yancey,"This version definitely has some big improvements over the other, especially in terms of usability and lack of bugs. However, there is no way to add premove lines to correspondence games, so I'm still primarily using the old app.",3,1,0.13.13,0.13.13,2025-02-10 17:36:24,,,Lichess,Google Play,en,us,2026-04-17 17:51:35,2025-02-04
09fc8310-6d01-4e74-98d6-675781a1a21c,Mahdi,Best chess ap,5,2,0.13.13,0.13.13,2025-02-08 10:47:27,,,Lichess,Google Play,en,us,2026-04-17 17:51:35,2025-02-04
dbef222a-6e03-45b2-bcc5-c06a2c5978c3,Chess wizard,New app is stupid. Very bad for speed chess,1,4,,,2025-02-06 17:55:24,,,Lichess,Google Play,en,us,2026-04-17 17:51:35,2025-02-04
fe04aa3f-19f8-4cd8-af88-2e049e11ef1b,Rohan,"Add offline bot playing, like the original one",5,1,0.13.13,0.13.13,2025-02-06 16:57:19,,,Lichess,Google Play,en,us,2026-04-17 17:51:35,2025-02-04
69cf076b-0ec8-44a2-a2c0-8c6b6278ea28,al-kin,please add offline bots,5,3,0.13.13,0.13.13,2025-02-05 13:32:25,,,Lichess,Google Play,en,us,2026-04-17 17:51:35,2025-02-04
8976edfc-5613-4b8d-8704-3e52a2d7e5bb,Saravana Nadar,The GOAT FOSS app :),5,2,0.13.13,0.13.13,2025-02-05 10:18:46,,,Lichess,Google Play,en,us,2026-04-17 17:51:35,2025-02-04
25d274d8-b316-44e4-920b-26a9d65a831d,Parth Binwal,Providing so many features lichess is op Interactive ui puzzle database for practice thankyou lichess,5,1,0.13.13,0.13.13,2025-02-05 10:09:55,,,Lichess,Google Play,en,us,2026-04-17 17:51:35,2025-02-04
093e51c5-8000-4e5f-9397-121caec1b1a2,SPEEDY BUMPY,I'm getting insane latency with tmobile,3,1,,,2025-02-04 23:47:27,,,Lichess,Google Play,en,us,2026-04-17 17:51:35,2025-02-04
8eb369a7-2056-4a88-b874-2250110b78f8,Rupali Borkute,Very bad 😔😔,1,3,0.13.13,0.13.13,2025-02-04 17:29:04,,,Lichess,Google Play,en,us,2026-04-17 17:51:35,2025-02-04
0adf6898-50d8-445a-bf4f-d7da472e600f,Alexander G.,lightweight. fast. minimalist.,5,1,0.13.13,0.13.13,2025-02-04 15:45:22,,,Lichess,Google Play,en,us,2026-04-17 17:51:35,2025-02-04
8b9f08f3-c53a-46be-bc39-b5a730cdb6cb,Abdul Aziz,Cab we get premoves option pls,4,0,,,2025-02-04 12:43:55,,,Lichess,Google Play,en,us,2026-04-17 17:51:35,2025-02-04
155bee55-abab-4c99-aec9-f4ee66e6a0e2,hassan yhyia,"Great, but it doesn't show my time after each move in game analysis. I will give it 5 if it does",4,1,0.13.13,0.13.13,2025-02-03 20:13:50,,,Lichess,Google Play,en,us,2026-04-17 17:51:35,2025-01-28
4f215636-04bb-443a-b1ff-522583f39f08,Yohan Lobo,I love this beta version compared to the old one. It's refreshing and feels really good with lots of features for free. Also please make Google play payment available so that I can donate money to lichess. I am from India.,5,1,0.13.13,0.13.13,2025-02-03 17:30:56,,,Lichess,Google Play,en,us,2026-04-17 17:51:35,2025-01-28
22fae4ac-9bdc-49ae-8c01-825de4161105,Vikas Sharma,Poor calculation of mate I found. I played a rapid chess match and opponent give me a check and It was not a mate position but lichess server showed mate and my score was decreased by 114 points. I was shocked what did just happen.,1,2,,,2025-02-03 16:27:12,,,Lichess,Google Play,en,us,2026-04-17 17:51:35,2025-01-28
5bc1a82e-d0e3-4e63-9ff8-83358c6f39d6,Mohamed Elsayad,"I appreciate your efforts for making this new app it is much better than the old but, but there is an issue, I can't watch live game of my friends, I wonder if you can update it soon",5,3,0.13.13,0.13.13,2025-02-02 23:35:53,,,Lichess,Google Play,en,us,2026-04-17 17:51:35,2025-01-28
95811721-d737-4b46-8a29-d3e9d04ea4ea,Ted Thomas,"Almost perfect now, but stills no way to play the computer offline?",4,2,0.13.13,0.13.13,2025-02-02 12:06:10,,,Lichess,Google Play,en,us,2026-04-17 17:51:35,2025-01-28
cb717d3d-2e5b-4bb9-8047-7d8009c3a834,יהודה,Great ממש טוב,5,1,0.13.13,0.13.13,2025-02-01 21:42:28,,,Lichess,Google Play,en,us,2026-04-17 17:51:35,2025-01-28
716586ec-7b94-428b-89d8-259023e98304,kayfinesse,When I first opened the app I thought I'd accidentally opened lichess on my browser. I was pleasantly surprised. Two thumbs up.,5,3,0.13.13,0.13.13,2025-01-31 23:37:16,,,Lichess,Google Play,en,us,2026-04-17 17:51:35,2025-01-28
ef96c8e8-c8c1-4879-9d23-85723b6ac0b8,SOM NATH BANERJEE,so far so good !,4,0,0.13.13,0.13.13,2025-01-31 17:04:11,,,Lichess,Google Play,en,us,2026-04-17 17:51:35,2025-01-28
be68dc06-b067-46db-a3b2-422babc955a2,mathapelo tladi,It's a great game,5,1,0.13.13,0.13.13,2025-01-31 15:57:34,,,Lichess,Google Play,en,us,2026-04-17 17:51:35,2025-01-28
ebcb026d-6833-42d7-b415-4b4b3aa14a7a,Arbaz,"Never thought we will be able to draw arrows on mobile, thank you so much",5,1,0.13.13,0.13.13,2025-01-31 08:33:05,,,Lichess,Google Play,en,us,2026-04-17 17:51:35,2025-01-28
357bda01-cdda-4a42-b7e1-d65899db1350,Aaron,It's nice but I can't play tournaments.,4,0,0.13.13,0.13.13,2025-01-30 18:27:36,,,Lichess,Google Play,en,us,2026-04-17 17:51:35,2025-01-28
e9abf792-c528-41b8-ba75-fba2872733d8,A,Significant improve rather than last app. Niceee,5,1,0.13.13,0.13.13,2025-01-29 17:42:32,,,Lichess,Google Play,en,us,2026-04-17 17:51:35,2025-01-28
83a3c414-4e37-4955-94b1-200a77c0ff57,Victor Blue,"It's best for learning and totally free, love you lichess.",5,1,,,2025-01-29 13:55:22,,,Lichess,Google Play,en,us,2026-04-17 17:51:35,2025-01-28
dc203cc6-eda6-4d44-b6fa-114a6483f6d6,Vikas Dutt Sharma,the app was not 🚫 working and it's pieces were not able to move on the another boxes.l hate this game,1,1,,,2025-01-29 11:51:44,,,Lichess,Google Play,en,us,2026-04-17 17:51:35,2025-01-28
ed947527-1f3d-4a45-be8f-4ca0b960e670,Christian Quijano,"Great updates! Have been waiting a long time for this. The layout is nice too! very well thought out, and the ability to draw arrows and highlights is 👌👌👌! One feature i would love to have is voice input. I use it all the time on the browser version but having it on mobile would be amazing 😀😝😝. Hoping for an answer about this thanks! ♟️👑💪👌👈",5,38,0.13.13,0.13.13,2025-01-29 11:29:05,,,Lichess,Google Play,en,us,2026-04-17 17:51:35,2025-01-28
c80a93ae-b043-4424-8ce5-82692f9b3761,David Rivera,"Great for analizing plays, would recommend",5,1,0.13.13,0.13.13,2025-01-28 21:59:51,,,Lichess,Google Play,en,us,2026-04-17 17:51:35,2025-01-28
77728e0f-4134-4ee4-9a9a-bb31ab86d083,Sunny,"The best chess, no adds",5,1,0.13.13,0.13.13,2025-01-28 21:12:49,,,Lichess,Google Play,en,us,2026-04-17 17:51:35,2025-01-28
861a9b2c-ab29-48c8-82f8-8779b1492fc7,Priyansh Prajapati,Just stunning!,5,1,0.13.13,0.13.13,2025-01-28 19:38:47,,,Lichess,Google Play,en,us,2026-04-17 17:51:35,2025-01-28
da93f960-f19e-4968-8c49-fdedba8724e1,Talib Raeen,"UI & UX improvement, clock, arrows and circle and puzzle theme on app now. It's just amazing. Hope Lichess do improvements at this speed. Fabulous ♥️",5,1,0.13.13,0.13.13,2025-01-27 20:17:43,,,Lichess,Google Play,en,us,2026-04-17 17:51:35,2025-01-21
ec441721-e938-4c88-93a2-41df9c3197fb,Sersyxo,"Hi @lichess , i only have 1 problem that I am not able to login to my account in the mobile app whereas I am able to login in the website, kindly resolve the issue/bug",4,0,0.13.13,0.13.13,2025-01-27 16:03:16,,,Lichess,Google Play,en,us,2026-04-17 17:51:35,2025-01-21
2862986a-8cb5-45b4-bc56-f3ca194b7cc7,Nilanjan Santra,"The fact that this is open source, free deserve full Five Star.. This is a gift in a world of money. Why not gift him back full five star.",5,2,0.13.13,0.13.13,2025-01-26 21:01:49,,,Lichess,Google Play,en,us,2026-04-17 17:51:35,2025-01-21
aa171c55-212a-47a2-ac75-101332201688,ARJUN REDDY Appala,Top rated free app,5,1,0.12.5,0.12.5,2025-01-26 17:42:02,,,Lichess,Google Play,en,us,2026-04-17 17:51:35,2025-01-21
e3c0d18c-e9e6-4188-ac29-9ab3577a9ac5,Kyriakos Amoiridis,"The new app is brilliant,well done. New UI looks much better and the app is faster.",5,1,0.13.13,0.13.13,2025-01-26 10:27:59,,,Lichess,Google Play,en,us,2026-04-17 17:51:35,2025-01-21
3b864124-6c7f-4335-b0d1-149dfd3e7ad2,malik Zoumrani,You don't need any other chess app now. Everything on the website is available in the phone app.,5,1,0.13.13,0.13.13,2025-01-25 23:56:38,,,Lichess,Google Play,en,us,2026-04-17 17:51:35,2025-01-21
49aa4891-fcc7-4d6e-a902-4b1ef8562399,hemwjs aja,"I mean, it's lichess, there isn't anything better than this",5,2,0.13.13,0.13.13,2025-01-25 18:19:51,,,Lichess,Google Play,en,us,2026-04-17 17:51:35,2025-01-21
c56a7b9d-9ef1-490f-8ccc-aaa31147d007,Gurwinder dehlon,Excellent app for learning new tactics,5,1,0.13.13,0.13.13,2025-01-25 16:39:45,,,Lichess,Google Play,en,us,2026-04-17 17:51:35,2025-01-21
8f9bf715-2905-4f87-b74c-86ce9d2a84e4,Von Allen P. Lucero,I like the change so far pls add voice input 😍😍😍😸😸😸,3,0,0.13.13,0.13.13,2025-01-25 11:40:42,,,Lichess,Google Play,en,us,2026-04-17 17:51:35,2025-01-21
23131be0-49bf-4cb0-82cd-9531a973cbc6,haik,The new ui is very good,5,1,0.13.13,0.13.13,2025-01-25 04:02:13,,,Lichess,Google Play,en,us,2026-04-17 17:51:35,2025-01-21
c8ef7691-a5b5-4ae3-88e3-66dc902e3d47,aditya ranjan,replace the official app with this one pleaseeeee,5,1,0.13.13,0.13.13,2025-01-24 10:44:09,,,Lichess,Google Play,en,us,2026-04-17 17:51:35,2025-01-21
88ef159d-eb4f-4a72-970c-21598db30271,Will,"Excellent app! Entirely free with everything you need (analysis, puzzle, study...) Only thing is first game the pieces were lagging. Just turn off piece animation :)",5,2,0.13.13,0.13.13,2025-01-24 05:17:00,,,Lichess,Google Play,en,us,2026-04-17 17:51:35,2025-01-21
521a7af5-fb9e-430e-b0d8-0a55de846602,Sameli Kaitaranta,"Very good, still missing some features though.",5,1,0.13.13,0.13.13,2025-01-24 01:24:18,,,Lichess,Google Play,en,us,2026-04-17 17:51:35,2025-01-21
f2994e4f-cb52-4f71-b8d7-d78c9b73a26d,Ian MacKenzie,"my wife has paid for a diamond membership for me, renewed recently but the app opens on an old basic account and there's nothing I can do about it on my redmi 10C phone",1,1,4.9.32-googleplay,4.9.32-googleplay,2026-04-11 20:28:30,"Hello! We're aware of the issue with your diamond membership not showing in the app and have flagged it for review. Please use in-app support to share more details for further investigation. Your feedback is important, and we aim to resolve this soon!",2026-04-15 04:34:52,Chess.com,Google Play,en,us,2026-04-17 17:55:05,2026-04-07
7e9d7bc2-fb93-43cd-85f0-4a5fa5e3cf62,Chantelle Mudoni,"it's amazing and you learn a lot about Chess ♟️ because you can play online with people around the whole world, making you learn new openings and chess tactics making you a better chess player.",5,0,4.9.30-googleplay,4.9.30-googleplay,2026-04-11 16:03:00,Thank you for giving us a 5-star rating! Keep enjoying great chess on Chess.com!,2026-03-31 20:33:04,Chess.com,Google Play,en,us,2026-04-17 17:55:05,2026-04-07
f609b1fd-efe0-4451-9e20-9565edc16c0f,zahin,it's great but i want new couch such as Mikhail Tal and Bobby Fischer,5,0,4.9.32-googleplay,4.9.32-googleplay,2026-04-11 04:08:30,"Thank you for the 5 stars! 🌟 That is a fantastic suggestion! Mikhail Tal and Bobby Fischer are absolute legends, and having their styles as coaches would be incredible. I’ve shared your idea with our development team for future consideration. If you have more ideas, let us know at www.chess.com/support. Enjoy your games! ♟️👹",2026-04-13 05:16:52,Chess.com,Google Play,en,us,2026-04-17 17:55:05,2026-04-07
44567985-4274-414e-9c10-16e63e1b688d,ahsan zafar,has everything you would want in a chess app,5,0,4.9.32-googleplay,4.9.32-googleplay,2026-04-11 01:18:56,Thank you for selecting Chess.com!,2026-04-13 05:26:51,Chess.com,Google Play,en,us,2026-04-17 17:55:05,2026-04-07
4e8a3923-f912-43fe-877c-6099c6ade024,Alex Wantz,"hello, if I press on old games, the screen of who won immediately comes up. if I close it, it autostarts a new game. If I press anaylze I need to wait a few seconds, can't go through it immediately and can only do this once. i kust want to see the last few moves. I thought this was a bug, but your support ai told me it is on purpose. why would you not allow people to watch old games? that sounds highly unprofessionell..",1,5,4.9.33-googleplay,4.9.33-googleplay,2026-04-11 01:13:07,,,Chess.com,Google Play,en,us,2026-04-17 17:55:05,2026-04-07
6776dba1-59e6-402f-81cd-cd98d56fdbe0,Eric Sternquist,"Was great until recently when some 'incredibly intelligent' individuals on the dev team thought it a great idea to remove the ability to change crown modes for bots, thinking users would somehow like this change I can not think of a singular person who wanted to lose this functionality nor anyone who benefits from its removal either. I want the damn ability to choose to have handicaps accessible to me or not instead of them always being there as an option constantly tempting me to use them.",1,0,4.9.32-googleplay,4.9.32-googleplay,2026-04-10 23:55:48,Hello! We appreciate your feedback on the crown modes for bots. Your desire for more control over handicap options is valid. Please reach out to our in-app support with detailed feedback to help us understand community needs. We hope you continue to enjoy the game and find new challenges!,2026-04-15 04:41:28,Chess.com,Google Play,en,us,2026-04-17 17:55:05,2026-04-07
e0346fc7-be18-4db8-93fd-569965b6cd10,Logeshwari Sathish,"​""I am writing this to express my deep frustration regarding a recurring issue in the gameplay. My rating was steadily increasing above 250, but due to these inconsistencies, it is dropping back to 200, which is very discouraging. ​In a recent game, a pawn was promoted to a Queen after capturing my Knight. Even though I had clear defensive options—specifically a Bishop nearby and other pieces that could have captured the new Queen—the game declared an immediate 'Checkmate'. I was not given the",2,0,4.9.32-googleplay,4.9.32-googleplay,2026-04-10 22:23:50,Hello! Thank you for your feedback. We appreciate your insights on the gameplay inconsistencies and the pawn promotion issue. Please share more details via in-app support to help us understand better. We hope you enjoy your games more moving forward!,2026-04-15 04:42:41,Chess.com,Google Play,en,us,2026-04-17 17:55:05,2026-04-07
5dafc215-4198-415c-8bca-d9c03e8ce35a,Krish Naik,"Great for playing chess online, however most features like multiple game reviews a day are locked behind a paywall.",4,0,4.9.32-googleplay,4.9.32-googleplay,2026-04-10 09:14:19,"Thank you for your feedback. We provide a free trial so you can explore fantastic features like Lessons and Game Review. Also, watch for discounts and promotions in the app, as seasonal sales are available!",2026-04-10 22:43:32,Chess.com,Google Play,en,us,2026-04-17 17:55:05,2026-04-07
59585bef-e6cc-4aba-b8ee-3ea37c78a3ca,Praveen Kumar,Praveen Kumar nice game app,5,0,4.9.32-googleplay,4.9.32-googleplay,2026-04-10 09:00:28,Thank you for choosing Chess.com!,2026-04-10 22:51:41,Chess.com,Google Play,en,us,2026-04-17 17:55:05,2026-04-07
47c6001d-d4d6-4569-a25f-08a80ccc2418,Shahriar Tasnim,Lichess is thousands times superior for game ux,1,0,4.9.31-googleplay,4.9.31-googleplay,2026-04-10 03:06:27,If you have feedback for us or suggestions on how the Chess.com app could be better please let us know. We want the app to be worth 5 stars for you!,2026-04-10 22:24:54,Chess.com,Google Play,en,us,2026-04-17 17:55:05,2026-04-07
b79d20b0-9600-4d69-bcbf-1674e311f184,Adhiraj Singh,i love chess,5,0,4.9.32-googleplay,4.9.32-googleplay,2026-04-09 21:03:08,Thank you for supporting Chess.com!,2026-04-10 16:42:24,Chess.com,Google Play,en,us,2026-04-17 17:55:05,2026-04-07
f391d20d-ed17-4a51-8ded-ffa79b779944,Sioz,great 👍,5,0,4.9.32-googleplay,4.9.32-googleplay,2026-04-09 17:07:48,Thank you for choosing Chess.com!,2026-04-10 16:42:11,Chess.com,Google Play,en,us,2026-04-17 17:55:05,2026-04-07
ad6d630f-2137-4f78-83b9-2604623184de,Sungjinwoo Zerotwo,kinda nervous but I enjoyed it,4,0,4.9.29-googleplay,4.9.29-googleplay,2026-04-09 14:28:37,"Thank you for your review! If you have any suggestions on how the Chess.com app could improve, please share them with us. We aim for the app to achieve a 5-star rating from you! You can provide feedback at: www.chess.com/support",2026-04-09 19:23:28,Chess.com,Google Play,en,us,2026-04-17 17:55:05,2026-04-07
b861aa9b-76eb-4de3-9206-b4cdb352bdd5,pinaki pradhan bhakta,very good and playing comfortable others country are also played here. sometimes it works very slowly.,5,0,4.9.32-googleplay,4.9.32-googleplay,2026-04-08 20:19:43,We value your positive feedback about playing chess with others from around the world on Chess.com. Thank you for sharing your thoughts!,2026-04-10 22:59:52,Chess.com,Google Play,en,us,2026-04-17 17:55:05,2026-04-07
f35b3aee-ece2-4297-b74f-7df40769027d,Rahul kumar Verma,Good app for chess ever I love this app for playing chess. 💖💖💖,5,0,4.9.31-googleplay,4.9.31-googleplay,2026-04-08 18:46:27,Thank you for your 5-star rating! Enjoy playing great chess on Chess.com!,2026-04-10 22:59:49,Chess.com,Google Play,en,us,2026-04-17 17:55:05,2026-04-07
06e3b197-dc1d-48fd-b44d-241144dab87c,esrae merhis,i likew itt 😻,5,0,4.9.29-googleplay,4.9.29-googleplay,2026-04-08 18:44:53,Thank you for selecting Chess.com!,2026-04-10 16:41:16,Chess.com,Google Play,en,us,2026-04-17 17:55:05,2026-04-07
f3e8925d-de31-4980-a5f0-5c660580d4a1,Vikas Sahu,very good,5,0,4.9.29-googleplay,4.9.29-googleplay,2026-04-08 16:54:28,Thank you for selecting Chess.com!,2026-04-10 16:41:17,Chess.com,Google Play,en,us,2026-04-17 17:55:05,2026-04-07
ed670c8a-6da7-4658-87f6-f842f3c898b4,Ruder Saharan,abundant problem,1,1,4.9.31-googleplay,4.9.31-googleplay,2026-04-08 11:56:46,"If you are experiencing any issues with the Chess.com app or have suggestions, please contact us! You can check our FAQ, give feedback, or reach our Support Team at: www.chess.com/support",2026-04-09 18:24:02,Chess.com,Google Play,en,us,2026-04-17 17:55:05,2026-04-07
cf835c76-21e0-46c4-b758-174d76bf7131,Medzani Saviour,very good chess game,5,0,4.9.31-googleplay,4.9.31-googleplay,2026-04-07 14:06:21,Thank you for your feedback. We appreciate having you on Chess.com!,2026-04-08 16:04:07,Chess.com,Google Play,en,us,2026-04-17 17:55:05,2026-04-07
c9e779d5-bfdc-4d23-b68e-8b6fdf745243,Nikunj Modi,"Amazing for learning, training and above all engaging your mind in a meaningful manner!!",5,0,4.9.31-googleplay,4.9.31-googleplay,2026-04-07 13:56:17,Chess is the gymnasium for the mind. Thank you for choosing Chess.com!,2026-04-08 17:54:53,Chess.com,Google Play,en,us,2026-04-17 17:55:05,2026-04-07
462e479b-00cf-4fdb-9b70-c79130217bd0,Akshat Singh,for chess it is the best game 😇😇,5,0,4.9.31-googleplay,4.9.31-googleplay,2026-04-07 11:50:22,We are pleased to hear you enjoy the Chess.com app. Thank you for your 5-star review!,2026-04-08 16:08:29,Chess.com,Google Play,en,us,2026-04-17 17:55:05,2026-04-07
a58ef452-a0e9-4781-a85b-0f1212b5f43c,David Lugo,great app. do not hesitate. just download it.,5,1,4.9.31-googleplay,4.9.31-googleplay,2026-04-07 02:08:39,Thank you for your review. We're pleased to hear you're enjoying Chess.com!,2026-04-08 16:16:40,Chess.com,Google Play,en,us,2026-04-17 17:55:05,2026-04-07
277dd234-db8f-4d21-9ad3-ef9f2308a7a8,James Williams,I use it everywhere and everyday they do fantastic job. I been using them for 15 years.,5,1,4.9.31-googleplay,4.9.31-googleplay,2026-04-07 02:01:16,Thank you for your years of support for Chess.com. We greatly appreciate it!,2026-04-08 17:44:27,Chess.com,Google Play,en,us,2026-04-17 17:55:05,2026-04-07
0db1411a-11f2-4f5b-9f82-a5441db8c2df,John Kelly,"amazing app I love it you can learn loads from it and no ads and you can practice , play as much as you want",5,1,4.9.31-googleplay,4.9.31-googleplay,2026-04-06 22:12:06,We're glad you're having fun learning chess. Thanks for choosing Chess.com!,2026-04-08 17:52:38,Chess.com,Google Play,en,us,2026-04-17 17:55:05,2026-03-31
ffb310e8-a36f-48e0-a31b-6a57fa9bd114,Muhammad Azamuddin,very fun game,5,0,4.9.31-googleplay,4.9.31-googleplay,2026-04-06 16:55:52,We're pleased to hear you're enjoying playing chess. Thank you for your feedback!,2026-04-08 15:59:43,Chess.com,Google Play,en,us,2026-04-17 17:55:05,2026-03-31
07cc1cf5-5689-4fa6-8551-accc37a13ef7,Noah,"its chess, what else to say?",4,0,4.9.30-googleplay,4.9.30-googleplay,2026-04-06 12:15:09,"Thank you for your review! If you have suggestions on how the Chess.com app could improve, please share them with us. We aim for the app to earn a 5-star rating from you! You can submit feedback at: www.chess.com/support",2026-04-07 23:44:08,Chess.com,Google Play,en,us,2026-04-17 17:55:05,2026-03-31
e8057349-e2b2-4c3a-a6f4-101567f58dac,Hmr,boring. bcz of not getting logout if opponent not played for some time. Auto resign not working as shown,1,1,4.9.31-googleplay,4.9.31-googleplay,2026-04-06 11:08:39,"Sorry for the frustration! A game will end early if a player leaves or disconnects. However, it is possible for a player to let time run out on purpose while continuing to view the game. We ask that you report this by tapping on the opponent's avatar so we can quickly take action in the form of restrictions or account closure.",2026-01-23 19:21:37,Chess.com,Google Play,en,us,2026-04-17 17:55:05,2026-03-31
29a9cffc-3f9b-4581-9ab8-50d90626ce32,Byron K Mockey,clean..,5,0,4.9.19-googleplay,4.9.19-googleplay,2026-04-06 04:45:43,Thank you for your review. We appreciate having you on Chess.com!,2026-04-08 15:56:13,Chess.com,Google Play,en,us,2026-04-17 17:55:05,2026-03-31
d39bd517-623a-47ce-a81d-d9927be23f9d,Thomas Thomas,I love playing against people from all over the world.,5,0,4.9.30-googleplay,4.9.30-googleplay,2026-04-06 04:40:44,We're glad you're enjoying playing chess with other players around the world on Chess.com. Thank you for your review!,2026-04-08 16:12:20,Chess.com,Google Play,en,us,2026-04-17 17:55:05,2026-03-31
27c90374-4ce9-4403-9280-abf1025e124d,Oniwon Faith,I love the app but it'll be even better if they give us more review slots,4,0,4.9.31-googleplay,4.9.31-googleplay,2026-04-05 22:49:50,"Thank you for this feedback. Game Review is one of the absolute best tools to quickly improve your chess skills, since it offers personalized feedback on your games and the possibility to correct mistakes. If you'd like to try out unlimited Game Review, we offer a free trial!",2026-04-07 23:34:07,Chess.com,Google Play,en,us,2026-04-17 17:55:05,2026-03-31
9cc792b6-7d6d-4a81-b006-6f2cc84ce132,Domo Sukende,Best!!,5,0,4.9.31-googleplay,4.9.31-googleplay,2026-04-05 16:52:46,Thank you for sharing your passion for chess on Chess.com!,2026-04-08 15:54:51,Chess.com,Google Play,en,us,2026-04-17 17:55:05,2026-03-31
316bae36-1578-4178-bf63-e9d32101e921,Jason Muronga,So far so great!,5,0,4.9.31-googleplay,4.9.31-googleplay,2026-04-05 12:17:42,Thank you for your 5-star rating! Players like you help make Chess.com possible!,2026-04-08 16:00:29,Chess.com,Google Play,en,us,2026-04-17 17:55:05,2026-03-31
081183bc-a0a1-4386-818d-35b256975ff0,Alpna,Great for chess,5,0,4.9.31-googleplay,4.9.31-googleplay,2026-04-05 09:52:40,Thank you for your review. We're pleased to hear you're enjoying Chess.com!,2026-04-08 15:59:14,Chess.com,Google Play,en,us,2026-04-17 17:55:05,2026-03-31
aba29704-a517-4321-9130-ffe61569e783,gyanendra thapa,good game,5,0,,,2026-04-05 09:10:58,Thank you for your 5-star rating! Continue enjoying great chess on Chess.com!,2026-04-08 15:55:54,Chess.com,Google Play,en,us,2026-04-17 17:55:05,2026-03-31
49dd187c-1f91-48d3-a853-9edd76d66faf,Dhroov R Nair,"the beauty of chess is the imperfect mistake making brain,which makes chess the game it is today",5,0,4.9.31-googleplay,4.9.31-googleplay,2026-04-05 05:54:06,Chess is the gymnasium for the mind. Thanks for choosing Chess.com!,2026-04-08 17:46:49,Chess.com,Google Play,en,us,2026-04-17 17:55:05,2026-03-31
49eff5eb-62ac-4487-805a-0c9418bac262,Alpha Ochieng,👍🏾👍🏾👍🏾,4,0,4.9.31-googleplay,4.9.31-googleplay,2026-04-04 17:35:11,"Thank you for your review! If you have any suggestions on how the Chess.com app can improve, please share them with us. We aim for the app to earn a 5-star rating from you! You can submit feedback at: www.chess.com/support",2026-04-07 23:43:41,Chess.com,Google Play,en,us,2026-04-17 17:55:05,2026-03-31
fa21cfc2-3f01-414c-a07c-484f588039e3,Shukri Qubain,"too many adds, lichess feels like the better app. puzzles being limited to 3 a day seems scummy. analyzing matches being limited to one a day also seems a bit much.",1,2,4.9.31-googleplay,4.9.31-googleplay,2026-04-04 17:00:01,"We know ads aren't ideal, but they allow us to keep the game free, to innovate, and to create major chess events. You can always remove ads by signing up for any of our Premium plans, and we also offer a No Ads Plan where you can remove all ads for just $1 a month! To sign up, visit: www.chess.com/membership/no-ads",2026-04-07 23:09:47,Chess.com,Google Play,en,us,2026-04-17 17:55:05,2026-03-31
eeaf5994-5188-4555-b0d0-14c627b1ba1b,BeЯN,the best,5,0,4.9.31-googleplay,4.9.31-googleplay,2026-04-04 02:59:22,Thank you for choosing Chess.com!,2026-04-08 15:55:12,Chess.com,Google Play,en,us,2026-04-17 17:55:05,2026-03-31
7ef51f60-27b0-4a0e-a8fa-d88d794f72b5,Kaden Kagle,"It is a great way to learn, and play against your friends.",5,0,4.9.31-googleplay,4.9.31-googleplay,2026-04-04 02:55:11,We're pleased to know you're enjoying chess with friends. Thank you for selecting Chess.com!,2026-04-08 16:13:35,Chess.com,Google Play,en,us,2026-04-17 17:55:05,2026-03-31
c234bc06-6495-4de8-9c89-6ae14cb9add4,Jeetendra Chourasiya,Awesome Game,5,0,4.9.19-googleplay,4.9.19-googleplay,2026-04-03 22:48:32,Thank you for your 5-star rating! Players like you make Chess.com a reality!,2026-04-08 15:58:29,Chess.com,Google Play,en,us,2026-04-17 17:55:05,2026-03-31
4884c3a4-8ee2-4dfc-8840-5c37bdc7c650,Lissette Irizarry,love it but hate how I have to to pay to play only do 3 puzzle and 3 lessons but attest you can lared alot on it,4,0,4.9.31-googleplay,4.9.31-googleplay,2026-04-03 18:11:40,"Thank you for your feedback. Remember, we offer a free 7-day membership trial to experience Premium features! Sign up to explore unlimited Puzzles and video Lessons, as well as Game Review analysis. We also provide three different membership tiers at monthly or annual rates.",2026-04-03 19:18:23,Chess.com,Google Play,en,us,2026-04-17 17:55:05,2026-03-31
b6400f8b-0da5-4bf8-bcb9-434f92d75693,Anirban Chatterjee,its good not as normal chess games. Out of every chess game this is the most complicated and best games of all,5,0,4.9.31-googleplay,4.9.31-googleplay,2026-04-03 10:00:14,We're glad you like the Chess.com app. Thank you for your 5 star review!,2026-04-03 19:53:16,Chess.com,Google Play,en,us,2026-04-17 17:55:05,2026-03-31
43f70fa4-e5d1-4e24-a846-d589f5657f6c,Samnso Lopi,great app love it,5,0,4.9.31-googleplay,4.9.31-googleplay,2026-04-02 21:53:59,Thank you for choosing Chess.com!,2026-04-03 19:46:43,Chess.com,Google Play,en,us,2026-04-17 17:55:05,2026-03-31
9b71cc95-ef9f-45fa-b915-20784e7326b6,Nakshatra Johnson,it was nice and all but I got bored quickly I could just spam hint to give me all the answers so you wont really learn chess if your lazy id say if you give limited hints it would be better,3,0,4.6.28-googleplay,4.6.28-googleplay,2026-04-02 15:22:05,Thank you for this feedback. We'll look into adding a game mode vs. Bots where Hints are limited.,2026-04-02 17:57:40,Chess.com,Google Play,en,us,2026-04-17 17:55:05,2026-03-31
c9c11195-f202-44ae-99c6-47e63492ba39,suruj kumari,it's kinda good to get elo but loses,4,0,4.9.31-googleplay,4.9.31-googleplay,2026-04-02 05:10:31,"Thank you for your review! If you have any suggestions on how the Chess.com app can improve, please share them with us. We aim for the app to achieve a 5-star rating from you! You can submit feedback at: www.chess.com/support",2026-04-02 18:58:10,Chess.com,Google Play,en,us,2026-04-17 17:55:05,2026-03-31
e6fc1609-5903-4522-b028-17b855449621,Bonke Befile,good app np😎👊,4,0,4.9.31-googleplay,4.9.31-googleplay,2026-04-02 01:35:29,"Thank you for your review! If you have suggestions on how the Chess.com app could improve, please share them with us. We aim for the app to earn a 5-star rating from you! You can submit feedback at: www.chess.com/support",2026-04-02 18:58:07,Chess.com,Google Play,en,us,2026-04-17 17:55:05,2026-03-31
7f456e7d-8cc5-4a1b-af12-75c3a702946c,Joel P. J,This is the best chess game that's available in Play Store. It have that much features that make us a pro.,4,0,4.9.31-googleplay,4.9.31-googleplay,2026-04-01 16:41:26,"Thanks for your review! If you have suggestions for us on how the Chess.com app could be better, please let us know. We want the app to be worthy of a 5-star rating to you! You can submit feedback at: www.chess.com/support",2026-04-02 00:15:08,Chess.com,Google Play,en,us,2026-04-17 17:55:05,2026-03-31
74038e74-5168-44d1-aded-8d1c1439ca9a,Devendra M,worst game of chess when I was moving other soldiers not,1,0,,,2026-04-01 14:46:40,"Sorry for the trouble! If a move is not permitted in your game, it may be because your King is under attack in a surprising way, or that moving your piece would expose the King to attack. For more help, visit: www.chess.com/support",2026-04-01 23:59:20,Chess.com,Google Play,en,us,2026-04-17 17:55:05,2026-03-31
c1659fa7-0069-44a7-9e28-b2660beaec30,Matin Ashraf,best chess game,5,0,,,2026-04-01 07:36:50,Thank you for selecting Chess.com!,2026-04-02 00:27:57,Chess.com,Google Play,en,us,2026-04-17 17:55:05,2026-03-31
919ea144-4b24-40d7-b0c7-54674eace36a,Forbes Chingono,best chess platform i have experienced so far,5,0,4.9.30-googleplay,4.9.30-googleplay,2026-04-01 01:05:59,Thank you for your 5-star rating! Enjoy playing great chess on Chess.com!,2026-04-02 19:05:19,Chess.com,Google Play,en,us,2026-04-17 17:55:05,2026-03-31
5aab425a-7939-47f8-aedd-3b4dcefb3851,Abhinav Jaiswal,"I would have given 5star,, if there was 5-10 game review per day and at least 1 lesson per day for free",3,65,4.9.21-googleplay,4.9.21-googleplay,2026-03-31 17:51:27,"Thank you for this feedback. We're considering potential adjustments to these limits in the future, as well as alternative membership options. In the meantime, make sure to sign up for the Diamond free trial to test out unlimited Game Review, Lessons, and Puzzles!",2026-03-31 19:28:53,Chess.com,Google Play,en,us,2026-04-17 17:55:05,2026-03-31
a62aab12-5e50-4b4f-91ee-29e5a08aec5c,John McG,the ai chess coach is utterly terrible,4,0,4.9.30-googleplay,4.9.30-googleplay,2026-03-31 14:23:41,If you have feedback for us or suggestions on how the Coach on the Chess.com app could be better please let us know. We want the app to be worth 5 stars for you!,2026-03-31 20:05:13,Chess.com,Google Play,en,us,2026-04-17 17:55:05,2026-03-31
2ca967d0-53c2-4ec5-9e2a-7746841a3215,Ryu Z.,Full screen 5 second ads every time you make a move.,1,1,4.9.31-googleplay,4.9.31-googleplay,2026-03-31 01:37:09,"We know ads aren't ideal, but they allow us to keep the game free, to innovate, and to create major chess events. You can always remove ads by signing up for any of our Premium plans. In fact, we just launched a super inexpensive No Ads Plan where you can remove all ads for just $1 a month! To sign up, visit: www.chess.com/membership/no-ads",2026-03-31 19:51:46,Chess.com,Google Play,en,us,2026-04-17 17:55:05,2026-03-31
1b1f286f-b8b8-442c-af77-7e055919cee2,Clinton Reid,I have been on here since 2014. Rarely miss a day.,5,0,4.9.31-googleplay,4.9.31-googleplay,2026-03-31 01:20:00,Thank you for your years of support for Chess.com. We greatly appreciate it!,2026-03-31 20:25:11,Chess.com,Google Play,en,us,2026-04-17 17:55:05,2026-03-31
88c670ce-a426-4cf1-b49e-123f7d1650fd,Luke B,It's over. I used to play this app every day. Full page ads for their OWN service. You KNOW it's not because of money if they are only advertizing themselves and their premium service. Because it's not sponsored! It's them interrupting you SPECIFICALLY to bother you into paying to remove their interruption. Which is actually disgusting. Then they lie and claim it's to keep it free. Like an abusive partner saying it's you're fault they are hitting you.,1,45,4.9.31-googleplay,4.9.31-googleplay,2026-03-30 22:25:53,"Thank you for this feedback. We've recently made updates to the app's interface, including updates to Game Review, Puzzles and Bots. However, we don't want you to misclick or use Game Reviews by accident! We'll look into this for the post-game display. If you'd like to try out unlimited Game Review, don't forget we offer a free trial!",2025-03-13 02:46:49,Chess.com,Google Play,en,us,2026-04-17 17:55:05,2026-03-24
25c95965-ea40-462d-bb63-501169cc45c6,Domonique Ellis,really good education chess app,5,0,4.9.30-googleplay,4.9.30-googleplay,2026-03-30 21:48:19,Thank you for your review. We are pleased that you are enjoying Chess.com!,2026-03-31 20:33:10,Chess.com,Google Play,en,us,2026-04-17 17:55:05,2026-03-24
052e41ca-710c-49bb-b08c-250631276236,Maciej Aleksander Fujawa,perfect game,5,0,4.9.31-googleplay,4.9.31-googleplay,2026-03-30 21:46:13,We appreciate that you are enjoying playing chess. Thank you for your review!,2026-03-31 20:21:56,Chess.com,Google Play,en,us,2026-04-17 17:55:05,2026-03-24
b83cbdcb-f0ac-4269-b5f6-73ff81aa2aeb,Md.Tanjim Hosain (Tanjim),"Best online platform for chess, learning & playing.",4,0,4.9.30-googleplay,4.9.30-googleplay,2026-03-30 17:19:55,"Thank you for your review! If you have suggestions on how the Chess.com app can improve, please share them with us. We aim for the app to be deserving of a 5-star rating from you! You can submit feedback at: www.chess.com/support",2026-03-31 20:16:22,Chess.com,Google Play,en,us,2026-04-17 17:55:05,2026-03-24
07af7d16-43b2-42bc-8adc-8f8bf9d904c8,Shailendra Singh,v.v.v.v.v.v.v good game,5,0,4.9.29-googleplay,4.9.29-googleplay,2026-03-30 09:23:40,Thank you for your review. We're pleased to have you on Chess.com!,2026-03-30 17:31:16,Chess.com,Google Play,en,us,2026-04-17 17:55:05,2026-03-24
01e8e63c-36da-414d-964a-8d696f5068e1,Jessie Castillo Moriente,Nice game in here so easy and awesome 😎,5,0,4.9.30-googleplay,4.9.30-googleplay,2026-03-30 07:46:31,Thank you for your 5-star rating! Enjoy playing excellent chess on Chess.com!,2026-03-30 17:31:15,Chess.com,Google Play,en,us,2026-04-17 17:55:05,2026-03-24
54c51254-2f78-439b-b61b-cb1bc3f2c6c7,Smaak Malik,Awesome but only thing it lacks is that it don't have a local multiplayer option,4,1,4.9.31-googleplay,4.9.31-googleplay,2026-03-30 06:02:21,This is available on the Chess.com app! Two people can play a local game of chess on the same device using the menu: Play>More>Play in Person. Please give it a try and let us know what you think!,2026-03-31 20:10:28,Chess.com,Google Play,en,us,2026-04-17 17:55:05,2026-03-24
bf660e02-8bc9-4c4e-9cf2-a11a8b926642,Aaron Harris,"Full of ads now. I'm not sure what changed but the last update has given me ads all the time. Opening it has an ad, moving a piece has another ad that's anywhere from 5-30 seconds long that you cannot skip. Its ridiculous.",3,1,4.9.30-googleplay,4.9.30-googleplay,2026-03-30 03:37:31,"We know ads aren't ideal, but they are what allow us to keep the game free, to innovate, and to create major chess events. You can always remove ads by signing up for any of our Premium plans. In fact, we just launched a No Ads Plan where you can remove all ads for a super low price! To sign up, visit: www.chess.com/membership/no-ads",2026-03-30 11:11:55,Chess.com,Google Play,en,us,2026-04-17 17:55:05,2026-03-24
befb51b1-f99e-491f-bdbc-1aaabb936226,Amber Sehar,I am playing it first time,5,0,4.9.30-googleplay,4.9.30-googleplay,2026-03-30 01:26:45,Thank you for your 5-star rating! Players like you make Chess.com possible!,2026-03-30 17:30:53,Chess.com,Google Play,en,us,2026-04-17 17:55:05,2026-03-24
8561fc4d-9c21-4468-8eee-1063f0de1d68,Deendayal Patel,best game for practice,5,0,4.9.29-googleplay,4.9.29-googleplay,2026-03-29 16:09:54,We're pleased you enjoy the Chess.com app. Thank you for your 5-star review!,2026-03-30 17:30:47,Chess.com,Google Play,en,us,2026-04-17 17:55:05,2026-03-24
dcd0fc1e-30e0-47ca-b59a-f232e05acc52,Heir Bassey,great chess game application 😁😁❤️❤️,4,0,4.9.29-googleplay,4.9.29-googleplay,2026-03-29 13:44:47,"Thank you for your review! If you have suggestions on how the Chess.com app can improve, please share them with us. We aim for the app to be worthy of a 5-star rating in your eyes! You can submit feedback at: www.chess.com/support",2026-03-30 16:20:26,Chess.com,Google Play,en,us,2026-04-17 17:55:05,2026-03-24
42f0f0f6-e5df-4b3a-a504-a86c8d3ae14a,Souvik Guha,"free lessons , practice games, puzzles to improve , review games, learning opportunities are endless. thank you developers.",5,0,4.9.30-googleplay,4.9.30-googleplay,2026-03-29 11:41:07,We're glad you're enjoying all the Chess.com app has to offer. Thank you for your review!,2026-03-30 17:39:54,Chess.com,Google Play,en,us,2026-04-17 17:55:05,2026-03-24
5b12108b-5995-4914-8099-05040ade5c11,Sujay,this is not just a game it increases your iq . this game multiplayer is fast than any other game 😍😍,5,0,,,2026-03-29 10:33:25,Chess is the gymnasium for the mind. Thanks for choosing Chess.com!,2026-03-30 17:38:57,Chess.com,Google Play,en,us,2026-04-17 17:55:05,2026-03-24
2305188f-1aa1-4ecf-8af4-a8e337903a01,Belal Hossain Suvro,very nice,5,0,,,2026-03-29 08:25:49,We're pleased to hear that you're enjoying playing chess. Thank you for your review!,2026-03-30 17:20:21,Chess.com,Google Play,en,us,2026-04-17 17:55:05,2026-03-24
944aa4e2-67ba-4cc8-b40e-a2e86b76f8fb,Rajasekaran Navaneethakrishnan,THE GOAT EXPERIENCE,5,0,4.9.30-googleplay,4.9.30-googleplay,2026-03-29 07:22:24,Thank you for sharing your enthusiasm for chess on Chess.com!,2026-03-30 17:21:21,Chess.com,Google Play,en,us,2026-04-17 17:55:05,2026-03-24
ca90d058-2d2e-434a-87d9-33a9efbfb8d7,Jayasudha P,improving our mind And critical thinking,5,0,4.9.30-googleplay,4.9.30-googleplay,2026-03-29 06:48:13,Chess is the gymnasium for the mind. Thank you for choosing Chess.com!,2026-03-30 17:30:25,Chess.com,Google Play,en,us,2026-04-17 17:55:05,2026-03-24
8482a346-11b1-401a-8a70-25d907d966b4,Karthikeya Reddy K V S,"bruh what is this app, i can easily beat a bot with at least elo 900, but while I'm playing with elo 300 players online I mean actual real human players, they are playing like elo 2000 , bruhhh",2,0,4.9.30-googleplay,4.9.30-googleplay,2026-03-29 04:15:35,"New players may need a few games to have their rating adjusted to the right level. However, if you feel someone is purposefully misrepresenting their rating, you can tap on their avatar and report it. We have both automated systems and devoted analysts that work to remove these accounts.",2026-03-30 18:49:21,Chess.com,Google Play,en,us,2026-04-17 17:55:05,2026-03-24
4ea8991e-78a3-40e4-923a-50a52931b2c7,Lone Wolf,Fun and enjoyable,5,0,4.9.30-googleplay,4.9.30-googleplay,2026-03-28 22:35:34,Thank you for expressing your enthusiasm for chess on Chess.com!,2026-03-30 17:20:02,Chess.com,Google Play,en,us,2026-04-17 17:55:05,2026-03-24
2bd551d0-565d-494d-80bd-c6cdff50c990,Durga Prasad,very very very very good,5,0,,,2026-03-28 17:52:25,We are pleased you enjoy the Chess.com app. Thank you for your 5-star review!,2026-03-30 17:30:11,Chess.com,Google Play,en,us,2026-04-17 17:55:05,2026-03-24
e413bcb8-5dee-46d4-8752-15584f6eed46,bob bob,love this game never gets boring,5,0,4.9.30-googleplay,4.9.30-googleplay,2026-03-28 13:59:24,We’re pleased to hear you’re enjoying chess. Thank you for your review!,2026-03-30 17:29:57,Chess.com,Google Play,en,us,2026-04-17 17:55:05,2026-03-24
cb0109c2-dcbe-4bd2-a5d0-1dfcb9be5413,ramireddy onteddu,a very great game for chess must try trust me,5,0,4.9.29-googleplay,4.9.29-googleplay,2026-03-28 12:51:31,We're pleased you enjoy the Chess.com app. Thank you for your 5-star review!,2026-03-30 17:29:54,Chess.com,Google Play,en,us,2026-04-17 17:55:05,2026-03-24
e61cd796-4d55-482c-b7bc-645a017f62fa,Koushik Sarkar,good app for chess,4,0,4.9.29-googleplay,4.9.29-googleplay,2026-03-28 11:44:50,"Thank you for your review! If you have suggestions on how the Chess.com app could improve, please share them with us. We aim for the app to earn a 5-star rating from you! You can submit feedback at: www.chess.com/support",2026-03-30 16:20:16,Chess.com,Google Play,en,us,2026-04-17 17:55:05,2026-03-24
7c0590e0-5365-41b3-a5b8-2ee6241f8271,Lamborghini Sian,Excellent,5,0,4.9.30-googleplay,4.9.30-googleplay,2026-03-28 08:36:04,Thank you for your 5-star rating! Players like you make Chess.com possible!,2026-03-30 17:14:57,Chess.com,Google Play,en,us,2026-04-17 17:55:05,2026-03-24
93204921-ff9a-4aef-8c51-4d9ba53939ad,Ganesh Palanivel,great way to learn chess,5,0,4.9.25-googleplay,4.9.25-googleplay,2026-03-28 04:19:57,Thank you for your review. We're happy to have you on Chess.com!,2026-03-30 17:29:38,Chess.com,Google Play,en,us,2026-04-17 17:55:05,2026-03-24
f11d1eca-f692-491d-a5dc-144a451932c5,Simon Turrell,app was fine. changed terms steered me to closing my account. no refund and complete stonewalling ai. really poor behaviour. The response given to original review just leads to same brick wall. mark off for that.,1,0,4.5.15-googleplay,4.5.15-googleplay,2026-03-27 21:19:35,"Sorry for the difficulties! Please submit a refund request in the Support chat by visiting: www.chess.com/support. In the chat, click on ""Get Started"", then click on ""Get more help"". Next search: ""Refund"". After the AI's response, click the button to confirm submission of your request. We'll respond as soon as possible!",2026-03-26 22:30:38,Chess.com,Google Play,en,us,2026-04-17 17:55:05,2026-03-24
d5c664a0-8e51-4c88-b479-cebe265f3187,Hadi Asim,It is such a great app i recommend it to everyone,5,0,,,2026-03-26 14:50:31,Thank you for your review. We're pleased to have you with us on Chess.com!,2026-03-26 23:22:31,Chess.com,Google Play,en,us,2026-04-17 17:55:05,2026-03-24
10be8e9a-1a32-4b06-bb3b-85b4339b51b4,David Kozuha,Best chess app period!,5,0,4.9.30-googleplay,4.9.30-googleplay,2026-03-26 02:59:33,Thank you for your 5-star rating! Players like you make Chess.com possible!,2026-03-26 23:22:25,Chess.com,Google Play,en,us,2026-04-17 17:55:05,2026-03-24
78c41786-cd84-426c-b8e4-d63f36a61fb7,Frank Ricciardi,my daily chess fix. thanks,5,0,4.9.29-googleplay,4.9.29-googleplay,2026-03-26 02:54:48,Your support is invaluable to us. Thank you for being a part of Chess.com!,2026-03-26 23:28:25,Chess.com,Google Play,en,us,2026-04-17 17:55:05,2026-03-24
97ae42c0-3e1a-4adf-a620-ab7e2a0b4ba3,D.Pranay Reddy,This is the best chess app that there is out there.,5,0,4.9.29-googleplay,4.9.29-googleplay,2026-03-25 15:47:58,Thank you for your 5-star rating! Players like you make Chess.com possible!,2026-03-25 17:35:18,Chess.com,Google Play,en,us,2026-04-17 17:55:05,2026-03-24
5a1dc47c-13c8-4b6f-938e-1205d622838e,Piyush Dhruw,good 👍,4,0,4.9.23-googleplay,4.9.23-googleplay,2026-03-25 14:45:46,"Thank you for your review! If you have suggestions for improving the Chess.com app, please share them with us. We aim for the app to earn a 5-star rating from you! You can submit feedback at: www.chess.com/support",2026-03-25 17:11:47,Chess.com,Google Play,en,us,2026-04-17 17:55:05,2026-03-24
071d96dd-8bf4-4af7-8819-48c420dc32dd,Nick Balter,best offline time braker,5,0,4.9.29-googleplay,4.9.29-googleplay,2026-03-25 12:11:53,Takk for din 5-stjerners vurdering! Spillere som deg gjør Chess.com mulig!,2026-03-25 17:34:46,Chess.com,Google Play,en,us,2026-04-17 17:55:05,2026-03-24
5ba9086d-1ab9-4d68-a9e5-8d44fb4a62f7,Cameron Stewart,"it's chess. needs less paid features and ads, but otherwise it is chess",4,0,4.9.29-googleplay,4.9.29-googleplay,2026-03-25 06:00:30,"Thank you for your feedback. We believe we have the best chess training tools available, which sets Chess.com apart! If you're interested in video lessons created by masters of the game, thousands of puzzles, and personalized game analysis, we offer a free trial, along with three membership options at annual or monthly rates.",2026-03-25 17:11:41,Chess.com,Google Play,en,us,2026-04-17 17:55:05,2026-03-24
f035b2b6-33bb-47b4-b4fa-00f1e6cf2f3e,Arjun Sutradhar,Playing chess is very good for keeping the mind sharp. Patience increases strength. Gives the ability to work thoughtfully.,5,0,4.9.23-googleplay,4.9.23-googleplay,2026-03-24 16:30:29,Chess is the gymnasium for the mind. Thanks for choosing Chess.com!,2026-03-24 19:22:45,Chess.com,Google Play,en,us,2026-04-17 17:55:05,2026-03-24
d9a2c91e-09cd-47d4-968d-93e98fd9ba02,Fana Kabinde,"Great app, wished they had an offline 2 player mode on the local app though",4,1,4.9.29-googleplay,4.9.29-googleplay,2026-03-24 10:51:00,This is available on the Chess.com app! Two people can play a local game of chess on the same device using the menu: Play>More>Play in Person. Please give it a try and let us know what you think!,2026-03-24 18:18:23,Chess.com,Google Play,en,us,2026-04-17 17:55:05,2026-03-24
40695ebe-e56f-42b1-a2b3-19ebac2cb445,Lynn Htet Aung,so cool,5,0,4.9.29-googleplay,4.9.29-googleplay,2026-03-24 07:53:49,Thank you for sharing your enthusiasm for chess on Chess.com!,2026-03-24 17:44:35,Chess.com,Google Play,en,us,2026-04-17 17:55:05,2026-03-24
32623535-3a0e-47db-b1a0-ed2cb0595b65,Simply Dost,A good game to meliolite your Mind and foster a holistic development,4,0,4.9.29-googleplay,4.9.29-googleplay,2026-03-24 06:36:21,Chess is the gymnasium for the mind. If you have feedback for us or suggestions on how the Chess.com app could be better please let us know. We want the app to be worth 5 stars for you!,2026-03-24 18:31:24,Chess.com,Google Play,en,us,2026-04-17 17:55:05,2026-03-24
9ac05a77-3685-4653-973b-e8b39406a4b5,Mahendra Patel,clean and smooth experience,5,0,4.9.29-googleplay,4.9.29-googleplay,2026-03-24 04:55:47,We're pleased you're enjoying playing chess. Thank you for your review!,2026-03-24 17:45:27,Chess.com,Google Play,en,us,2026-04-17 17:55:05,2026-03-24
1e254951-0568-4570-a482-a6bd3cc87dd6,Xzian Herrera,good game for every level especially it's easy to identify pieces better than other apps,5,0,4.9.29-googleplay,4.9.29-googleplay,2026-03-24 04:22:32,Thank you for your review. We're pleased to hear you're enjoying Chess.com!,2026-03-24 19:25:21,Chess.com,Google Play,en,us,2026-04-17 17:55:05,2026-03-24
2a893b22-c453-4fc3-a25f-7cacf236ea56,Ojonegon Ebenezer,Very good 🎯🎯,4,0,4.9.29-googleplay,4.9.29-googleplay,2026-03-23 12:33:21,"Thank you for your review! If you have suggestions on how the Chess.com app could improve, please let us know. We aim for the app to deserve a 5-star rating from you! You can submit feedback at: www.chess.com/support",2026-03-23 18:56:38,Chess.com,Google Play,en,us,2026-04-17 17:55:05,2026-03-17
5200b859-04ba-4a58-b7ed-aa6fe761ef3b,Spidey Boy,no words 😭,5,0,4.9.25-googleplay,4.9.25-googleplay,2026-03-23 08:45:56,We're happy to hear you're enjoying playing chess. Thank you for your review!,2026-03-23 19:19:21,Chess.com,Google Play,en,us,2026-04-17 17:55:05,2026-03-17
00e57002-fd8b-45b7-b24a-8a29288e2d75,Sanjay Sds,playing bcoz of goofygen bcoz he only started using to play chess,5,0,,,2026-03-23 06:10:27,It's great to see you're discovering chess thanks to this popular streamer. We're glad to have you on Chess.com!,2026-03-24 18:38:58,Chess.com,Google Play,en,us,2026-04-17 17:55:05,2026-03-17
addbb2bd-609c-41f5-8f3d-c62aff3e8009,Anbazhagan Jayaraman,very good application for learning and playing chess. Most of the professional players prefer this app for their encouragement.,5,0,,,2026-03-23 04:42:28,We're glad you're enjoying playing chess and improving your skills on Chess.com!,2026-03-24 19:17:06,Chess.com,Google Play,en,us,2026-04-17 17:55:05,2026-03-17
dbfe6e12-295d-4625-a7cd-de274a042b95,Caleb New,money💰,3,0,4.9.29-googleplay,4.9.29-googleplay,2026-03-23 01:09:29,"Thank you for your feedback. We are considering potential changes to free access and other membership options. In the meantime, please remember to sign up for the Diamond free trial to enjoy unlimited Game Review, Lessons, and Puzzles!",2026-03-23 18:29:37,Chess.com,Google Play,en,us,2026-04-17 17:55:05,2026-03-17
55bfbbd2-e3b6-483d-8da1-d9d311657e76,juana rangel,A very fun way to learn chess thanks Levy,5,0,,,2026-03-22 20:17:09,Thank you for your 5-star rating! Players like you make Chess.com possible!,2026-03-23 19:44:37,Chess.com,Google Play,en,us,2026-04-17 17:55:05,2026-03-17
d8c62f95-110e-4320-bfd9-049902d29991,Amr Said,greatest chess app,5,0,4.9.29-googleplay,4.9.29-googleplay,2026-03-22 18:20:03,Thank you for your 5-star rating! Players like you make Chess.com possible!,2026-03-23 19:27:23,Chess.com,Google Play,en,us,2026-04-17 17:55:05,2026-03-17
d609400f-fe17-4ae4-bc1d-dc716d71e961,Watermelon Dude,it's too expensive,3,0,4.9.29-googleplay,4.9.29-googleplay,2026-03-22 13:27:31,"Thank you for this feedback. If you're interested in Premium membership, we offer three different membership plans at both annual or monthly rates, so there is an option for every budget. To test out the amazing training features like video Lessons and Game Review, don't forget we offer a free trial!",2026-03-23 17:55:16,Chess.com,Google Play,en,us,2026-04-17 17:55:05,2026-03-17
f8cdad1a-fcd1-4f03-8a14-3fa8e0046f0c,Kiruthika Sureshkumar,good but can be free gaming,3,0,4.9.23-googleplay,4.9.23-googleplay,2026-03-21 12:55:45,"Thank you for your feedback. On Chess.com, you can enjoy unlimited chess games with players worldwide, and that will always be free! If you're interested in improving your chess skills with Premium, we offer a free trial along with monthly or annual plans at three membership tiers.",2026-03-23 18:28:59,Chess.com,Google Play,en,us,2026-04-17 17:55:05,2026-03-17
123c4995-5d18-4e2d-903a-842813c0fe71,LIBOR'S CHANNEL,I can win,5,0,,,2026-03-21 10:01:44,Thank you for your 5-star rating! Players like you make Chess.com possible!,2026-03-23 19:18:15,Chess.com,Google Play,en,us,2026-04-17 17:55:05,2026-03-17
88c138b7-aad8-4b91-891e-a1bd45adc587,Vijay Kumar Sharma,"very bad experiance cheaters , random kickout of games and no respond form the team .",1,1,4.5.12-googleplay,4.5.12-googleplay,2026-03-21 07:32:42,"Fairness in the game is a top priority for us. We have allocated significant resources to cheat detection and have a specialized Fair Play Team of researchers and analysts. For help resolving crashing or disconnection in games, please visit: www.chess.com/support",2026-03-23 18:21:21,Chess.com,Google Play,en,us,2026-04-17 17:55:05,2026-03-17
27c3430b-3116-4218-9727-83b8d7f2ca23,Sangeetha Selvaraj,it's very good,5,0,,,2026-03-21 07:12:27,Thank you for your review. We're pleased that you are enjoying Chess.com!,2026-03-23 19:18:09,Chess.com,Google Play,en,us,2026-04-17 17:55:05,2026-03-17
f0b84b12-2821-4f8c-a079-92af2ad0fea4,Anil Khond,in 1 min match network can't work proper,1,1,4.9.29-googleplay,4.9.29-googleplay,2026-03-21 07:08:25,"We value your feedback! Our team is currently making important server upgrades to enhance connectivity for players worldwide. For more information and tips on optimizing your device and network, please visit: www.chess.com/support",2026-03-23 18:28:56,Chess.com,Google Play,en,us,2026-04-17 17:55:05,2026-03-17
6c1631e8-5290-4974-99e6-cbe9aa079b1b,Md Afiyan Khan,Best game,5,0,4.9.29-googleplay,4.9.29-googleplay,2026-03-21 01:11:32,Thank you for sharing your passion for chess on Chess.com!,2026-03-23 19:17:59,Chess.com,Google Play,en,us,2026-04-17 17:55:05,2026-03-17
8f796e73-ea62-439c-bd7a-04db2377135d,Omar imad abbas,"i hate this idea, when its an opponent's turn you get logged off automatically. fix this!",1,0,4.9.27-googleplay,4.9.27-googleplay,2026-03-20 20:17:28,"Sorry for the difficulties! If the crashing continues even after deleting and reinstalling the app, please submit a quick bug report at: www.chess.com/support. We'll review it and work to resolve any error as soon as possible!",2026-03-24 17:51:50,Chess.com,Google Play,en,us,2026-04-17 17:55:05,2026-03-17
8061f918-810c-4ef0-8341-e3d2a672941c,Supriya,"instructions Good, custom position, different timings",4,0,4.9.29-googleplay,4.9.29-googleplay,2026-03-20 18:20:58,"Thank you for your review! If you have suggestions on how the Chess.com app could improve, please let us know. We aim for the app to be deserving of a 5-star rating from you! You can submit feedback at: www.chess.com/support",2026-03-23 18:56:00,Chess.com,Google Play,en,us,2026-04-17 17:55:05,2026-03-17
8f976159-a636-4539-be37-c9990badac2b,Harrison Moss,amazing,5,0,4.9.29-googleplay,4.9.29-googleplay,2026-03-20 18:06:45,Thank you for your review. We're pleased to hear that you're enjoying Chess.com!,2026-03-23 19:03:43,Chess.com,Google Play,en,us,2026-04-17 17:55:05,2026-03-17
5609bd0c-1d48-418f-b80b-1c1f5badccc8,Raja Guru Murugan,good for peace,5,0,4.9.27-googleplay,4.9.27-googleplay,2026-03-20 16:05:13,Thank you for your review. We are pleased to have you on Chess.com!,2026-03-23 19:18:23,Chess.com,Google Play,en,us,2026-04-17 17:55:05,2026-03-17
5229a029-dff5-4abe-a111-8a5070d7445e,Matthew Murano,"Like crack, but good for you.",5,0,4.9.29-googleplay,4.9.29-googleplay,2026-03-20 14:43:03,,,Chess.com,Google Play,en,us,2026-04-17 17:55:05,2026-03-17
cb2e7384-f7e6-41c8-a5d4-494ee8da6b98,Jy Hayman,Epic for building chess skills and destroying other online players,5,0,4.9.29-googleplay,4.9.29-googleplay,2026-03-20 12:59:51,Thanks for an awesome review. We're glad you're enjoying Chess.com!,2026-03-20 16:46:54,Chess.com,Google Play,en,us,2026-04-17 17:55:05,2026-03-17
97e1d6a9-6b0c-4ba4-a755-e0f890ecb7da,Ragini Dayal,wonderful game I really like this game,4,0,,,2026-03-20 10:38:14,"Thank you for your feedback! If you have any suggestions for improving the Chess.com app, we’d love to hear them. Our aim is to make the app worthy of a 5-star rating! You can share your thoughts at: www.chess.com/support",2026-03-20 16:39:19,Chess.com,Google Play,en,us,2026-04-17 17:55:05,2026-03-17
7e8d3db9-b74a-40c5-a43e-c1e2e2bf70c6,Dimas X1z,Big W user interface update,5,0,4.9.29-googleplay,4.9.29-googleplay,2026-03-20 07:06:50,Thank you for your positive feedback on the Chess.com app. We appreciate the 5-star rating!,2026-03-20 16:51:07,Chess.com,Google Play,en,us,2026-04-17 17:55:05,2026-03-17
3ed0a3b2-eb52-4061-baa9-7d94c07aa300,Sally Farmer,trys to charge again after you have already paid,1,0,4.9.29-googleplay,4.9.29-googleplay,2026-03-20 06:02:32,"Sorry for the difficulties! If your membership seems to have been erroneously billed twice, we'll help you receive a refund as soon as possible. Please visit this link for assistance: www.chess.com/support",2026-03-20 16:27:54,Chess.com,Google Play,en,us,2026-04-17 17:55:05,2026-03-17
16072a4e-448a-41cc-aa17-6498bd11f23e,Shalu pat82,you all have replied my review and also said to add more games so i edited my review an now gave 5 stars to the best app of chess.thanks to give time to my previous review.😁😁,5,0,4.9.29-googleplay,4.9.29-googleplay,2026-03-19 10:02:52,Thank you for this feedback. We'll look into adding these hyperbullet and ultrabullet options on the app in the future.,2026-03-18 17:50:00,Chess.com,Google Play,en,us,2026-04-17 17:55:05,2026-03-17
2ec4979a-3630-4029-82a8-ce14589e9b5a,Vineetkumar Patil,Pathetic connection issues while playing Bullet games in tournaments !!,1,2,4.9.29-googleplay,4.9.29-googleplay,2026-03-18 15:21:47,,,Chess.com,Google Play,en,us,2026-04-17 17:55:05,2026-03-17
297c370f-c7cc-427d-b4c3-c8efbfe5cda6,Minakshi Phukan,very good👍,5,0,4.9.22-googleplay,4.9.22-googleplay,2026-03-18 13:17:41,We appreciate your positive feedback! Thank you for your support!,2026-03-18 18:06:35,Chess.com,Google Play,en,us,2026-04-17 17:55:05,2026-03-17
1e5d4d39-ca8d-456f-acaa-b95c6456346c,Kalai Selvaa,nice.....,4,0,4.9.29-googleplay,4.9.29-googleplay,2026-03-18 12:58:50,"Thanks for your review! If you have suggestions for us on how the Chess.com app could be better, please let us know. We want the app to be worthy of a 5-star rating to you! You can submit feedback at: www.chess.com/support",2026-03-18 17:52:07,Chess.com,Google Play,en,us,2026-04-17 17:55:05,2026-03-17
5bd98cce-5833-43be-a1ef-a923c491e471,RJ OPTC24,Shuts down on me at least once a day. I get kicked out of my games way too many times. Issuse still exist. Noticed when playing in ranked games under time constriction opponent always get additional time when they are under thirty seconds. Should have won multiply games or at least drawn some but the opponent miraculous gets a whole second back when they make move and there isn't any additional time for making moves. Again only when game is in the last few seconds does the app reward them.,1,3,4.9.29-googleplay,4.9.29-googleplay,2026-03-18 07:06:08,"Sorry for the difficulties! A game may end early if a disconnection occurs, and latency can cause timer issues. If that's happening frequently, please try deleting and reinstalling the app, as well as confirming the stability of the Wifi or data connection. For further assistance, visit: www.chess.com/support",2026-03-19 18:33:00,Chess.com,Google Play,en,us,2026-04-17 17:55:05,2026-03-17
44bfa68b-0d84-42e6-9835-e3c9c9d4edaf,Adwait Chilgarwar,"In this app you can play and learn lesson , see unlimited rewiew and also play with your friends I love this app",5,0,,,2026-03-17 19:04:57,We're glad you're enjoying playing chess with friends and honing your skills. Thanks for choosing Chess.com!,2026-03-18 21:01:11,Chess.com,Google Play,en,us,2026-04-17 17:55:05,2026-03-17
cae1ca02-dd9e-4a66-b7b1-640ddb002782,Suresh Kumar Aacharya,i love chess,5,0,4.9.24-googleplay,4.9.24-googleplay,2026-03-17 18:16:29,We're delighted to hear how much you enjoy the game!,2026-03-18 18:05:21,Chess.com,Google Play,en,us,2026-04-17 17:55:05,2026-03-17
96a00e56-187a-43b6-a6f8-cf3413434b1b,tom fish,pass Ponce might not be available,5,0,4.9.29-googleplay,4.9.29-googleplay,2026-03-17 16:44:14,"We're glad you like the Chess.com app. Thank you for your 5 star review! If you need help with anything , please visit: www.chess.com/support",2026-03-18 21:07:05,Chess.com,Google Play,en,us,2026-04-17 17:55:05,2026-03-17
ed4e4f3c-13d5-4290-abb6-0e61484de64a,Bruce Odera,Good but a bit laggy,4,0,4.9.25-googleplay,4.9.25-googleplay,2026-03-17 09:13:05,"Sorry for the trouble! We're constantly working on server optimizations to offer stable connectivity for players around the world. Please try deleting and reinstalling the app, and you can visit this link for further assistance: www.chess.com/support",2026-03-17 16:55:45,Chess.com,Google Play,en,us,2026-04-17 17:55:05,2026-03-17
b169d74d-b705-4c03-9dac-d7b3e4c706b6,Kawtar,I play it when im free and its so fun Ps. I like donuts,5,0,4.9.27-googleplay,4.9.27-googleplay,2026-03-17 04:43:46,"We're glad you're having fun playing chess, and donuts are great too. Thanks for choosing Chess.com!",2026-03-17 11:21:11,Chess.com,Google Play,en,us,2026-04-17 17:55:05,2026-03-17
0a658d3e-09c5-4ba8-adca-ac09119698e2,Hameeda Bee,i lick the training,5,0,4.9.25-googleplay,4.9.25-googleplay,2026-03-16 07:03:32,We're glad you're having fun learning chess. Thanks for choosing Chess.com!,2026-03-17 10:57:37,Chess.com,Google Play,en,us,2026-04-17 17:55:05,2026-03-10
4ff4129a-09e9-4c43-8768-5dc72f361c4d,Mark Gaskin,very buggy unfortunately. the one important feature (moving pieces) is unreliable and prone to just eating input. And the pixel swipe back functionality just auto-resigned a game for me!,1,1,4.9.27-googleplay,4.9.27-googleplay,2026-03-15 21:42:12,"Sorry for the difficulties! Please try deleting and reinstalling the app, and for further assistance you can contact us at: www.chess.com/support",2026-03-15 23:30:33,Chess.com,Google Play,en,us,2026-04-17 17:55:05,2026-03-10
36411b68-83d0-4726-ab55-55c50458026c,Chanda Kaputa,it's a wonderful 👍 and fascinating 😎 game I love this app,5,0,4.9.27-googleplay,4.9.27-googleplay,2026-03-15 10:40:20,We appreciate your enthusiasm and are glad you love it!,2026-03-17 11:24:02,Chess.com,Google Play,en,us,2026-04-17 17:55:05,2026-03-10
7c8b538a-ad8a-423a-acbd-1f3fcb750cdd,Fahmi,don't pair me with like 1000 ELO people pls,4,0,4.9.27-googleplay,4.9.27-googleplay,2026-03-15 05:58:13,Sorry for the difficulties! You can filter games by opponent rating using the menu: Play > More > Custom game. Your rating filter will take effect for all your future games.,2026-03-16 18:57:57,Chess.com,Google Play,en,us,2026-04-17 17:55:05,2026-03-10
25de8eff-ec5d-4371-adc3-ae74d0038d0e,Lwandiso Zwane,"amazing, recommend 💯",5,0,4.9.27-googleplay,4.9.27-googleplay,2026-03-14 20:35:16,We appreciate your amazing feedback and strong recommendation!,2026-03-17 11:01:38,Chess.com,Google Play,en,us,2026-04-17 17:55:05,2026-03-10
f0a62bdf-e195-4305-8a8a-5cbe4b4344a9,Al X,good funny multyplayer,5,0,4.9.27-googleplay,4.9.27-googleplay,2026-03-14 20:33:50,We're glad you find it entertaining and enjoyable!,2026-03-17 11:02:59,Chess.com,Google Play,en,us,2026-04-17 17:55:05,2026-03-10
9b65fbe7-57cc-485c-83af-5ed80380183e,Ivanov _yo14,great 🤍,5,0,4.9.27-googleplay,4.9.27-googleplay,2026-03-14 14:37:28,We appreciate your positive feedback! Thank you!,2026-03-16 19:34:29,Chess.com,Google Play,en,us,2026-04-17 17:55:05,2026-03-10
f1ed6417-7985-413f-b5aa-ffbe7e107856,The Allseer,very biased and unfair... i always have the low time whether I'm on good internet speed or not... I have played since many times but this update is making the game worse for the bullet players...,1,0,4.9.27-googleplay,4.9.27-googleplay,2026-03-14 14:30:40,"Sorry for the trouble! We're constantly working on server optimizations to offer stable connectivity for players around the world. Please try deleting and reinstalling the app, and you can visit this link for further assistance: www.chess.com/support",2026-03-14 18:13:36,Chess.com,Google Play,en,us,2026-04-17 17:55:05,2026-03-10
4c390edb-e8ac-41a9-8ee0-743a7a40750d,U M Semalaiappan,not bad,5,0,4.9.27-googleplay,4.9.27-googleplay,2026-03-14 12:04:18,We appreciate your feedback and are glad you think so!,2026-03-16 19:35:29,Chess.com,Google Play,en,us,2026-04-17 17:55:05,2026-03-10
b3492740-6552-421c-918e-9e81599b7c6a,Jeannie,great app,5,0,,,2026-03-14 09:56:47,We're happy to hear you love it! Thank you for your support!,2026-03-17 10:50:49,Chess.com,Google Play,en,us,2026-04-17 17:55:05,2026-03-10
b6735cf3-6347-475f-a1e3-3f41a30fe281,Sudhanva KM,worst user interface I've seen in a chess game,1,0,,,2026-03-13 21:29:13,"Sorry to hear the interface doesn't fit well for you. If you have suggestions for us on how the Chess.com app could be better, please let us know. You can submit feedback at: www.chess.com/support",2026-03-14 18:48:10,Chess.com,Google Play,en,us,2026-04-17 17:55:05,2026-03-10
dc6f7d78-4a06-47b5-933e-92482e8f0e17,Subhashree Rath,this app helped me in getting better in chess,5,0,4.9.27-googleplay,4.9.27-googleplay,2026-03-13 19:12:37,We're delighted to hear that you've improved in chess! Thank you for sharing your experience.,2026-03-13 20:25:38,Chess.com,Google Play,en,us,2026-04-17 17:55:05,2026-03-10
fab281ea-383d-43aa-8bb4-39eda92d90b1,Rubi Kumari,very good app shreyansh !,5,0,4.9.25-googleplay,4.9.25-googleplay,2026-03-13 16:53:53,We're grateful for your great feedback and support!,2026-03-17 11:01:49,Chess.com,Google Play,en,us,2026-04-17 17:55:05,2026-03-10
c93553cf-c547-4be6-bc93-a3e63bb62bae,Suvi Mboloi,"smooth app, best game",5,0,,,2026-03-13 09:05:22,We appreciate your kind words and are glad you're enjoying the game!,2026-03-13 20:25:07,Chess.com,Google Play,en,us,2026-04-17 17:55:05,2026-03-10
924d46c0-8f57-4b14-a5a3-effe042717cf,Mani Manikandan,nice game,5,0,,,2026-03-12 10:57:38,We're glad you enjoy it! Thank you for your support!,2026-03-13 00:12:13,Chess.com,Google Play,en,us,2026-04-17 17:55:05,2026-03-10
23da004f-947c-4efc-b5fb-93024d01bc16,Sonu Rajput,why it is so useful? because of this game increasing the mind power and decision making and both using of brain combination and using strategy and ideas how to use in which position chess is a complex game but useful for daily life,5,0,4.9.15-googleplay,4.9.15-googleplay,2026-03-12 03:27:08,Chess is the gymnasium for the mind. Thanks for choosing Chess.com!,2026-03-13 00:20:34,Chess.com,Google Play,en,us,2026-04-17 17:55:05,2026-03-10
6c057ee2-db25-4955-948f-1223fa6c7fc9,Pieter van Heerden,The greatest Chess app in the world.,5,0,4.9.27-googleplay,4.9.27-googleplay,2026-03-10 23:12:49,We appreciate your awesome feedback! Thank you for your support.,2026-03-11 21:45:24,Chess.com,Google Play,en,us,2026-04-17 17:55:05,2026-03-10
02e09e6b-db28-4f70-a05d-e8fd2ca4a277,SARTHAK SRIVASTAVA,it hurts when u lose on time 😔,4,0,4.9.17-googleplay,4.9.17-googleplay,2026-03-10 20:51:03,"It's never fun to lose on time! To focus more on the chess and less on the clock, you can choose a longer game duration. After tapping on the Play button on the app's homepage, simply tap on the game duration already displayed above the Start Game button, which will display the other duration options.",2026-03-11 18:44:16,Chess.com,Google Play,en,us,2026-04-17 17:55:05,2026-03-10
f0148e59-169a-4d27-b3ad-abae3851bd20,Ashish Sharma,app is good it is excellent,2,0,,,2026-03-10 18:15:04,We're glad you like the Chess.com app! Would you consider giving us 5 stars? We appreciate your support!,2026-03-11 18:26:21,Chess.com,Google Play,en,us,2026-04-17 17:55:05,2026-03-10
12a43f03-b184-4514-bcf7-6113bed71b53,Hazmathul Fathhi,I ❤️ it.,5,0,4.9.25-googleplay,4.9.25-googleplay,2026-03-10 12:29:56,We appreciate your love for the game! Enjoy playing!,2026-03-11 19:02:55,Chess.com,Google Play,en,us,2026-04-17 17:55:05,2026-03-10
66b177b0-cbde-4b5b-adbb-5aaa0a55a8dd,Almeldeen Osman,amazing game!,5,0,4.9.25-googleplay,4.9.25-googleplay,2026-03-10 12:16:11,We're delighted to hear you think so! Thank you for your kind words!,2026-03-11 19:02:09,Chess.com,Google Play,en,us,2026-04-17 17:55:05,2026-03-10
effc2983-b725-4054-b571-1e4d4e377c14,Paresh Modak,very very good game,5,0,4.9.22-googleplay,4.9.22-googleplay,2026-03-10 03:43:14,We appreciate your enthusiasm and love for the game!,2026-03-11 21:44:43,Chess.com,Google Play,en,us,2026-04-17 17:55:05,2026-03-10
af06eda0-6e17-4a29-ae00-2c8b762c008a,Θάνος Κωνσταντάς,A very fun game when Ur bored! Total masterpiece!,5,0,4.9.25-googleplay,4.9.25-googleplay,2026-03-09 23:06:01,We truly appreciate your kind words and are glad you're enjoying the game!,2026-03-10 00:20:45,Chess.com,Google Play,en,us,2026-04-17 17:55:05,2026-03-03
55ed2dac-39b4-47f6-ac65-cfcc0894fb0a,Hassan,its very very goooooood very goooooood,5,0,,,2026-03-09 14:53:28,We appreciate your enthusiastic feedback and are glad you enjoy the game!,2026-03-10 00:07:29,Chess.com,Google Play,en,us,2026-04-17 17:55:05,2026-03-03
7d7b99b9-da98-46c0-b613-c17d439c23af,Parbhat Mohla,good to play chess world wide,5,0,4.9.25-googleplay,4.9.25-googleplay,2026-03-09 09:15:19,We're glad you're enjoying playing chess with other players around the world on Chess.com. Thank you for your review!,2026-03-09 13:16:16,Chess.com,Google Play,en,us,2026-04-17 17:55:05,2026-03-03
92708239-1aff-4a8a-83fd-41e91cc2d508,Najwa Kurdi,very good,5,0,4.9.25-googleplay,4.9.25-googleplay,2026-03-08 21:47:30,We appreciate your feedback and are glad you’re enjoying it!,2026-03-09 23:59:57,Chess.com,Google Play,en,us,2026-04-17 17:55:05,2026-03-03
d80af4c9-057b-4df3-95a2-f111a58af043,Hassan Abbas,"I'm giving it a 4 star because network might be an issue even when internet works it 100%. please Instead of auto resign add ""waiting for connection"" that will be 5☆☆☆☆☆",4,0,,,2026-03-08 19:35:27,"Sorry about that! One's device, region and internet or wireless service provider can impact connection during games, leading to lag and freezing. Please try deleting and reinstalling the app, as well as confirming your network connection. If that doesn't resolve these issues, please visit www.chess.com/support for assistance!",2026-03-08 23:49:03,Chess.com,Google Play,en,us,2026-04-17 17:55:05,2026-03-03
3382828a-7f8d-4dac-a111-8dc8eb0ee60a,NIKHIL TOMAR,The experience is very bad as when you already have made your move still your time get reducing and literally I have lost about 15+ games due to unnecessary time deduction even after I have moved my pawn. it's very disappointing. kindly please fix this bug.,1,0,,,2026-03-08 09:23:51,"Players aren't able to manipulate the game timer, but latency can cause this issue. On our end, we're constantly working on optimizations in server connectivity, and you can visit this link for useful steps to optimize device connection: www.chess.com/support",2026-03-08 16:40:21,Chess.com,Google Play,en,us,2026-04-17 17:55:05,2026-03-03
c61474be-440d-4e87-b339-0312df9abf50,Janani Palanivel,bro this app is awesome to learn and play online chess👌👌👌,5,0,4.9.25-googleplay,4.9.25-googleplay,2026-03-07 14:46:56,We appreciate your enthusiasm and are glad you're enjoying learning and playing online!,2026-03-10 00:19:42,Chess.com,Google Play,en,us,2026-04-17 17:55:05,2026-03-03
11f2cee4-2027-4526-afb9-5ad927fd78ed,#RYTP&Morty,Great app... keep the servers running... 🏃‍♂️ 🏃‍♀️ 🏃,5,0,4.9.27-googleplay,4.9.27-googleplay,2026-03-07 03:51:10,We're grateful for your positive feedback and enthusiasm!,2026-03-10 00:20:48,Chess.com,Google Play,en,us,2026-04-17 17:55:05,2026-03-03
c1739ab5-47da-4886-a9cd-0809e2df2810,Arkharega Paramesta Ahmad,wow very good chess game it's make iq people go higher because of chess,5,0,4.9.25-googleplay,4.9.25-googleplay,2026-03-07 00:51:47,We appreciate your kind words and enthusiasm! Enjoy playing!,2026-03-06 16:35:51,Chess.com,Google Play,en,us,2026-04-17 17:55:05,2026-03-03
a6f17ff2-96d1-45e3-9858-b736d2ea5bbf,Balaji V,super game,5,0,4.9.27-googleplay,4.9.27-googleplay,2026-03-06 20:37:17,We truly appreciate your wonderful feedback!,2026-03-10 00:00:26,Chess.com,Google Play,en,us,2026-04-17 17:55:05,2026-03-03
43af2e50-7961-447e-83f6-fa090d3767d4,Fayaaz Abdullah,nice game,5,0,4.9.25-googleplay,4.9.25-googleplay,2026-03-06 18:28:08,We appreciate your positive feedback and are glad you enjoy the game!,2026-03-09 23:53:49,Chess.com,Google Play,en,us,2026-04-17 17:55:05,2026-03-03
56cf73be-6114-4835-82f4-d9191243ab01,Sim Dlamini,horrible,1,0,4.9.22-googleplay,4.9.22-googleplay,2026-03-06 17:39:54,Please visit this link for assistance: www.chess.com/support,2026-03-06 21:38:25,Chess.com,Google Play,en,us,2026-04-17 17:55:05,2026-03-03
12eddfcc-60e5-4ba8-a431-c5ced8dca345,Dipak Barot,good 😊,5,0,4.9.24-googleplay,4.9.24-googleplay,2026-03-06 09:22:01,We appreciate your positivity! Thanks for sharing your thoughts!,2026-03-06 16:24:57,Chess.com,Google Play,en,us,2026-04-17 17:55:05,2026-03-03
bf785dec-4b20-49b4-a4c8-508747eef6cf,tesla house,"too many cheaters, app itself horrendous",2,0,4.9.25-googleplay,4.9.25-googleplay,2026-03-06 04:09:21,"With our advanced detection methods, we're able to ban cheaters quickly! Through analyzing hundreds of millions of games each month, we immediately ban any players found to be cheating: www.chess.com/article/view/chesscom-update-february-2026#FairPlay",2026-03-06 19:37:06,Chess.com,Google Play,en,us,2026-04-17 17:55:05,2026-03-03
d90b7f09-b42b-4cac-8e3e-9dc755be8b25,Kanania,i have really bad experiences playing this game. i always rank up with far higher ranks just to lose 5x times after 1x of winning. so basically every time i think that im improving the match making is very similar to how unfair games would do. never been so bad to even get 20ish win rate only,1,1,4.9.25-googleplay,4.9.25-googleplay,2026-03-05 15:07:36,Sorry for the difficulties! You can filter games by opponent rating using the menu: Play > More > Custom game. Your rating filter will take effect for all your future games.,2026-03-05 17:29:56,Chess.com,Google Play,en,us,2026-04-17 17:55:05,2026-03-03
f600f0a2-6cfc-4e8b-8aca-d7e5060a882f,Shavez Khan,amazing and fantastic game changer ✨✨,5,0,4.9.25-googleplay,4.9.25-googleplay,2026-03-04 12:25:02,We appreciate your fantastic feedback and enthusiasm!,2026-03-06 16:44:22,Chess.com,Google Play,en,us,2026-04-17 17:55:05,2026-03-03
e9d53133-d44b-4abf-a942-7d3089755d14,Rubi Mandal,no. 1 chess game in world,5,0,,,2026-03-04 07:34:15,We appreciate your enthusiasm and support!,2026-03-06 16:33:16,Chess.com,Google Play,en,us,2026-04-17 17:55:05,2026-03-03
5216f408-6ff0-4da8-988e-5aa450979ad4,Matthew Ulsh,tell me why I should play when you lose 2 matches in a row due to unfair game play coming from someone who's played for over 10 years so yeah this app is getting deleted TONIGHT,1,0,4.9.20-googleplay,4.9.20-googleplay,2026-03-04 04:57:24,"Using advanced detection methods, we quickly ban cheaters! Some losses could come due to an opponent cheating, but the good news is that our statistics show cheating actually occurs in less than 1% of games. Giving each opponent the benefit of the doubt can help you keep a strong mindset, play at your best, and get back to a winning streak!",2026-03-04 23:14:29,Chess.com,Google Play,en,us,2026-04-17 17:55:05,2026-03-03
d67b8f3d-6f4e-46bf-b13a-dc31d0566315,Fahad,to learn lesson there was a shorter time limmit,4,0,4.9.23-googleplay,4.9.23-googleplay,2026-03-04 03:28:50,"Thank you for this feedback. With a free account you can complete one video Lesson per week, but all Lessons are unlocked with any level of Premium membership. We offer a free 7-day membership trial if you'd like to try out unlimited Lessons!",2026-03-04 23:31:25,Chess.com,Google Play,en,us,2026-04-17 17:55:05,2026-03-03
2bdbfaed-e3f8-4893-95cf-a855fccac018,N Ravi,the maker was very intelligent,5,0,4.9.24-googleplay,4.9.24-googleplay,2026-03-03 16:46:33,We appreciate your kind words about our team’s creativity!,2026-03-06 16:44:42,Chess.com,Google Play,en,us,2026-04-17 17:55:05,2026-03-03
23f1868a-cda6-4a0d-8e68-d238e9136ce0,Sayma Akhter Shurovi,I Feel very comfortable with the application ❤️❤️,5,0,,,2026-03-03 11:57:49,We appreciate your kind words and are glad you're enjoying the app!,2026-03-06 16:48:05,Chess.com,Google Play,en,us,2026-04-17 17:55:05,2026-03-03
9b2e5435-9a94-4629-93ce-df4f9938b5b8,Vicky,goood game,5,0,4.9.24-googleplay,4.9.24-googleplay,2026-03-03 11:48:56,We're glad to hear you enjoy the game! Thank you for your support.,2026-03-05 20:10:34,Chess.com,Google Play,en,us,2026-04-17 17:55:05,2026-03-03
ff6c9848-e626-4fd9-bbd0-53dae6cd80e3,The Legend,excellent,5,0,4.9.25-googleplay,4.9.25-googleplay,2026-03-03 11:45:30,We truly appreciate your positive feedback! Thank you!,2026-03-05 20:10:31,Chess.com,Google Play,en,us,2026-04-17 17:55:05,2026-03-03
47d74ccd-9f39-4c30-ac12-9a60d3d5eff2,Dheeresh Budhiraja,UX is very bad touch doesn't work on this app causing a delay very slow UI,1,0,4.9.24-googleplay,4.9.24-googleplay,2026-03-03 07:52:57,"Sorry for the difficulties! It's possible that your submission of a move in the game might be interrupted if a disconnection occurs. We're doing our utmost to optimize server connectivity, and we can offer some tips to optimize your local network and device at: www.chess.com/support",2026-03-04 23:22:39,Chess.com,Google Play,en,us,2026-04-17 17:55:05,2026-03-03
9c3709f6-4a79-4745-9426-c03bea541707,A Google user,an awesome chess platform,5,0,4.9.24-googleplay,4.9.24-googleplay,2026-03-03 02:03:56,We truly appreciate your kind words about the platform!,2026-03-06 16:35:20,Chess.com,Google Play,en,us,2026-04-17 17:55:05,2026-03-03
60a1cf0e-71d4-4cf0-8035-919c191760dc,Lachoneus Roundy,"It's alright, the puzzle features help me get better, but the bots have no limit on how petty they can be and will consistently force draw by repetition if you are winning, the online match making system is heavily unbalanced, I have been paired with someone way above my level the last 20 matchups, it's very annoying, there are definitely improvements to be made.",2,2,4.9.25-googleplay,4.9.25-googleplay,2026-03-01 22:52:08,"A draw by repetition is an important strategic concept in chess, and one which often may allow you to save an otherwise lost game. Check out this link for more information: www.chess.com/terms/threefold-repetition-chess. To avoid rating mismatches, you can filter games by opponent rating in the menu: Play > More > Custom.",2026-03-02 19:08:48,Chess.com,Google Play,en,us,2026-04-17 17:55:05,2026-02-24
03a39f11-d15a-4879-8cbc-dda0112648e3,Gary Johnson,This platform is better than lichess at a cost.,5,0,4.9.25-googleplay,4.9.25-googleplay,2026-03-01 05:41:28,"We're glad you find the training tools included with Premium membership worthwhile. Thank you for your review, and keep taking your chess skills to the next level on Chess.com!",2026-03-06 16:45:35,Chess.com,Google Play,en,us,2026-04-17 17:55:05,2026-02-24
399d32ca-e2e4-40af-9638-480532abe639,Saravanan (Kumar),superb chess game,5,0,,,2026-03-01 03:46:45,We appreciate your positive feedback and are glad you enjoy the game!,2026-03-05 20:23:36,Chess.com,Google Play,en,us,2026-04-17 17:55:05,2026-02-24
9a3ad139-f778-48c7-99d2-ef843ab5beca,Jonathan Peake,The ads are very annoying,1,0,4.9.24-googleplay,4.9.24-googleplay,2026-02-28 17:14:35,"Thank you for this feedback. Ads not only help us keep games and other aspects of Chess.com free, but they also allow us to implement new features and to create the best events in the chess world. For an ad-free experience as well as access to amazing training tools like Lessons and Game Review, make sure to sign up for the free trial!",2026-02-28 22:37:08,Chess.com,Google Play,en,us,2026-04-17 17:55:05,2026-02-24
8752b110-cf7a-403a-b024-216b597645c1,Zamaan Siddiqui,i want old method of moving pieces not that drag nd drop method,1,0,4.9.23-googleplay,4.9.23-googleplay,2026-02-28 08:50:35,"It should be possible to move a chess piece either by tapping and dragging it to another square, or by tapping twice. If there is a problem with the app, please visit this link to contact us for assistance: www.chess.com/support",2026-03-01 20:05:28,Chess.com,Google Play,en,us,2026-04-17 17:55:05,2026-02-24
6ed11941-3cbd-4837-ad09-dc7ba898932f,Moorthy Kannapiran,i don't intrested,5,0,4.9.22-googleplay,4.9.22-googleplay,2026-02-28 08:33:26,"Thanks for your review! If you have suggestions for us on how the Chess.com app could be better, please let us know. You can submit feedback at: www.chess.com/support",2026-03-05 20:20:30,Chess.com,Google Play,en,us,2026-04-17 17:55:05,2026-02-24
2fd76c34-d45d-4c5a-b134-29d982410376,KHANYA MBENYANE,Best 911,5,0,4.9.25-googleplay,4.9.25-googleplay,2026-02-28 01:35:51,We're glad you think the Chess.com app is the best. Thank you for your review!,2026-03-05 19:50:27,Chess.com,Google Play,en,us,2026-04-17 17:55:05,2026-02-24
de805151-a0d3-40da-8e57-5474152d77ab,Raja king,Sharp our Mind While playing,5,0,4.9.23-googleplay,4.9.23-googleplay,2026-02-27 17:12:03,We appreciate your feedback and are glad you're enjoying the mental challenge!,2026-03-06 16:36:17,Chess.com,Google Play,en,us,2026-04-17 17:55:05,2026-02-24
dedcc062-f942-47ec-b7b3-2d6830d4be2a,Carlo Capcap,very good,5,0,4.9.24-googleplay,4.9.24-googleplay,2026-02-27 16:11:20,We're grateful for your positive feedback! Thank you!,2026-03-05 19:56:32,Chess.com,Google Play,en,us,2026-04-17 17:55:05,2026-02-24
1234d89c-389a-4cee-b854-d065b327bfaa,Mohammad Ismail,super class game,5,0,4.9.24-googleplay,4.9.24-googleplay,2026-02-27 13:57:12,We're glad to hear you enjoy the game! Thank you for your support!,2026-03-05 20:23:03,Chess.com,Google Play,en,us,2026-04-17 17:55:05,2026-02-24
eee6c7c5-a664-4233-b555-e2cfa39677a6,Tadiwanashe Mpofu,I need to go premium,5,0,,,2026-02-27 13:55:27,"Make sure to take advantage of the free premium membership trial if you haven't already. You can test out all the training tools we have to offer on Chess.com, for free!",2026-03-05 20:26:38,Chess.com,Google Play,en,us,2026-04-17 17:55:05,2026-02-24
01bac340-d684-44b4-909c-f4027c8fae4d,ROYAL BOY FF,my mind exercise game,5,0,4.9.21-googleplay,4.9.21-googleplay,2026-02-27 13:21:44,We appreciate your enthusiasm for the game!,2026-03-05 20:30:52,Chess.com,Google Play,en,us,2026-04-17 17:55:05,2026-02-24
109d689c-bb0a-4977-b78c-91ef5cd9b21e,N.MARWIN JOSHUA,"wish I could pay and learn more,but still a nice app anyways",5,0,4.9.23-googleplay,4.9.23-googleplay,2026-02-27 06:09:09,"Thank you for your feedback. We're exploring additional membership options for the future so that even more players can benefit from our training tools, like game analysis and lessons. We also offer seasonal discounts, so keep an eye out for in-app promotions.",2026-03-06 17:06:10,Chess.com,Google Play,en,us,2026-04-17 17:55:05,2026-02-24
cf0d2945-fd20-4ab7-9df2-877ee43cfc96,Shreeram Hariraju,achaa game,5,0,4.9.23-googleplay,4.9.23-googleplay,2026-02-27 05:01:09,"આભાર, તમે અમારો ખેલ કોઈ રીતે પસંદ કર્યો તે જાણીને આનંદ થયો!",2026-03-05 20:09:37,Chess.com,Google Play,en,us,2026-04-17 17:55:05,2026-02-24
ebac312c-d862-4884-a6b7-516ac8ec5aab,Sri Kalyan,very 👍,5,0,4.9.24-googleplay,4.9.24-googleplay,2026-02-27 04:02:50,We appreciate your positive feedback! Thank you for your support!,2026-03-05 19:46:08,Chess.com,Google Play,en,us,2026-04-17 17:55:05,2026-02-24
ef141104-37ab-468b-9643-6c2790f268e0,Vijayrao,is anybody Goofy Payaluga ? 😂,4,0,4.9.25-googleplay,4.9.25-googleplay,2026-02-26 18:15:59,"Thanks for your review! If you have suggestions for us on how the Chess.com app could be better, please let us know. We want the app to be worthy of a 5-star rating to you! You can submit feedback at: www.chess.com/support",2026-03-02 19:45:47,Chess.com,Google Play,en,us,2026-04-17 17:55:05,2026-02-24
fc2fc7d3-1ad0-4219-9151-0116a57ed955,chaitanya Kumar Dwivedi,nice platform 👏,5,0,4.9.24-googleplay,4.9.24-googleplay,2026-02-26 12:20:30,We appreciate your positive feedback and are glad you enjoy the platform!,2026-03-05 20:22:49,Chess.com,Google Play,en,us,2026-04-17 17:55:05,2026-02-24
4ec6591c-72c3-44ab-8a28-2a4f00cfee2c,Robert Hagen,Added deceptive ads which lie to you about having malware on your phone.,1,0,4.9.24-googleplay,4.9.24-googleplay,2026-02-26 04:24:54,"We're so sorry that you saw an inappropriate ad. We do NOT tolerate this on Chess.com, and we work closely with ad providers to filter out any problematic ads. Please report the ad as shown in the article below, and our team will ensure it's promptly removed: https://support.chess.com/en/articles/8647548-how-do-i-report-a-bad-ad",2026-02-26 17:37:41,Chess.com,Google Play,en,us,2026-04-17 17:55:05,2026-02-24
fb408d70-0ff6-4dad-9779-90bdd4ef01d0,Kokila Ponnusamy,fantastic,5,0,4.9.23-googleplay,4.9.23-googleplay,2026-02-25 15:45:24,We appreciate your fantastic feedback! Thank you!,2026-03-05 19:57:15,Chess.com,Google Play,en,us,2026-04-17 17:55:05,2026-02-24
4602906a-bd21-4a7f-b5d0-b4b9ab2f52d3,K SRIRAM,excellent 👌🏼,4,0,4.9.23-googleplay,4.9.23-googleplay,2026-02-25 14:32:30,We're glad you like the Chess.com app! Would you consider giving us 5 stars? We appreciate your support!,2026-02-25 17:35:02,Chess.com,Google Play,en,us,2026-04-17 17:55:05,2026-02-24
624b2bd6-a39f-47a8-9deb-fe505f6485ef,Antek Antek,This app is best for practicing your chess skills for yourself to challenge your friends or anyone. Chess benefits the brain. Absolutely recommend this.,5,0,4.9.11-googleplay,4.9.11-googleplay,2026-02-24 19:18:26,We appreciate your fantastic feedback and are glad you find our app beneficial for improving chess skills!,2026-03-06 18:14:59,Chess.com,Google Play,en,us,2026-04-17 17:55:05,2026-02-24
c31977cc-5ded-4b4f-a32c-ef7a3188fc24,Parth Garje,this is very good game any people's and it game very easy to play,4,0,4.9.24-googleplay,4.9.24-googleplay,2026-02-24 13:56:58,"Thanks for your review! If you have suggestions for us on how the Chess.com app could be better, please let us know. We want the app to be worthy of a 5-star rating to you! You can submit feedback at: www.chess.com/support",2026-03-02 19:46:20,Chess.com,Google Play,en,us,2026-04-17 17:55:05,2026-02-24
473119f9-8340-4f2c-923d-124917c6ae3c,Friendly Fire,for mobile internet it's almost impossible to play bullet i think mobile players should only be matched against mobile players until maybe 1200 elo,3,0,4.9.23-googleplay,4.9.23-googleplay,2026-02-24 10:30:42,"Sorry for the difficulties with connectivity while playing Bullet chess! We'll continue to make optimizations on our end to ensure the best connectivity for players. If the problem persists, please visit this link for help: www.chess.com/support",2026-02-16 18:34:57,Chess.com,Google Play,en,us,2026-04-17 17:55:05,2026-02-24
59ca3260-1549-4c02-9bbb-a6483ac4a705,Deepak Malik,"fun espicially the chat, i like to troll in match a lot",5,0,4.9.23-googleplay,4.9.23-googleplay,2026-02-22 09:13:19,,,Chess.com,Google Play,en,us,2026-04-17 17:55:05,2026-02-17
5cce4bc2-13cc-40ac-b436-31a7a2246c95,Prasanna Hs,elegant,5,0,4.9.22-googleplay,4.9.22-googleplay,2026-02-22 05:08:31,,,Chess.com,Google Play,en,us,2026-04-17 17:55:05,2026-02-17
5dd168c5-e9b8-4eb1-b1c7-13da61ebe0df,Sanjay Soni,"I have been playing chess since my early teen years. I played this game on many online platforms, but this app is really good and this is so addictive as well. i cannot spend a day without playing this game. 😊😊",5,0,4.9.23-googleplay,4.9.23-googleplay,2026-02-22 02:39:13,,,Chess.com,Google Play,en,us,2026-04-17 17:55:05,2026-02-17
cd8a7406-7f46-47a7-87a0-7cf47a9180bf,Anuradha V,fricking love this app I have fallen in love in chess started with 400 in aug 2025 ended up being 1300 in feb 2026,5,0,,,2026-02-21 20:19:59,,,Chess.com,Google Play,en,us,2026-04-17 17:55:05,2026-02-17
9dfc7498-dd15-4dc1-9ecb-ee49d0e4b121,Francois Henning,Great chess game.,5,0,4.9.23-googleplay,4.9.23-googleplay,2026-02-21 19:56:51,,,Chess.com,Google Play,en,us,2026-04-17 17:55:05,2026-02-17
aa60fa18-8fb1-4088-8728-891a7d6dad35,Mr Daniel,Very good game with a lot of options,5,0,4.9.23-googleplay,4.9.23-googleplay,2026-02-21 16:00:07,,,Chess.com,Google Play,en,us,2026-04-17 17:55:05,2026-02-17
75fec876-7b31-4fe6-8182-d8d5f7231262,Timothy Wang,"great, and no ads, but no 2 player option",4,0,4.9.23-googleplay,4.9.23-googleplay,2026-02-21 10:41:38,This is available on the Chess.com app! Two people can play a local game of chess on the same device using the menu: Play>More>Play in Person. Please give it a try and let us know what you think!,2026-03-02 19:44:27,Chess.com,Google Play,en,us,2026-04-17 17:55:05,2026-02-17
5f911a12-ecf6-45dd-ade2-a8f5f0720623,Ashika Arul,lovely game ♟️,4,0,4.9.23-googleplay,4.9.23-googleplay,2026-02-21 07:07:02,"Thanks for your review! If you have suggestions for us on how the Chess.com app could be better, please let us know. We want the app to be worthy of a 5-star rating to you! You can submit feedback at: www.chess.com/support",2026-03-02 19:46:58,Chess.com,Google Play,en,us,2026-04-17 17:55:05,2026-02-17
ae2210b0-b0e4-4fdd-9bb3-570758600d39,ATANU GHOSH,I have got amazing experience 😉,5,0,4.9.23-googleplay,4.9.23-googleplay,2026-02-21 06:56:45,,,Chess.com,Google Play,en,us,2026-04-17 17:55:05,2026-02-17
af8a141e-7321-4c5c-ab42-7bc22d97449b,Alan Burton,if you enjoy playing chess it's good,5,0,4.9.23-googleplay,4.9.23-googleplay,2026-02-20 19:37:08,We're glad to hear you think it's a good experience!,2026-02-20 21:43:38,Chess.com,Google Play,en,us,2026-04-17 17:55:05,2026-02-17
d842cb04-e7bd-4ec8-b381-1aa3b62462bb,Viren Chavan,it is really great app as you can play with international players and it is really easy to develop your skills because of the lessons but it sometimes feels that the app isn't allowing us to develop our skills faster you will know how,4,1,4.9.23-googleplay,4.9.23-googleplay,2026-02-19 12:26:16,"Thank you for this feedback. Don't forget we offer a free 7-day membership trial to test out Premium features! Make sure to sign up if you'd like to test out unlimited Puzzles and video Lessons, as well as Game Review analysis. We also offer three different membership tiers at monthly or annual rates.",2026-02-20 00:03:04,Chess.com,Google Play,en,us,2026-04-17 17:55:05,2026-02-17
bf069daa-04c0-4cfd-babd-decab51c53a0,Programing. lk,actually a chess game make a human be a dicepline,5,0,4.9.23-googleplay,4.9.23-googleplay,2026-02-18 16:49:32,We appreciate your insight on how chess fosters discipline! Thank you for sharing your thoughts with us.,2026-02-20 22:22:56,Chess.com,Google Play,en,us,2026-04-17 17:55:05,2026-02-17
4f6e62e2-1f52-4a2d-80d1-5aed3e1d5e17,SATYAM SAIN,nice app ☺️ i like it,4,0,4.9.19-googleplay,4.9.19-googleplay,2026-02-18 15:48:34,"Thanks for your review! If you have suggestions for us on how the Chess.com app could be better, please let us know. We want the app to be worthy of a 5-star rating to you! You can submit feedback at: www.chess.com/support",2026-02-20 00:12:39,Chess.com,Google Play,en,us,2026-04-17 17:55:05,2026-02-17
10967a35-bcb6-41ff-9aa8-58dcc8d3a142,Selva Kousi,good app to play and learn,5,0,4.9.23-googleplay,4.9.23-googleplay,2026-02-18 10:34:57,We appreciate your positive feedback and are glad you're enjoying the app!,2026-02-20 22:21:18,Chess.com,Google Play,en,us,2026-04-17 17:55:05,2026-02-17
a80a0015-7405-4a73-a9e8-59e87388ba18,Devi Deva,my inspiration is goofygen chess i download reason for goofygen chess,5,0,4.9.19-googleplay,4.9.19-googleplay,2026-02-17 16:31:42,,,Chess.com,Google Play,en,us,2026-04-17 17:55:05,2026-02-17
653bfd18-0b6c-46fd-aafe-a0f4c720f2d6,BBattack,rage give i take L,1,0,,,2026-02-17 12:33:35,"If you're experiencing any issues with the Chess.com app or have any suggestions for us, we are here to help! Please visit this link for assistance: www.chess.com/support",2026-02-17 18:09:39,Chess.com,Google Play,en,us,2026-04-17 17:55:05,2026-02-17
c0bf35b8-00ee-44ff-8666-bd521519f013,Althea Pokrywka,you have to pay for unlimited puzzles game reviews and all of that when that should all be free. I love chess don't get me wrong but I hate it when you have to pay for everything that could help you improve even if its just reviewing your games or playing a bunch of puzzles or even just trying to re-complete the months daily games.,2,4,4.9.19-googleplay,4.9.19-googleplay,2026-02-17 05:23:44,"Thank you for this feedback. We know it's an investment, but we truly believe in the value of our training tools for players who are serious about improving their chess skills. If you'd like to test out all Chess.com has to offer, make sure to take advantage of the free trial!",2026-02-17 17:29:49,Chess.com,Google Play,en,us,2026-04-17 17:55:05,2026-02-17
726cd35c-844c-4659-a664-e36b72964b4b,Bala Subramani,very very super game,5,0,4.9.22-googleplay,4.9.22-googleplay,2026-02-16 17:07:56,,,Chess.com,Google Play,en,us,2026-04-17 17:55:05,2026-02-10
6a911583-b5e9-4ddd-83e8-3f0661b0ef8b,Chris Iroanya,👍 Great,5,0,4.9.22-googleplay,4.9.22-googleplay,2026-02-16 16:32:37,,,Chess.com,Google Play,en,us,2026-04-17 17:55:05,2026-02-10
68c33411-1d82-4538-95d3-18634d6c6c1e,Zezojordan14,"good game, and this game can teach us how to play like a master chess",5,0,4.9.23-googleplay,4.9.23-googleplay,2026-02-16 09:47:02,,,Chess.com,Google Play,en,us,2026-04-17 17:55:05,2026-02-10
f72f5015-63b7-483e-b48b-3a4d0a1da5ce,R OC,this app seems better on IOS but still good,5,0,4.9.22-googleplay,4.9.22-googleplay,2026-02-16 06:52:14,,,Chess.com,Google Play,en,us,2026-04-17 17:55:05,2026-02-10
6c8e9ddf-d6aa-4d86-af4f-56f8595e9147,glory ozegbe,the best 👌,5,0,4.9.22-googleplay,4.9.22-googleplay,2026-02-15 15:50:06,,,Chess.com,Google Play,en,us,2026-04-17 17:55:05,2026-02-10
5655f79e-fb1a-4ddb-b9bb-d2ff9f65f104,Arnel Von Robin,"Helped me reopen my acc, great service, thanks again",5,0,,,2026-02-15 14:19:16,"Sorry for the difficulties! Please check your email inbox for a closure notice with an explanation about your Chess.com account status and how to proceed. If you haven't received a notice, please visit this link for help: www.chess.com/support",2026-02-13 19:50:06,Chess.com,Google Play,en,us,2026-04-17 17:55:05,2026-02-10
3988e6b3-c798-4ba4-8e03-6c240bc4d8c7,Rafhaan XIV,good game please add voice chat during game,5,0,4.9.22-googleplay,4.9.22-googleplay,2026-02-15 13:44:41,Voice chat is an interesting idea we're already considering for the future. Thank you for this suggestion!,2026-02-17 19:04:59,Chess.com,Google Play,en,us,2026-04-17 17:55:05,2026-02-10
ae39d8aa-c0a4-4f5e-ac54-0fd390034b37,Pokemon unite,Goofygen payaluga da,5,1,,,2026-02-15 08:01:53,,,Chess.com,Google Play,en,us,2026-04-17 17:55:05,2026-02-10
b92ac434-97d1-462c-b85e-847e284d89b5,Reagan Sichinga,great 👌,4,0,4.9.19-googleplay,4.9.19-googleplay,2026-02-15 00:08:19,"Thanks for your review! If you have suggestions for us on how the Chess.com app could be better, please let us know. We want the app to be worthy of a 5-star rating to you! You can submit feedback at: www.chess.com/support",2026-02-16 18:29:32,Chess.com,Google Play,en,us,2026-04-17 17:55:05,2026-02-10
24e112ed-14bf-4307-9ffa-c2f605023506,Nandha Kumar,Goofygen payaluga daa!,5,0,,,2026-02-14 22:01:44,,,Chess.com,Google Play,en,us,2026-04-17 17:55:05,2026-02-10
e361a8cc-e4a2-456d-a32a-e1d2e41a1a35,Flex Live,Goofygen payaluga🔥🔥🔥,5,1,,,2026-02-14 19:34:09,,,Chess.com,Google Play,en,us,2026-04-17 17:55:05,2026-02-10
d813e914-f364-4c63-b393-8b2226204b21,Siva Arish (GHOST GAMER),this is not a game .it's escape the brainrot,4,0,4.9.22-googleplay,4.9.22-googleplay,2026-02-14 18:12:08,"Thanks for your review! If you have suggestions for us on how the Chess.com app could be better, please let us know. We want the app to be worthy of a 5-star rating to you! You can submit feedback at: www.chess.com/support",2026-02-16 18:29:35,Chess.com,Google Play,en,us,2026-04-17 17:55:05,2026-02-10
e27a47e8-f230-420f-bf95-459421f7a630,amira jh,Best chess game,5,0,4.9.22-googleplay,4.9.22-googleplay,2026-02-14 11:20:31,,,Chess.com,Google Play,en,us,2026-04-17 17:55:05,2026-02-10
c6f5b160-5705-433d-8765-0f2a8f299e48,Sheik AR,application is crashing frequently,1,0,4.9.22-googleplay,4.9.22-googleplay,2026-02-14 10:14:01,Please let us know about any issues you are finding on the app. We will work to resolve them for you! www.chess.com/support,2026-02-16 01:41:51,Chess.com,Google Play,en,us,2026-04-17 17:55:05,2026-02-10
96439c59-b138-4ff7-8bd9-8cd738b63bc0,Bragadeesh,Very smooth and beginner-friendly chess app. I downloaded it after watching GOOFYGENCHESS🔥 and I’m really enjoying it. Clean interface and easy to learn. Highly recommended!,5,1,,,2026-02-14 05:16:59,We're glad you like the Chess.com app's design. Thank you for your review!,2026-02-17 18:25:44,Chess.com,Google Play,en,us,2026-04-17 17:55:05,2026-02-10
ad96f53c-73e1-4b21-a531-4face78bcee0,Adelin Mura,Amazing app. I would love it if we had more than one free analysis per day though.,5,0,4.9.23-googleplay,4.9.23-googleplay,2026-02-13 22:23:13,"Thank you for this feedback. We're considering potential adjustments to these limits in the future, as well as alternative membership options. In the meantime, make sure to sign up for the Diamond free trial to test out unlimited Game Review, Lessons, and Puzzles!",2026-02-13 23:16:38,Chess.com,Google Play,en,us,2026-04-17 17:55:05,2026-02-10
7c4ca1e8-a4f9-4588-a8b2-4c2ce52b5c37,Ahmad Amirkhani,perfect,5,0,4.9.22-googleplay,4.9.22-googleplay,2026-02-13 18:39:08,,,Chess.com,Google Play,en,us,2026-04-17 17:55:05,2026-02-10
f4ef87ce-2fe8-4531-8a59-cfa6ed38da47,abhishek gupta,best chess app,5,0,4.9.22-googleplay,4.9.22-googleplay,2026-02-13 14:37:23,,,Chess.com,Google Play,en,us,2026-04-17 17:55:05,2026-02-10
20bbf374-114d-4a8f-887e-c08ff4642a6c,STEPHEN BARRERA,absolute garbage,1,0,,,2026-02-12 16:26:12,"If you're experiencing any issues with the Chess.com app or have any suggestions for us, we are here to help! Please visit this link for assistance: www.chess.com/support",2026-02-12 18:43:00,Chess.com,Google Play,en,us,2026-04-17 17:55:05,2026-02-10
1d43cc4e-06d6-4933-acc0-353254fad047,[placeholder],The app is great but why is it so heavy. A chess app should NOT be this bloated. Please optimise it and bring it down to maybe 100-150mb (even then it's too much).,4,0,4.9.22-googleplay,4.9.22-googleplay,2026-02-12 14:47:20,Thank you for this feedback. We're working on optimizations and removing the least-used features to ensure the app's data and memory requirements are minimized.,2026-02-12 18:46:11,Chess.com,Google Play,en,us,2026-04-17 17:55:05,2026-02-10
f3baaa28-86af-4b0a-9c4e-16c06050a0bf,Matthew Salvador,"Solid chess game, no ads. what more do you need.",5,0,4.9.19-googleplay,4.9.19-googleplay,2026-02-12 14:39:14,,,Chess.com,Google Play,en,us,2026-04-17 17:55:05,2026-02-10
58131cc6-bdb7-442f-8b93-a47555e7e9b5,rhria cuenca2,love it !!!,5,0,4.9.21-googleplay,4.9.21-googleplay,2026-02-11 19:07:09,,,Chess.com,Google Play,en,us,2026-04-17 17:55:05,2026-02-10
74cea91e-e972-425c-adac-0b4462d12a11,Sukhman preet Singh,I love chess in the world ♟️♟️,5,0,4.9.22-googleplay,4.9.22-googleplay,2026-02-11 16:27:46,,,Chess.com,Google Play,en,us,2026-04-17 17:55:05,2026-02-10
221ba639-3bc5-43e9-a28a-e3fa6293bbc5,Niranjan Nisha,really nice game 👍,5,0,4.9.20-googleplay,4.9.20-googleplay,2026-02-11 14:48:56,,,Chess.com,Google Play,en,us,2026-04-17 17:55:05,2026-02-10
61c91ddd-f2d6-479d-a530-317267932201,ASHIP AKBAR ALI,good creations,5,0,4.9.21-googleplay,4.9.21-googleplay,2026-02-11 11:13:04,,,Chess.com,Google Play,en,us,2026-04-17 17:55:05,2026-02-10
1c3b7bf0-af4d-4b3b-b1cf-96bc0d3cb060,Divyanshu Kumar Tripathi,good app,5,0,4.9.21-googleplay,4.9.21-googleplay,2026-02-11 08:26:04,,,Chess.com,Google Play,en,us,2026-04-17 17:55:05,2026-02-10
3324143e-4c35-40a5-b1eb-170b0f5c6fc6,Joseph,So I did as you told me but when I checked email it was their but when I went too finish the sign up it said error,1,0,4.9.22-googleplay,4.9.22-googleplay,2026-02-10 21:11:41,You can change your username if you login to Chess.com in a web browser and visit the main settings page here: www.chess.com/settings. We plan to add this option to the app in the future!,2025-11-04 18:41:57,Chess.com,Google Play,en,us,2026-04-17 17:55:05,2026-02-10
457bbed2-dcb4-4f0a-b678-5fc935f13692,Mohammed Abugrain,it's amazing that's it. it's really stratic and makes you think your opponents every move.,5,0,4.9.22-googleplay,4.9.22-googleplay,2026-02-10 19:13:19,,,Chess.com,Google Play,en,us,2026-04-17 17:55:05,2026-02-10
857f8c97-2367-4072-ad21-3bc009f73c6a,Sree Sathik,ultimate game,5,0,4.9.22-googleplay,4.9.22-googleplay,2026-02-10 17:32:15,,,Chess.com,Google Play,en,us,2026-04-17 17:55:05,2026-02-10
761720cb-0650-4074-a043-9fe70bdffcb3,Kelajak Kelajak,perfect,5,0,4.9.21-googleplay,4.9.21-googleplay,2026-02-10 08:09:33,,,Chess.com,Google Play,en,us,2026-04-17 17:55:05,2026-02-10
963b1dd3-7db7-4f8e-bf1d-83aefdacfc8c,Nguyen Panda,"i know this isn't about the game, but this app indirectly fixed my circadian rythym because i was playing way too bad, so i put it down to me waking up mid REM sleep, and it worked",5,3,4.9.22-googleplay,4.9.22-googleplay,2026-02-10 06:15:59,,,Chess.com,Google Play,en,us,2026-04-17 17:55:05,2026-02-10
36ebb38e-f3dc-4c61-a422-9d69258948f1,M. Max,quick to get players,5,0,4.9.21-googleplay,4.9.21-googleplay,2026-02-09 16:17:54,We're glad you're having fun playing chess. Thanks for choosing Chess.com!,2026-02-09 18:28:59,Chess.com,Google Play,en,us,2026-04-17 17:55:05,2026-02-03
0188a60c-4815-48c7-a778-157c2719b026,Andrew Isaiah,Gambit Gambit,5,0,4.9.21-googleplay,4.9.21-googleplay,2026-02-09 11:03:05,,,Chess.com,Google Play,en,us,2026-04-17 17:55:05,2026-02-03
02630c8c-c0ae-49d6-9b2a-ff8aaac9b075,Om Pashte,best chess game,5,0,4.9.20-googleplay,4.9.20-googleplay,2026-02-09 09:02:02,,,Chess.com,Google Play,en,us,2026-04-17 17:55:05,2026-02-03
f820f75f-d55f-46b3-9db8-84435a75ce9c,John,whose idea was this to put a chess game on the go it's like playing Wii chess in Europe Why did it exist,1,0,4.9.21-googleplay,4.9.21-googleplay,2026-02-09 01:38:46,"If you're experiencing any issues with the Chess.com app or have any suggestions for us, we are here to help! Please visit this link for assistance: www.chess.com/support",2026-02-11 00:28:52,Chess.com,Google Play,en,us,2026-04-17 17:55:05,2026-02-03
614bd9ba-6308-495d-8485-0e5377e9b788,Eelco Bosch,Veel mensen doen aan valsspelen om hun rating hoger te krijgen. De app is slecht in het detecteren van dit soort mensen. Verder leuke app,3,0,4.9.21-googleplay,4.9.21-googleplay,2026-02-08 19:31:15,"We nemen valsspelen zeer serieus en beschikken over talloze detectiealgoritmes en toegewijde analisten. We analyseren maandelijks honderden miljoenen spellen en accounts waarop valsspelen wordt geconstateerd, worden direct geblokkeerd. Als je vermoedt dat een speler vals speelt, meld dit dan door op zijn of haar avatar te tikken.",2026-02-10 23:48:36,Chess.com,Google Play,en,us,2026-04-17 17:55:05,2026-02-03
578a8ce8-2029-4fd3-8c44-29e4b88cf1d9,Ph toney Meitei,i love chess,5,0,4.9.21-googleplay,4.9.21-googleplay,2026-02-08 15:05:13,,,Chess.com,Google Play,en,us,2026-04-17 17:55:05,2026-02-03
a73855ae-3d45-40a2-94fd-d21bc340ab05,Prajesh Chakma,I just love the chess and this is the best chess app so far ♥️,5,0,,,2026-02-08 12:25:22,We're glad you think the Chess.com app is the best. Thank you for your review!,2026-02-13 22:30:58,Chess.com,Google Play,en,us,2026-04-17 17:55:05,2026-02-03
80b02b5a-c3ac-4db1-bfa7-802526291331,Sanjivi,best gaming in the game very useful and very interesting on fun and improve ides in chess game.,5,0,4.9.22-googleplay,4.9.22-googleplay,2026-02-08 07:23:41,,,Chess.com,Google Play,en,us,2026-04-17 17:55:05,2026-02-03
8238dc4b-825f-4bce-8a60-34b7a9c98c2e,SANGITA BAGORIA,best app,5,0,4.9.17-googleplay,4.9.17-googleplay,2026-02-08 03:47:45,,,Chess.com,Google Play,en,us,2026-04-17 17:55:05,2026-02-03
053ae10f-dcb2-4a72-b825-c2c791ac011d,T.TPETCHIAMMAL T.PETCHIAMMAL,Best chess,5,0,4.9.20-googleplay,4.9.20-googleplay,2026-02-07 16:26:19,,,Chess.com,Google Play,en,us,2026-04-17 17:55:05,2026-02-03
4c1b7130-8095-436e-be9e-00f987cfe947,Rahul Kumaran,Installing Because Of Goofygenchess,5,2,,,2026-02-07 10:19:02,,,Chess.com,Google Play,en,us,2026-04-17 17:55:05,2026-02-03
df8a2410-58e7-4660-8717-e5a223e2fa99,S Prasanna,it's fun to play chess online with other players from somewhere else,4,0,4.9.22-googleplay,4.9.22-googleplay,2026-02-07 05:27:11,"We're glad you're enjoying playing chess with other players around the world on Chess.com. Thank you for your review! If you have suggestions for us on how the Chess.com app could be better, please let us know. You can submit feedback at: www.chess.com/support",2026-02-09 21:56:52,Chess.com,Google Play,en,us,2026-04-17 17:55:05,2026-02-03
12ae5211-fa35-4a25-93e4-67b69d383b01,Revathi Revathi,"The app is great. But, the recent updates to the UI (Home page) of the app have ruined the user experience. The home page is magnified & everything looks big, which seems ugly for users who love compact view. Pls revert this update or at least provide an option to users to customize the look & size. The old UI, which was in 2025, is my all-time favorite. Hope the team considers my feedback. Will give 5 stars if the latest update to the home page is reverted.",1,0,,,2026-02-07 04:26:07,"Thank you for this feedback on the latest updates to the homepage. We'll keep working on optimizations, and we'll also consider adding a setting for players who prefer the previous display.",2026-02-10 23:57:50,Chess.com,Google Play,en,us,2026-04-17 17:55:05,2026-02-03
5cac0fd5-985d-40b9-b91e-ed7e9a38d633,Aryan,"Amazing app, only reason for 4 stars is that I suck at it. Otherwise it's a 5 star app.",4,0,4.9.21-googleplay,4.9.21-googleplay,2026-02-07 02:57:23,"Losing a chess game is never fun, but it can be useful to learn from mistakes and improve your game. The best tool for this is Game Review, which lets you view critical moments of your game and correct errors. If you're not already a Premium member, you can sign up for a free trial to test out unlimited Game Review!",2026-02-09 21:57:04,Chess.com,Google Play,en,us,2026-04-17 17:55:05,2026-02-03
597f1411-68bc-4b77-9f57-7b695e0cd679,David Okeke,this is one of the best chess game but not delivered,4,0,4.9.21-googleplay,4.9.21-googleplay,2026-02-06 21:11:53,"Thanks for your review! If you have suggestions for us on how the Chess.com app could be better, please let us know. We want the app to be worthy of a 5-star rating to you! You can submit feedback at: www.chess.com/support",2026-02-11 17:20:36,Chess.com,Google Play,en,us,2026-04-17 17:55:05,2026-02-03
c1d27d89-f192-4a77-b093-3e800d21b8a4,Riyaz,"I downloaded this, @goofygenchess for a reason 🙌🏻",5,2,4.9.22-googleplay,4.9.22-googleplay,2026-02-06 17:02:38,,,Chess.com,Google Play,en,us,2026-04-17 17:55:05,2026-02-03
079500fe-a77a-407f-b618-cfe168c2ab62,David McCalister-Bruce,Just excellent,5,0,4.9.21-googleplay,4.9.21-googleplay,2026-02-06 15:55:27,,,Chess.com,Google Play,en,us,2026-04-17 17:55:05,2026-02-03
bad2dc6a-040b-42a5-a240-bbe2c3a95f51,santhi s,preety good 😊 you can make friends 😁😀😄,4,0,4.9.22-googleplay,4.9.22-googleplay,2026-02-06 14:50:36,"Thanks for your review! If you have suggestions for us on how the Chess.com app could be better, please let us know. We want the app to be worthy of a 5-star rating to you! You can submit feedback at: www.chess.com/support",2026-02-06 19:22:56,Chess.com,Google Play,en,us,2026-04-17 17:55:05,2026-02-03
51a2992d-caed-4fe7-868d-b018118248d0,Sai Surya nikhil Ch,good app,5,0,4.9.21-googleplay,4.9.21-googleplay,2026-02-06 13:37:21,,,Chess.com,Google Play,en,us,2026-04-17 17:55:05,2026-02-03
16be033c-24a7-49ed-b3b5-bd2bc513e021,Muthu Tamil,goofygen the reason 🎊🎉💗 for your download count increase,5,0,4.9.20-googleplay,4.9.20-googleplay,2026-02-06 08:03:52,,,Chess.com,Google Play,en,us,2026-04-17 17:55:05,2026-02-03
95b57801-40a6-49fc-9d63-e91e1e63948e,Thomas Hedrick,the best,5,0,4.9.21-googleplay,4.9.21-googleplay,2026-02-06 04:49:08,,,Chess.com,Google Play,en,us,2026-04-17 17:55:05,2026-02-03
50bb3e51-542a-4669-bc41-50a2056a5cc0,Ian Salter,Thank you for fixing Picture-in- picture.,5,0,4.9.21-googleplay,4.9.21-googleplay,2026-02-05 21:13:35,Please contact us and let us know more about this issue. We're here to help! You can reach our dedicated Support team here: www.chess.com/support,2026-02-04 17:03:40,Chess.com,Google Play,en,us,2026-04-17 17:55:05,2026-02-03
4fcca045-6128-41a8-89a9-8692ec9fae4e,syed waleed ahmed,game was so good suggestion(improve UI),5,0,4.9.21-googleplay,4.9.21-googleplay,2026-02-04 18:31:35,,,Chess.com,Google Play,en,us,2026-04-17 17:55:05,2026-02-03
1cd42ed5-49df-435d-8bac-41347335bb4e,Supin Mali,best app,5,0,4.9.20-googleplay,4.9.20-googleplay,2026-02-04 17:34:24,,,Chess.com,Google Play,en,us,2026-04-17 17:55:05,2026-02-03
7bae9a46-d425-48fa-8b07-fe68e38f430e,Premila S,@goofygenchess payaluga da 🔥,4,2,4.9.22-googleplay,4.9.22-googleplay,2026-02-04 14:31:43,"Thanks for your review! If you have suggestions for us on how the Chess.com app could be better, please let us know. We want the app to be worthy of a 5-star rating to you! You can submit feedback at: www.chess.com/support",2026-02-05 23:59:46,Chess.com,Google Play,en,us,2026-04-17 17:55:05,2026-02-03
1f86095a-8a71-47e2-816d-1068412918be,Elyor Ro'zmetov,i like it,5,0,4.9.20-googleplay,4.9.20-googleplay,2026-02-04 04:02:16,,,Chess.com,Google Play,en,us,2026-04-17 17:55:05,2026-02-03
391cf6a6-da0b-4672-a3f5-1529d6ffee06,Grey Uwazurike,well it's a very good game but if everything didn't cost money like I did one lesson in a new week and it said that's my daily limit noooo my weekly how at least make it four but one is just making the game for money like everything has a stupidly bad limit and it's kinda annoying but everything besides that is fine for me developer I can only do one lesson a week and coach is only one session,3,2,4.9.21-googleplay,4.9.21-googleplay,2026-02-04 02:44:05,"Thank you for this feedback. We're considering potential adjustments to these limits in the future, as well as alternative membership options. In the meantime, make sure to sign up for the Diamond free trial to test out unlimited Game Review, Lessons, and Puzzles!",2026-02-06 19:33:13,Chess.com,Google Play,en,us,2026-04-17 17:55:05,2026-02-03
eb9c8d5d-ff0a-465a-948f-92927180b708,Toby Davis,v good.,5,0,4.9.20-googleplay,4.9.20-googleplay,2026-02-03 01:50:24,,,Chess.com,Google Play,en,us,2026-04-17 17:55:05,2026-02-03
85b48fbf-c36b-4385-be47-efd9f63c6fe3,ThunderBolt95 #MAIN,downloaded bcuz of @goofygenchess #goofygenchesspayalungada,5,2,,,2026-02-02 19:32:44,,,Chess.com,Google Play,en,us,2026-04-17 17:55:05,2026-01-27
7a63e590-e675-496a-8f62-916e86f35fe4,Junior kida Maposa,absolutely the best 👌,5,0,4.9.20-googleplay,4.9.20-googleplay,2026-02-02 15:19:40,,,Chess.com,Google Play,en,us,2026-04-17 17:55:05,2026-01-27
ef6b2cb3-5e95-47da-914e-154e670b56ff,Denis Kiwanuka,great but all the good stuff is for paying what about the talented kids who can't pay,5,0,4.9.20-googleplay,4.9.20-googleplay,2026-02-02 08:30:33,,,Chess.com,Google Play,en,us,2026-04-17 17:55:05,2026-01-27
4f6787b5-5af7-4fa7-adda-c63b4b02f4ed,Malik Crawford,very fun and I'm loving learning and playing chess every step of the way,5,0,4.9.20-googleplay,4.9.20-googleplay,2026-02-02 08:14:09,,,Chess.com,Google Play,en,us,2026-04-17 17:55:05,2026-01-27
80bbb199-85df-4f2c-bada-2ef6aa13ea8d,Ankit Raj,this is the perfect chess game. we make friends coustom and messaging,5,0,4.9.20-googleplay,4.9.20-googleplay,2026-02-02 05:50:44,We're glad you're enjoying playing chess with friends. Thanks for choosing Chess.com!,2026-02-07 00:46:09,Chess.com,Google Play,en,us,2026-04-17 17:55:05,2026-01-27
4cfc48d7-7ecf-4e2e-b45f-97186a157e13,Zayyan Twinevostore,"after manage to understand the queen gambit, lotta huzz wanted me, thank you Chess!",5,0,4.7.5-googleplay,4.7.5-googleplay,2026-02-02 03:53:55,,,Chess.com,Google Play,en,us,2026-04-17 17:55:05,2026-01-27
7037206c-f41a-4f30-9551-973c1de37b56,Damon Smith,a lot of fun,5,0,4.9.21-googleplay,4.9.21-googleplay,2026-02-02 02:56:18,,,Chess.com,Google Play,en,us,2026-04-17 17:55:05,2026-01-27
351f2bd0-8f81-4d74-ab04-ba280e5892eb,Malek,amazing for chess.,5,0,4.9.20-googleplay,4.9.20-googleplay,2026-02-02 01:27:16,Thanks for an awesome review. We're glad you're enjoying Chess.com!,2026-02-02 02:26:09,Chess.com,Google Play,en,us,2026-04-17 17:55:05,2026-01-27
9351c54a-0ca2-4e70-8d5d-029bb090dfb0,sathish kumar,MIND REFRESH GAME 🎮,5,0,4.9.20-googleplay,4.9.20-googleplay,2026-02-01 12:17:44,,,Chess.com,Google Play,en,us,2026-04-17 17:55:05,2026-01-27
9899e91a-5027-48b7-8f4c-9db2f348dcad,Dillan Dzingirai,this game makes me rest . it helps very well to think stronger,5,0,4.9.19-googleplay,4.9.19-googleplay,2026-02-01 04:18:21,,,Chess.com,Google Play,en,us,2026-04-17 17:55:05,2026-01-27
53c5b58f-25b4-4355-8298-f75aac1ab198,vinod purohit,very nice for playing,5,0,,,2026-02-01 04:11:31,,,Chess.com,Google Play,en,us,2026-04-17 17:55:05,2026-01-27
fe168c0d-e887-4dae-af76-771ec87f1a39,Alfred Tauna,Good to pass the time,5,0,4.9.20-googleplay,4.9.20-googleplay,2026-02-01 02:49:56,,,Chess.com,Google Play,en,us,2026-04-17 17:55:05,2026-01-27
2ca95c26-7cee-4423-b251-2836ba907e83,Sahil Gupta,good interface to play the game,5,0,4.9.19-googleplay,4.9.19-googleplay,2026-01-31 18:26:47,,,Chess.com,Google Play,en,us,2026-04-17 17:55:05,2026-01-27
943e4270-1260-4fdb-98c2-8b2a30fb709b,Nworie Nancy,Wonderful 😊,5,0,4.9.18-googleplay,4.9.18-googleplay,2026-01-31 16:58:02,,,Chess.com,Google Play,en,us,2026-04-17 17:55:05,2026-01-27
542b1088-0317-4ed0-a228-f4ca5c340e44,Karta Levy,the developer doesn't know how to write a program and it's a scamm paying that much for chess,1,1,4.9.20-googleplay,4.9.20-googleplay,2026-01-31 12:04:58,Please let us know about any issues you are finding on the app. We will work to resolve them for you! www.chess.com/support,2026-02-01 14:45:28,Chess.com,Google Play,en,us,2026-04-17 17:55:05,2026-01-27
49381c0a-e8c5-4189-bb3b-df55d3aeaa6f,Mahmoud J,idk like fun,5,0,4.9.20-googleplay,4.9.20-googleplay,2026-01-31 08:34:43,,,Chess.com,Google Play,en,us,2026-04-17 17:55:05,2026-01-27
c6677e64-40f4-4bba-ba14-9c0afca4d9f7,sakshi Chaurasia,good job...,2,0,4.9.19-googleplay,4.9.19-googleplay,2026-01-31 06:12:52,Thank you for this suggestion. We'll explore this possibility for future updates!,2026-02-01 15:14:12,Chess.com,Google Play,en,us,2026-04-17 17:55:05,2026-01-27
6fe88110-2a73-49cc-88ef-c776634d9741,Giada Savona,Pay to win,3,0,4.9.20-googleplay,4.9.20-googleplay,2026-01-30 20:09:56,"Thanks for your review. We believe our training services are worth the cost since players can make great improvements in their game. You can test these features with a free 7-day trial! Basic members still can access 3 puzzles, one lesson per week and one game report per day among other features, including ChessTV! Games will always be free. :)",2026-02-01 18:13:13,Chess.com,Google Play,en,us,2026-04-17 17:55:05,2026-01-27
e1e47523-433a-4908-ba83-e14ee3063020,Victor Abner Ruiz Cruz,"I am disappointed to report that my account was permanently removed for an alleged 'Fair Play' violation. Despite filing an appeal, the decision was upheld without any specific evidence provided. As a casual player who often lost more than I won, it appears that any sudden improvement in performance is flagged as suspicious rather than progress. This experience suggests a lack of transparency and a 'pay-to-win' environment where legitimate skill advancement is penalized.",1,6,4.9.20-googleplay,4.9.20-googleplay,2026-01-30 19:49:34,"Sorry for the difficulties! Please check your email inbox for a closure notice with an explanation about your Chess.com account status and how to proceed. If you haven't received a notice, please visit this link for help: www.chess.com/support",2026-01-23 19:09:58,Chess.com,Google Play,en,us,2026-04-17 17:55:05,2026-01-27
7ddd0580-fdba-4256-8d40-1d0d10d6e690,Zou Saleck,the besst game,5,0,4.9.19-googleplay,4.9.19-googleplay,2026-01-30 17:15:11,,,Chess.com,Google Play,en,us,2026-04-17 17:55:05,2026-01-27
80669ad7-4f8c-4ce6-8474-360935acd1a5,Ros Encinas,This is a great site for chess enthusiasts worldwide.,5,0,4.9.20-googleplay,4.9.20-googleplay,2026-01-30 09:47:19,,,Chess.com,Google Play,en,us,2026-04-17 17:55:05,2026-01-27
ce6a8c1f-bac0-49bf-b783-1b35339504bd,Pandit Niraj,"""As a beginner, I couldn't ask for a better experience. The interactive lessons are easy to follow, and the daily puzzles make practicing fun. The user interface is very clean and beginner-friendly. Highly recommend for anyone looking to pick up the game!""",5,1,4.9.18-googleplay,4.9.18-googleplay,2026-01-30 09:43:57,,,Chess.com,Google Play,en,us,2026-04-17 17:55:05,2026-01-27
1d9ddd05-5e30-425e-91c9-d4e966cb4bf0,Monaj Sarkar,excellent,5,0,4.9.20-googleplay,4.9.20-googleplay,2026-01-30 09:19:29,,,Chess.com,Google Play,en,us,2026-04-17 17:55:05,2026-01-27
42b3ddab-b40c-48f8-92c7-7e3a2d58c3ae,Kacey K-F,great chess app really recommended,5,0,,,2026-01-30 04:37:48,,,Chess.com,Google Play,en,us,2026-04-17 17:55:05,2026-01-27
78d0e4b0-d237-4eca-a39c-8a88eaecc4cc,M.D. EBADATH HOSSAIN SHAFI,so nice and helps to learn chess to new players and let players play with strong opponents,5,0,,,2026-01-29 14:13:38,We're glad you're having fun learning chess. Thanks for choosing Chess.com!,2026-02-04 18:13:46,Chess.com,Google Play,en,us,2026-04-17 17:55:05,2026-01-27
db0b1053-abfc-45c2-8d7b-cc45830105c5,Jit Ruidas,this game is very good for the beginners it has teacher to teach you,4,0,4.9.20-googleplay,4.9.20-googleplay,2026-01-29 08:35:55,"We're glad you're having fun playing chess against the Coach. If you have suggestions for us on how the Chess.com app could be better, please let us know. We want the app to be worthy of a 5-star rating to you! You can submit feedback at: www.chess.com/support",2026-02-01 06:21:30,Chess.com,Google Play,en,us,2026-04-17 17:55:05,2026-01-27
5974a014-8cf1-4ad4-927e-c8dd95d43470,Dinthu Dstar,good and smooth playing bord and good supervision,4,2,4.9.19-googleplay,4.9.19-googleplay,2026-01-29 04:24:59,"Thanks for your review! If you have suggestions for us on how the Chess.com app could be better, please let us know. We want the app to be worthy of a 5-star rating to you! You can submit feedback at: www.chess.com/support",2026-02-01 06:21:33,Chess.com,Google Play,en,us,2026-04-17 17:55:05,2026-01-27
8153a1ba-3565-44a6-9448-c0a8613f66ca,babaali moslim,This is the app you should be addicted to,5,0,4.9.19-googleplay,4.9.19-googleplay,2026-01-28 22:58:10,,,Chess.com,Google Play,en,us,2026-04-17 17:55:05,2026-01-27
872a0563-acba-4ab3-b4c9-8542becbea10,Visakathai P,best chess gaming app,5,0,4.9.19-googleplay,4.9.19-googleplay,2026-01-28 17:39:15,,,Chess.com,Google Play,en,us,2026-04-17 17:55:05,2026-01-27
68e24bb1-7052-4ade-b545-53b206178b6f,manoj kumar,it's an amazing app of its types....,5,0,4.9.19-googleplay,4.9.19-googleplay,2026-01-28 13:35:19,,,Chess.com,Google Play,en,us,2026-04-17 17:55:05,2026-01-27
64497322-fe47-46ec-94e2-6c21a555eda5,A W,make you believe your premium is a monthly payment. end up charging a years worth. false advertsing and misleading. app removed.,1,1,4.9.19-googleplay,4.9.19-googleplay,2026-01-28 09:19:45,"Sorry for the misunderstanding! We'll help change your yearly membership plan to a monthly one, including a partial refund, if you would please submit a request at: www.chess.com/support",2026-02-01 06:19:08,Chess.com,Google Play,en,us,2026-04-17 17:55:05,2026-01-27
fd35d0b2-f6b2-474e-8d18-3084c59802f2,shajith r,best chess game ever,5,0,4.9.19-googleplay,4.9.19-googleplay,2026-01-27 17:00:48,,,Chess.com,Google Play,en,us,2026-04-17 17:55:05,2026-01-27
c2938db6-780e-45c2-a00e-31526c5c7a40,Seema Dubey,"Very nice game. I have no idea how to play chess but when, l download this app, I have learn how to play chess",5,1,4.9.19-googleplay,4.9.19-googleplay,2026-01-27 15:56:43,,,Chess.com,Google Play,en,us,2026-04-17 17:55:05,2026-01-27
aaec8294-9116-4fff-82be-6c541fc9ecfe,Sengnak Marak,excellent 👍,4,0,4.9.19-googleplay,4.9.19-googleplay,2026-01-27 14:20:14,"Thanks for your review! If you have suggestions for us on how the Chess.com app could be better, please let us know. We want the app to be worthy of a 5-star rating to you! You can submit feedback at: www.chess.com/support",2026-02-01 06:20:21,Chess.com,Google Play,en,us,2026-04-17 17:55:05,2026-01-27
dafd3adb-2000-468d-982c-82778a9d8a72,SAM,goofygenchess anna video pathu install 😁,5,1,,,2026-01-27 10:00:11,,,Chess.com,Google Play,en,us,2026-04-17 17:55:05,2026-01-27
480eb6b1-2cc0-4f00-aa91-8ef09d542837,Yuventius Seniarto,nice chess,5,0,4.9.19-googleplay,4.9.19-googleplay,2026-01-27 06:42:03,,,Chess.com,Google Play,en,us,2026-04-17 17:55:05,2026-01-27
c1b1c0ad-7560-45e2-8e43-470f91e05649,Harish Hari,good feel ✨,5,0,4.9.19-googleplay,4.9.19-googleplay,2026-01-26 11:05:50,,,Chess.com,Google Play,en,us,2026-04-17 17:55:05,2026-01-20
b2260a62-d0a2-47de-86dc-7cca11d6d479,A Google user,I enjoy playing online with distant friends.,5,0,4.9.19-googleplay,4.9.19-googleplay,2026-01-25 23:24:05,We're glad you're enjoying playing chess with friends. Thanks for choosing Chess.com!,2026-01-26 00:29:46,Chess.com,Google Play,en,us,2026-04-17 17:55:05,2026-01-20
c159484c-cf74-4a4d-97b6-d52d264aba38,Shuluq Boy,Good 👍 👍 👍,5,0,4.9.19-googleplay,4.9.19-googleplay,2026-01-25 16:18:17,,,Chess.com,Google Play,en,us,2026-04-17 17:55:05,2026-01-20
cc829e68-4c1a-4e7a-85bf-80dbc8255a9e,Anshul Porwal,Reported a critical fair play bug via email. Guest bots are being used for real-time assistance in live matches. This needs urgent fix for game integrity. Ticket/Report sent by Anshul Porwal.,1,0,4.9.19-googleplay,4.9.19-googleplay,2026-01-25 06:56:47,"Thank you, our Fair Play team will review it shortly.",2026-01-26 00:35:16,Chess.com,Google Play,en,us,2026-04-17 17:55:05,2026-01-20
5d41700a-ac71-4e10-8f4f-c1e2652ffa9e,Himanshu Tiwari,it help too play too hard level and easy to analysis,4,0,,,2026-01-25 05:52:53,"Thanks for your review! If you have suggestions for us on how the Chess.com app could be better, please let us know. We want the app to be worthy of a 5-star rating to you! You can submit feedback at: www.chess.com/support",2026-01-26 23:47:18,Chess.com,Google Play,en,us,2026-04-17 17:55:05,2026-01-20
c30d0b11-5a6c-48fe-9595-2cbe4888d42f,Nuh Mikail,this game is fire I'm good at it,5,0,4.9.19-googleplay,4.9.19-googleplay,2026-01-25 03:26:25,,,Chess.com,Google Play,en,us,2026-04-17 17:55:05,2026-01-20
a730fff2-4f78-4104-8d96-3482053fd9f7,matin,"Oh my, it brought back good memories. Too bad I don't have the chance to play anymore. 😢",5,0,,,2026-01-24 20:16:40,,,Chess.com,Google Play,en,us,2026-04-17 17:55:05,2026-01-20
2d110129-1e60-45a4-a641-2bb1cc321f25,Cabdiraxmaan Khaliif Tahliil,All time best Chess App,5,0,4.9.19-googleplay,4.9.19-googleplay,2026-01-24 17:49:29,,,Chess.com,Google Play,en,us,2026-04-17 17:55:05,2026-01-20
f13f6be3-48ff-4c12-b285-3c6a60963bef,Ashik Rahmathullah,I install this game to play with goofy bro💝,5,0,,,2026-01-24 17:13:57,,,Chess.com,Google Play,en,us,2026-04-17 17:55:05,2026-01-20
39bc7a45-2f82-4fe2-a716-d60ee7917e85,Zubin Zack. R,awesome,5,0,4.9.18-googleplay,4.9.18-googleplay,2026-01-24 11:50:28,,,Chess.com,Google Play,en,us,2026-04-17 17:55:05,2026-01-20
bd1cc027-09c3-4c70-b3b7-cb4388f68f91,Maya Raii,perfect ✨,5,0,4.9.17-googleplay,4.9.17-googleplay,2026-01-23 15:25:11,,,Chess.com,Google Play,en,us,2026-04-17 17:55:05,2026-01-20
ecea9827-f1ca-4994-b96d-b9a7af60fc47,Shiva Shankar,amazing and smooth play and good experience ❤️,5,0,4.9.19-googleplay,4.9.19-googleplay,2026-01-23 14:45:30,Thanks for sharing the passion for chess. We're glad to have you on Chess.com!,2026-01-23 19:24:01,Chess.com,Google Play,en,us,2026-04-17 17:55:05,2026-01-20
da13361a-d132-4774-a5a4-177f38a4cd13,Graham Raad,Phenomenal app,5,0,4.9.17-googleplay,4.9.17-googleplay,2026-01-23 07:24:48,,,Chess.com,Google Play,en,us,2026-04-17 17:55:05,2026-01-20
684b8043-af93-40c7-a64e-8a67319a6f7f,YT_TITAN _TTV,elo is inaccurate,5,0,4.9.19-googleplay,4.9.19-googleplay,2026-01-22 19:42:26,,,Chess.com,Google Play,en,us,2026-04-17 17:55:05,2026-01-20
d03e6f2d-7bde-4268-9d81-17a7361afc1d,dian,it'll better if non premium user also can use analysis mode,4,0,4.9.11-googleplay,4.9.11-googleplay,2026-01-22 17:28:01,"Game Review is one of the very best tools to improve your chess, with personalized feedback on your games. You can review the critical moments of your games and correct errors. Don't forget we offer a free trial if you'd like to try out unlimited Game Review!",2026-01-22 22:12:14,Chess.com,Google Play,en,us,2026-04-17 17:55:05,2026-01-20
fea168a5-f420-4e08-a3be-c98c14e46eff,sanjay Sanjay,support 💪🏻,5,0,4.9.18-googleplay,4.9.18-googleplay,2026-01-21 19:45:22,,,Chess.com,Google Play,en,us,2026-04-17 17:55:05,2026-01-20
4de2aec0-901f-444f-bb5e-75e109cd5a42,Killua Ken,The best chess app ever,5,0,,,2026-01-21 08:32:47,,,Chess.com,Google Play,en,us,2026-04-17 17:55:05,2026-01-20
f541612e-1a72-4416-9d04-1caecc8c138d,Joaquin cyril Robles,i changed my mind this is such a good game,5,0,4.9.19-googleplay,4.9.19-googleplay,2026-01-20 14:13:17,,,Chess.com,Google Play,en,us,2026-04-17 17:55:05,2026-01-20
98fd377a-fe3d-4fd5-a5f8-fa0484927b1b,Sarvesh,"premium price is huge bro , no one can learn chess if the prices are this high",1,0,4.9.18-googleplay,4.9.18-googleplay,2026-01-20 14:02:50,"Thank you for this feedback. If you're interested in Premium membership, we offer three different membership plans at both annual or monthly rates, so there is an option for every budget. To test out the amazing training features like video Lessons and Game Review, don't forget we offer a free trial!",2026-01-20 15:11:21,Chess.com,Google Play,en,us,2026-04-17 17:55:05,2026-01-20
40b7b6e8-45d0-4bb7-8732-613340a17331,poorni Ganesh,it is a nice game to improve chess but it is slightly pay to win,3,0,4.9.8-googleplay,4.9.8-googleplay,2026-01-20 02:55:44,"We offer Premium subscriptions, but with a free account you'll still have limited access to Puzzles, Lessons, and Game Review, and playing chess on Chess.com will always be free. There is a also a free trial if you'd like to test out unlimited training features!",2026-01-20 15:15:42,Chess.com,Google Play,en,us,2026-04-17 17:55:05,2026-01-20
27720f3b-531f-432a-9eda-0604308fb1dd,Naib Muhammad,fun game🥹✌️,5,0,4.9.18-googleplay,4.9.18-googleplay,2026-01-19 21:51:40,,,Chess.com,Google Play,en,us,2026-04-17 17:55:05,2026-01-13
8ee78ae6-b800-4077-811f-e62ff629962e,anime news,world best platform to play chess,5,0,4.8.6-googleplay,4.8.6-googleplay,2026-01-19 19:04:41,We're glad you think the Chess.com app is the best. Thank you for your review!,2026-01-19 23:47:31,Chess.com,Google Play,en,us,2026-04-17 17:55:05,2026-01-13
f712db2c-fc86-430a-85a9-e528c89b7a80,Kim Heng,give me more puzzles,5,0,4.9.18-googleplay,4.9.18-googleplay,2026-01-19 08:35:38,"Thank you for this feedback. Don't forget that unlimited Puzzles are included with any level of Premium membership, and we offer a free trial if you want to test out Puzzles!",2026-01-20 17:11:05,Chess.com,Google Play,en,us,2026-04-17 17:55:05,2026-01-13
a593f2a7-8395-4510-8b27-6c372ba7f067,Ike Chekwube,"nice game, but can we make an unrated section to test out new opening against humans and not boys",4,0,,,2026-01-18 21:00:33,It's possible to play games on Chess.com that do not affect rating! Tap on the options: Play>Custom>Rated (Off). This setting will take effect for all your games afterward. Please visit this link for assistance: www.chess.com/support,2026-01-18 22:20:49,Chess.com,Google Play,en,us,2026-04-17 17:55:05,2026-01-13
7fcb53f8-02a4-428a-81f9-de4d0a8b1a56,Dheeraj M,"disappointed as my rating deducted, when I started the game the opponent didn't move any piece as white and he was inactive when I quit the game ratings got deducted felt unnecessary as game dint started",1,3,4.9.18-googleplay,4.9.18-googleplay,2026-01-18 17:08:48,"Sorry for the difficulties! To explain, the number of games a player can abort is limited. This is done, for example, to prevent a member from simply playing their games as white and aborting the game otherwise. Don't worry, the option will come back after playing a few more games without canceling.",2026-01-18 17:15:39,Chess.com,Google Play,en,us,2026-04-17 17:55:05,2026-01-13
5438806b-4b9a-4a16-b93c-c9b7b29a29d1,Apsara Pubudu,this is the best app i 've ever downloaded ...and also this helped me to improve my chess moves,5,0,,,2026-01-18 14:38:02,We're glad that the Chess.com app has helped you improve your chess skills. Thanks for your review!,2026-01-18 15:51:45,Chess.com,Google Play,en,us,2026-04-17 17:55:05,2026-01-13
f0fab874-6a83-4052-ab37-87fe9cb96dda,SACHIN DASIME,Bast game,5,0,4.9.17-googleplay,4.9.17-googleplay,2026-01-18 03:36:58,,,Chess.com,Google Play,en,us,2026-04-17 17:55:05,2026-01-13
d2ec9034-9eb4-4552-9f99-5ee8fd5ab09c,France Matthew Tolentino,"The app is great for new players and returning! Only problem is the bots, wish they had more variety but other than that its great!",5,0,,,2026-01-18 01:53:37,Thank you for this feedback. We have new featured Bots coming each month!,2026-01-16 18:55:58,Chess.com,Google Play,en,us,2026-04-17 17:55:05,2026-01-13
bdfbb555-a626-453d-b6d6-3f88dc0232d3,Naman Yashu,good. chees gameeeee,5,0,4.9.18-googleplay,4.9.18-googleplay,2026-01-17 19:54:47,,,Chess.com,Google Play,en,us,2026-04-17 17:55:05,2026-01-13
33176170-0aeb-47c9-83db-168d6461f0e9,Edvinas,really good,3,0,4.9.17-googleplay,4.9.17-googleplay,2026-01-17 16:51:12,We're glad you like the Chess.com app! Would you consider giving us 5 stars? We appreciate your support!,2026-01-18 13:10:38,Chess.com,Google Play,en,us,2026-04-17 17:55:05,2026-01-13
f85f10df-fec2-4c31-9fa8-cc5cc6f7b019,Liam McHam,chess is just a fun and skill based game and this app lets you play that for free but I also think you should get more than like 3 puzzles a day without paying.,4,0,4.9.18-googleplay,4.9.18-googleplay,2026-01-17 15:42:58,"Thank you for this feedback. Don't forget that unlimited Puzzles are included with any level of Premium membership, and we offer a free trial if you want to test out Puzzles!",2026-01-18 22:44:00,Chess.com,Google Play,en,us,2026-04-17 17:55:05,2026-01-13
4d9321f6-2adf-4f41-a0db-a129219e1aed,Aiden Sedeman,it is pretty hard to win but when you put in the work everything gets easier.....,5,0,4.9.18-googleplay,4.9.18-googleplay,2026-01-17 15:09:36,"Chess is very difficult, but we have the perfect tools to help you learn. 100s of video lessons from beginner to master level, thousands of puzzles, and personalized game analysis to correct your mistakes right after you play a game. You can try out all of these features with a free membership trial!",2026-01-18 22:45:40,Chess.com,Google Play,en,us,2026-04-17 17:55:05,2026-01-13
ca434d09-6638-4c43-ae64-2a2b423a2d15,ariya Ak,that game is better and good playing is better good ❤️❤️,5,0,4.9.18-googleplay,4.9.18-googleplay,2026-01-17 09:04:39,We're glad you're having fun playing chess. Thanks for choosing Chess.com!,2026-01-20 16:59:42,Chess.com,Google Play,en,us,2026-04-17 17:55:05,2026-01-13
2d6fafee-6e69-4c43-bccc-c5b83062183d,Tom Gnielka,i like chess,5,0,4.9.18-googleplay,4.9.18-googleplay,2026-01-16 20:27:35,,,Chess.com,Google Play,en,us,2026-04-17 17:55:05,2026-01-13
2e705bcd-3279-4620-a545-5cba8fcb6d79,Hussein Mohamed Abd Ellateef,very good game,5,0,4.9.18-googleplay,4.9.18-googleplay,2026-01-16 15:20:58,,,Chess.com,Google Play,en,us,2026-04-17 17:55:05,2026-01-13
b0748abf-765c-4c58-bc8a-099e5f9cfa5c,Snot,Beware This Game Cheats Big Time!!!!,1,1,4.9.17-googleplay,4.9.17-googleplay,2026-01-16 14:52:06,"Stopping cheating is one of our absolute highest priorities at Chess.com. We analyze hundreds of millions of games each month using state-of-the-art detection method, and any account found to be cheating is immediately closed: www.chess.com/article/view/chesscom-update-december-2025#FairPlay",2026-01-16 18:07:59,Chess.com,Google Play,en,us,2026-04-17 17:55:05,2026-01-13
671bc89e-bd84-4a4b-b5f9-56a2743e3e08,Jaffar Sadiq Syed,good name ☺️,3,0,4.9.18-googleplay,4.9.18-googleplay,2026-01-16 11:08:33,If you have feedback for us or suggestions on how the Chess.com app could be better please let us know. We want the app to be worth 5 stars for you!,2026-01-16 18:09:16,Chess.com,Google Play,en,us,2026-04-17 17:55:05,2026-01-13
d8c4cd54-5f77-403c-9e0e-b5ddbf212dfc,Malik Jabran,if you people put an zeros rate option then i would give Zero 0 i reported many times to you people that many of my opponents played with two Queens in sane game that's unfair game and against the international rules of ches and many games i lose and also decrease my rating but you people didn't take any action. so in that case i am thinking 🤔 that you people are some lower class developers who are seeking for web traffic on their platform and no care about any complaint Very Disappointed 😡,1,0,4.9.17-googleplay,4.9.17-googleplay,2026-01-16 09:15:43,"Thank you for your feedback. In the official international rules of chess, it's possible for player to have two or more queens! For example, there is this famous game between Fischer and Petrosian with four queens: www.chess.com/games/view/87347",2026-01-16 18:10:54,Chess.com,Google Play,en,us,2026-04-17 17:55:05,2026-01-13
99006a03-891a-458c-8cd3-e9909db5542f,Adam Karmouh,very good very nice 👍 👏 😀 😊 ☺️ 👌,5,0,,,2026-01-15 22:05:49,,,Chess.com,Google Play,en,us,2026-04-17 17:55:05,2026-01-13
52cfe719-52ee-4fcf-a504-92071a08655e,Rena,wow we need a subscription even to play chess now,1,0,,,2026-01-15 20:30:14,"It's totally free to play chess on Chess.com, and it always will be! If you're interested in making serious improvements in your chess game, we offer Premium subscriptions for access to the best training tools on the market, including video Lessons and Game Review. Make sure to test them out with the free trial!",2026-01-15 21:14:49,Chess.com,Google Play,en,us,2026-04-17 17:55:05,2026-01-13
abafd9f4-27ac-4be0-8993-6cd7b14c65eb,Deepak Palde,very good,5,0,4.9.17-googleplay,4.9.17-googleplay,2026-01-15 18:51:03,,,Chess.com,Google Play,en,us,2026-04-17 17:55:05,2026-01-13
b70ff045-00b9-4253-b0dc-025013b92f7f,Calvin Harris,"Really enjoyable app that can be played with friends, people from 200+ other countries, your coach, or bots. This is my go-to app when I'm bored. Love this app.",5,0,,,2026-01-15 06:51:00,Thanks for an awesome review. We're glad you're enjoying Chess.com!,2026-01-16 18:54:12,Chess.com,Google Play,en,us,2026-04-17 17:55:05,2026-01-13
678f1846-441b-4166-bc1a-04253962d62c,Isaac Bla,free chess app is pretty good,5,0,4.9.18-googleplay,4.9.18-googleplay,2026-01-15 00:49:37,,,Chess.com,Google Play,en,us,2026-04-17 17:55:05,2026-01-13
f0472d18-53f8-4af2-86a9-40fbd9224b31,manoj sagar,too Good 👍,4,0,4.9.17-googleplay,4.9.17-googleplay,2026-01-14 13:37:08,"Thanks for your review! If you have suggestions for us on how the Chess.com app could be better, please let us know. We want the app to be worthy of a 5-star rating to you! You can submit feedback at: www.chess.com/support",2026-01-15 21:37:15,Chess.com,Google Play,en,us,2026-04-17 17:55:05,2026-01-13
c32b3a25-e3e6-43f3-ae8d-6b33c88ca468,Richy Gorman,yes gud,5,0,,,2026-01-14 10:54:05,,,Chess.com,Google Play,en,us,2026-04-17 17:55:05,2026-01-13
33d717a0-f4be-4a35-b8c8-677c8fd5d82d,Sudhakar Nalamani,Excellent app most of time opsite players hold my another move so irritate an i am exit the app at the time please solved this issues as soon as possible,5,1,4.9.18-googleplay,4.9.18-googleplay,2026-01-14 07:14:26,"Sorry for the difficulties! If you disconnect from a game or close the app, the game will end early due to that disconnection. In case an opponent seems to be purposefully wasting time in a losing position, please report it by tapping their avatar. We impose restrictions or even account closure to prevent this behavior!",2026-01-16 18:26:12,Chess.com,Google Play,en,us,2026-04-17 17:55:05,2026-01-13
5eb98716-6f10-4d0a-bd83-e5cd4251856b,Thabang Metsing,Please make it shut up. no one wants to use keypad tones in 2026,1,0,4.9.18-googleplay,4.9.18-googleplay,2026-01-13 16:59:01,The Chess.com app's sound level will match your device's volume. You can disable sound in the menu: More>Settings>Board>Sound.,2026-01-13 22:25:05,Chess.com,Google Play,en,us,2026-04-17 17:55:05,2026-01-13
a348f6b2-51df-443c-9812-09915c29ddf2,Abhishek Yadav,good only legends are live here,5,0,4.9.17-googleplay,4.9.17-googleplay,2026-01-13 14:38:17,We're glad you like the Chess.com app. Thank you for your 5 star review!,2026-01-13 23:49:12,Chess.com,Google Play,en,us,2026-04-17 17:55:05,2026-01-13
632876bb-02ab-43ed-9bb8-ce53dd3e08bf,vipin Akon,so much fun,5,0,4.9.18-googleplay,4.9.18-googleplay,2026-01-13 14:32:11,,,Chess.com,Google Play,en,us,2026-04-17 17:55:05,2026-01-13
c373f196-6957-4517-bff9-75eef5129d13,Xavier,Excellent way to learn the game. If your new there are lots of ai for you to go up against and you can play online to up your elo. My only complaint is that you can only get one game check if you don't pay money for it. Other than that this game is very good to learn the game.,4,5,4.9.17-googleplay,4.9.17-googleplay,2026-01-13 02:46:24,"Thank you for this feedback. Game Review is one of the very best tools to improve your chess, with personalized feedback on your games. You can review the critical moments of your games and correct errors. Don't forget we offer a free trial if you'd like to try out unlimited Game Review!",2026-01-13 22:41:17,Chess.com,Google Play,en,us,2026-04-17 17:55:05,2026-01-13
74d713cd-6e39-4c51-bd0d-ea7daf4cbaff,MUSTAKIN Rahman,Superb! Extraordinary platform for Chess passionate.,5,0,4.9.14-googleplay,4.9.14-googleplay,2026-01-12 21:02:12,We're glad you like the Chess.com app. Thank you for your 5 star review!,2026-01-13 23:35:36,Chess.com,Google Play,en,us,2026-04-17 17:55:05,2026-01-06
206ab8de-966c-418c-98f6-0bfbb29c5df2,Dileep Lekhawat,Excellent Chess ♟️ Platform,4,0,,,2026-01-12 09:57:30,"Thanks for your review! If you have suggestions for us on how the Chess.com app could be better, please let us know. We want the app to be worthy of a 5-star rating to you! You can submit feedback at: www.chess.com/support",2026-01-12 17:24:21,Chess.com,Google Play,en,us,2026-04-17 17:55:05,2026-01-06
a109fe35-2c81-4aba-a4d1-267615c52d4c,Silas Hemphill,It is a very fun way to learn and compete in chess,5,1,4.9.17-googleplay,4.9.17-googleplay,2026-01-12 01:24:16,,,Chess.com,Google Play,en,us,2026-04-17 17:55:05,2026-01-06
493c8944-7946-4be7-b14e-7342a522f70c,Prajapati Shivam,It is good for mind 🙂🙂🙂🙂🙂🙂🙂🙂🙂🙂🙂🙂🙂🙂🙂🙂🙂🙂🙂🙂🙂🙂🙂🙂🙂🙂🙂🙂🙂🙂🙂🙂🙂🙂🙂🙂🙂🙂🙂🙂🙂 and I play I am very happy,4,0,4.9.17-googleplay,4.9.17-googleplay,2026-01-11 23:05:01,We want the app to be not just okay but amazing! Please visit www.chess.com/support if you need assistance or if you'd like to share feedback with us. We're here to help!,2026-01-11 23:23:24,Chess.com,Google Play,en,us,2026-04-17 17:55:05,2026-01-06
f1a150b5-972b-44ff-89fa-bbb3390f92f1,Cvig Ndima,Awesome,5,0,4.9.17-googleplay,4.9.17-googleplay,2026-01-11 15:44:29,,,Chess.com,Google Play,en,us,2026-04-17 17:55:05,2026-01-06
09834e32-1634-4074-b52f-8b1c0ed4a435,KO KO NAING,I like this,5,0,4.9.17-googleplay,4.9.17-googleplay,2026-01-11 11:01:56,,,Chess.com,Google Play,en,us,2026-04-17 17:55:05,2026-01-06
55365535-965a-4958-9b75-03c8688a580d,ARUSH Kapse,he'll yeah,5,0,4.9.17-googleplay,4.9.17-googleplay,2026-01-10 17:15:26,,,Chess.com,Google Play,en,us,2026-04-17 17:55:05,2026-01-06
28aaa8a0-7451-4420-8cbc-7f6a68fa4ced,Vishnu ravi Pandu,good game,5,0,4.9.17-googleplay,4.9.17-googleplay,2026-01-10 06:44:55,,,Chess.com,Google Play,en,us,2026-04-17 17:55:05,2026-01-06
f736bb02-516e-4ecb-9364-e4cb970e9658,Ian Nales,pay to win app,1,0,4.9.17-googleplay,4.9.17-googleplay,2026-01-10 05:05:33,"It's completely free to play chess on our app, and we have premium features such as hundreds of video lessons and thousands of puzzles created by masters of the game. There's no obligation to sign up for premium, but if you're interested we offer a free 7-day trial!",2026-01-11 23:21:00,Chess.com,Google Play,en,us,2026-04-17 17:55:05,2026-01-06
35b9b732-8a8c-48ee-ab53-236638cb1bd5,Dhaval Vala,I want to change my username but change option is not showing in the app I have updated the app but still I am not able to change it very bad review from my sude,1,4,4.9.17-googleplay,4.9.17-googleplay,2026-01-09 15:16:43,You can change your username if you login to Chess.com in a web browser and visit the main settings page here: www.chess.com/settings. We plan to add this option to the app in the future!,2026-01-09 22:30:48,Chess.com,Google Play,en,us,2026-04-17 17:55:05,2026-01-06
d3e6e784-d43c-46ae-9987-cad2442f52a3,AMAN KASOUDHAN,my account is run online with only a WiFi mode only,5,0,4.9.16-googleplay,4.9.16-googleplay,2026-01-09 13:11:07,,,Chess.com,Google Play,en,us,2026-04-17 17:55:05,2026-01-06
20e7f154-8fb9-4e3c-8337-4766bf0ff18f,SUCCESS JAJA,perfect,5,0,4.9.17-googleplay,4.9.17-googleplay,2026-01-09 09:54:50,,,Chess.com,Google Play,en,us,2026-04-17 17:55:05,2026-01-06
6c4d633b-2ce0-4b98-a0ea-8555be08afd9,Mamadou Mangane,amazing,5,0,4.9.17-googleplay,4.9.17-googleplay,2026-01-09 00:47:07,,,Chess.com,Google Play,en,us,2026-04-17 17:55:05,2026-01-06
184467b0-774c-486c-820a-3b4cbce30e32,Daksh Shukla,nice game,5,0,4.9.17-googleplay,4.9.17-googleplay,2026-01-08 18:31:04,,,Chess.com,Google Play,en,us,2026-04-17 17:55:05,2026-01-06
af181ce1-8da5-4dc3-a205-9f3ea6461c69,Marvine Pateña,#1 Chess application. Only one you'll need to get your chess game leveled up! 🔥 🔥 🔥,5,1,4.9.17-googleplay,4.9.17-googleplay,2026-01-07 18:23:12,Keep taking your chess skills to the next level on Chess.com!,2026-01-07 21:42:06,Chess.com,Google Play,en,us,2026-04-17 17:55:05,2026-01-06
4debde16-6645-4685-ba7c-abeebe2863ab,Lev Boudinov,nice but allot of paywalls,4,0,,,2026-01-07 17:10:25,"Thank you for this feedback. We offer a free trial if you'd like to test out great features like Lessons and Game Review. Keep an eye out for discounts and promotions in the app as well, as we do have seasonal sales!",2026-01-07 18:46:09,Chess.com,Google Play,en,us,2026-04-17 17:55:05,2026-01-06
398bd275-bdde-43bb-9bd2-9d1f7f0d823b,Jemima Arul,used full 💯,5,0,4.9.17-googleplay,4.9.17-googleplay,2026-01-07 13:41:45,,,Chess.com,Google Play,en,us,2026-04-17 17:55:05,2026-01-06
20ac4f60-e4f4-4069-8cc4-938456a2eb4e,vasanth race,good 👍,5,0,4.9.15-googleplay,4.9.15-googleplay,2026-01-07 09:18:04,,,Chess.com,Google Play,en,us,2026-04-17 17:55:05,2026-01-06
fb70af54-4f1d-4f99-9800-c7131d431d1e,Mcleon Daniel,"it's great and really educational and engaging, overall it's good for beginners.",4,0,4.9.17-googleplay,4.9.17-googleplay,2026-01-06 14:47:22,"Thanks for your review! If you have suggestions for us on how the Chess.com app could be better, please let us know. We want the app to be worthy of a 5-star rating to you! You can submit feedback at: www.chess.com/support",2026-01-06 22:19:42,Chess.com,Google Play,en,us,2026-04-17 17:55:05,2026-01-06
8665fcee-16f1-45e9-b201-1a4a44ed3132,grentory 506,There's an annoying bug where when you move the time doesn't change to the enemy and stays with you and most of the time they are toxic and abuse the bug when it happens you therefore making you lose the game and how does a chess game even have bugs it's just chess,1,1,4.9.17-googleplay,4.9.17-googleplay,2026-01-06 12:03:38,"Sorry for the difficulties! Issues with the game clock can occur due to latency or disconnection. For help optimizing connectivity, visit: www.chess.com/support",2026-01-06 19:40:07,Chess.com,Google Play,en,us,2026-04-17 17:55:05,2026-01-06
8829bf77-90e2-4d87-b82e-e80156e9a29f,Brij Mehra,excellent,5,0,4.9.17-googleplay,4.9.17-googleplay,2026-01-06 11:03:13,,,Chess.com,Google Play,en,us,2026-04-17 17:55:05,2026-01-06
7e882e62-3d75-40c2-a557-8cdcc31491a4,Sujitha Palani,👍👍👍👍👍👍👍👍,5,0,,,2026-01-06 03:13:32,,,Chess.com,Google Play,en,us,2026-04-17 17:55:05,2026-01-06
9ecdc4f3-837c-4488-b752-e37a048d064b,Lwazi Sambo,the best online chess ever,5,0,4.9.17-googleplay,4.9.17-googleplay,2026-01-05 20:15:43,,,Chess.com,Google Play,en,us,2026-04-17 17:55:05,2025-12-30
0aea6639-3951-4125-816c-59706b0a2835,mohamd mlg90,hate the forced overview being supscription,3,0,4.9.17-googleplay,4.9.17-googleplay,2026-01-04 20:11:34,"It's completely free to play chess on our app, and we have premium features such as hundreds of video lessons and thousands of puzzles created by masters of the game. There's no obligation to sign up for premium, but if you're interested we offer a free 7-day trial!",2026-01-04 20:00:11,Chess.com,Google Play,en,us,2026-04-17 17:55:05,2025-12-30
00c4281d-4d9c-4714-ab54-4c1541e99352,Mehran Keramat,simply known as best chess ♟️ app ever,5,0,4.9.17-googleplay,4.9.17-googleplay,2026-01-04 19:21:44,We're happy you think the Chess.com app is the best. Thanks for your review!,2026-01-04 21:45:59,Chess.com,Google Play,en,us,2026-04-17 17:55:05,2025-12-30
b3d5b74d-0d7e-4626-b9d5-8a4f1ecd782d,Edward Kunda,I love it!,5,0,4.9.17-googleplay,4.9.17-googleplay,2026-01-04 19:04:32,Thanks for sharing the passion for chess. We're glad to have you on Chess.com!,2026-01-04 21:23:17,Chess.com,Google Play,en,us,2026-04-17 17:55:05,2025-12-30
e1fbb8f7-e282-44e3-8f33-74023f6bdbb3,Kamil Kamo,best game ever,5,0,4.9.17-googleplay,4.9.17-googleplay,2026-01-04 08:40:37,,,Chess.com,Google Play,en,us,2026-04-17 17:55:05,2025-12-30
79ac0b1f-2675-4cd2-bf01-e8ab1e818101,Chris Han,too many timing issues.,1,0,4.9.17-googleplay,4.9.17-googleplay,2026-01-04 00:12:25,Please contact us and let us know more about this issue. We're here to help! You can reach our dedicated Support team here: www.chess.com/support,2026-01-04 00:29:20,Chess.com,Google Play,en,us,2026-04-17 17:55:05,2025-12-30
dc6f874c-320f-494b-8ac0-8e629063469d,Ifeoma Agu,Best! chess Every,5,0,4.9.17-googleplay,4.9.17-googleplay,2026-01-03 14:40:36,,,Chess.com,Google Play,en,us,2026-04-17 17:55:05,2025-12-30
6110a4a7-8b38-456e-a105-fa35bf28bc4c,Harsh kumar Singh,good app,5,0,4.9.17-googleplay,4.9.17-googleplay,2026-01-03 08:41:38,,,Chess.com,Google Play,en,us,2026-04-17 17:55:05,2025-12-30
2d161a81-fb5b-44cd-a095-ff7f4527f52b,Ask Me,Great Game play end 2 end,5,0,4.9.17-googleplay,4.9.17-googleplay,2026-01-02 22:33:44,,,Chess.com,Google Play,en,us,2026-04-17 17:55:05,2025-12-30
710980f7-69cf-4025-9c49-663df54967d6,Asama Patel,easy to use and it's UI is also not laggy but the only problem is about the subscription it fells very frustrated to a normal player to play it did not allow non subscription player to game review or to play with coach I request to improve this matter,4,0,,,2026-01-02 08:21:29,"Thank you for this feedback. If you're interested in Premium membership, we offer three different membership plans at both annual or monthly rates, so there is an option for every budget. To test out the amazing training features like video Lessons and Game Review, don't forget we offer a free trial!",2026-01-05 18:03:43,Chess.com,Google Play,en,us,2026-04-17 17:55:05,2025-12-30
81b25651-8243-41d6-8dba-dc5ae5cfd30c,Abhinav Sharma Old I'd,"The new UI redesign is disappointing—the previous interface was much better. The current buttons and dashboards is not looking good as compared to previous ui design. There’s also confusing color usage on player profiles: wins against a friend appear in red while losses are shown in green, which feels counterintuitive and misleading. In short bring back the previous ui design, if you want to change something so add new features instead of disturbing the ui.",4,0,,,2026-01-01 18:32:38,"Thank you for this feedback on the app's interface. We'll keep working on optimizations, and you can submit suggestions or feedback at: www.chess.com/support",2026-01-01 21:12:32,Chess.com,Google Play,en,us,2026-04-17 17:55:05,2025-12-30
92867fe0-ed95-43ad-b0bd-d3cf5d1b169e,Kapil Pandey,my favourite 😍,5,0,4.9.17-googleplay,4.9.17-googleplay,2026-01-01 17:31:30,We're glad the Chess.com app is your favorite. Thank you for your review!,2026-01-01 21:15:39,Chess.com,Google Play,en,us,2026-04-17 17:55:05,2025-12-30
a93f2825-66f8-4d4c-bbbb-8158b911eb2d,Pruthvi Bagul,"Good app for those who really love to play chase, and also fight some challenges 💪, whole world's people participants and we face more challenges so really nice..",5,0,4.9.17-googleplay,4.9.17-googleplay,2026-01-01 14:30:19,"Chess anywhere, anytime. Thanks for choosing Chess.com!",2026-01-07 21:46:02,Chess.com,Google Play,en,us,2026-04-17 17:55:05,2025-12-30
830cf24f-4891-4371-887d-fce295034926,Timur Gautschi,would love to see the black and white bar that indicates who has a better position whenplaying against friends.,5,1,4.9.17-googleplay,4.9.17-googleplay,2025-12-31 16:31:39,"When spectating a friend's game, the Evaluation bar can be displayed using the options menu. However, if you're playing in the game, it can't be displayed since that would be against the fair play rules.",2026-01-06 16:42:38,Chess.com,Google Play,en,us,2026-04-17 17:55:05,2025-12-30
b894d1f1-9446-41dc-93ce-1ef37bb1f8ad,Leslie Garcia c,"horrible, no helo unless you allow them to let you cheat and when you dont they dont teach you as you play its just like playing paintball against and navy seal sniper, no fun just feel like a punching bag.",1,0,4.9.17-googleplay,4.9.17-googleplay,2025-12-30 11:23:22,"Stopping cheating is one of our absolute highest priorities at Chess.com. We analyze hundreds of millions of games each month using state-of-the-art detection method, and any account found to be cheating is immediately closed: www.chess.com/article/view/chesscom-update-december-2025#FairPlay",2025-12-30 19:07:15,Chess.com,Google Play,en,us,2026-04-17 17:55:05,2025-12-30
9488f061-ca78-48c9-8523-eadfd17650f3,jogja 2931,sangat bagussssssssss,5,0,4.9.17-googleplay,4.9.17-googleplay,2025-12-30 09:45:20,,,Chess.com,Google Play,en,us,2026-04-17 17:55:05,2025-12-30
d72424c7-c703-4440-8b71-cd2cb1b972e0,kavin parameshwar,"super game, we can learn chess and play with different countries",5,0,4.9.17-googleplay,4.9.17-googleplay,2025-12-30 08:52:45,,,Chess.com,Google Play,en,us,2026-04-17 17:55:05,2025-12-30
20a05e9f-2ad2-4144-a687-d1f8511f2cfd,Kishan Swaroop,👌 👍 best,5,0,4.9.17-googleplay,4.9.17-googleplay,2025-12-30 06:49:55,,,Chess.com,Google Play,en,us,2026-04-17 17:55:05,2025-12-30
b49cd00d-2f21-4cad-b614-51581bc2deca,Pranamika Bhuyan Das,mother sode,5,0,,,2025-12-30 02:49:28,,,Chess.com,Google Play,en,us,2026-04-17 17:55:05,2025-12-30
729ce212-268d-4693-b2e4-9c3a9615b705,Kelvin,"This is the best invention, since sliced-bread!",5,0,4.9.15-googleplay,4.9.15-googleplay,2025-12-29 20:28:14,,,Chess.com,Google Play,en,us,2026-04-17 17:55:05,2025-12-23
1343bd14-a7da-48ec-98d9-c731c527dcf0,Abdul Muneeb,very nice,5,0,4.9.17-googleplay,4.9.17-googleplay,2025-12-29 15:46:34,,,Chess.com,Google Play,en,us,2026-04-17 17:55:05,2025-12-23
0606f58d-0bb3-4ee5-a4a3-5fefb799636f,ANIMA,Excellent game.,5,0,4.9.15-googleplay,4.9.15-googleplay,2025-12-29 03:53:51,,,Chess.com,Google Play,en,us,2026-04-17 17:55:05,2025-12-23
bc08d75c-aab0-48bf-937e-22e6b74d21a9,Rajalakshmi N,the best app for beginners to learn chess it's very good app to learn all the lessons of chess.. really the amazing app forever ..,5,0,4.9.17-googleplay,4.9.17-googleplay,2025-12-29 03:25:46,We're glad you think the Chess.com app is the best. Thank you for your review!,2025-12-30 20:05:50,Chess.com,Google Play,en,us,2026-04-17 17:55:05,2025-12-23
e23afaba-fa88-4882-9657-28f92669671d,Mr. Bugs.,Greatest chess app. Worth the pay,5,0,4.9.17-googleplay,4.9.17-googleplay,2025-12-28 23:11:00,"We're glad you find the training tools included with Premium membership worthwhile. Thank you for your review, and keep taking your chess skills to the next level on Chess.com!",2025-12-30 17:35:50,Chess.com,Google Play,en,us,2026-04-17 17:55:05,2025-12-23
8cdd8db1-a03e-408d-87e6-9b81b114a6e6,Rayane Ben,the best geme,5,0,4.9.17-googleplay,4.9.17-googleplay,2025-12-28 10:50:00,,,Chess.com,Google Play,en,us,2026-04-17 17:55:05,2025-12-23
41359c88-bd56-49c7-9157-496a70484348,Florian Spanu,great app,5,0,4.9.17-googleplay,4.9.17-googleplay,2025-12-28 08:51:44,,,Chess.com,Google Play,en,us,2026-04-17 17:55:05,2025-12-23
2aadaed1-f02f-44c6-851f-75cf52d4a62b,matthew mclaughlin,"over priced for month to month . cant game review on standard after first use and cant learn because "" Go premium to unlock this feature "" waste of time . tried the premium and it was cool but then pay 120$ for the year or $196 for the year paying month to month .",1,4,4.9.17-googleplay,4.9.17-googleplay,2025-12-27 23:34:38,"Thank you for this feedback. If you're interested in Premium membership, we offer three different membership plans at both annual or monthly rates, so there is an option for every budget. To test out the amazing training features like video Lessons and Game Review, don't forget we offer a free trial!",2025-12-29 16:16:51,Chess.com,Google Play,en,us,2026-04-17 17:55:05,2025-12-23
a7a4a126-1b0f-4e0b-862e-4e617e1a72b3,Ahmad Ghani,why can't we change our username even once.,4,0,4.9.17-googleplay,4.9.17-googleplay,2025-12-27 10:15:22,You can change your username if you login to Chess.com in a web browser and visit the main settings page here: www.chess.com/settings. We plan to add this option to the app in the future!,2025-12-29 17:07:40,Chess.com,Google Play,en,us,2026-04-17 17:55:05,2025-12-23
86c68a81-0d69-44fb-8b46-c80067fa6cb6,Timodummy Dummy,Worst app of the game.,1,0,,,2025-12-27 03:36:53,"If you're experiencing any issues with the Chess.com app or have any suggestions for us, we are here to help! Please visit this link for assistance: www.chess.com/support",2025-12-29 16:30:06,Chess.com,Google Play,en,us,2026-04-17 17:55:05,2025-12-23
a1affe65-7cbd-4ba9-b652-6b2959f38af8,Adam,"I want to change the transparancy of the assist arrows, they jump out way to much. You cannott spot the patterns that way because the board is full with arrows!",1,0,4.9.17-googleplay,4.9.17-googleplay,2025-12-26 21:22:18,"Thank you for this feedback. We'll look into additional settings to customize the display of these arrows. In the meantime, you can enable or disable ""Best Move"" arrows as well as ""Threat"" arrows by tapping on the settings icon while playing vs. Bots or using Analysis.",2025-12-29 16:20:01,Chess.com,Google Play,en,us,2026-04-17 17:55:05,2025-12-23
3a2f3a03-3ae0-43fa-aadf-68116e30cb22,Ananthi Sundarraj,excellent,5,0,4.9.17-googleplay,4.9.17-googleplay,2025-12-26 19:41:09,,,Chess.com,Google Play,en,us,2026-04-17 17:55:05,2025-12-23
5d8f7c54-122e-42dd-a2fb-f4d2dc7f4bf3,Preet Bhagat.1,great 👍,5,0,4.9.11-googleplay,4.9.11-googleplay,2025-12-26 19:21:06,,,Chess.com,Google Play,en,us,2026-04-17 17:55:05,2025-12-23
6db45713-80ce-4d43-8bfe-6d58e6210468,confidence twenda,"good game but when someone abandons without declaration I have to wait for the timer to go to zero, please fix that",2,1,4.9.17-googleplay,4.9.17-googleplay,2025-12-26 17:44:17,"Sorry for the frustration! A game will end early if a player leaves or disconnects. However, it is possible for a player to let time run out on purpose while continuing to view the game. We ask that you report this by tapping on the opponent's avatar so we can quickly take action in the form of restrictions or account closure.",2025-12-29 16:20:59,Chess.com,Google Play,en,us,2026-04-17 17:55:05,2025-12-23
7a26782c-0aa9-4f36-8acf-1bb9d5778a11,Sucor Tarimacasi,the best chess app ever,5,0,4.9.17-googleplay,4.9.17-googleplay,2025-12-26 13:09:45,We're glad you think the Chess.com app is the best. Thank you for your review!,2025-12-30 17:31:44,Chess.com,Google Play,en,us,2026-04-17 17:55:05,2025-12-23
090d13d8-fc04-42d4-a663-ee263ccde282,Temuulen Manlai,chess good,5,0,4.9.17-googleplay,4.9.17-googleplay,2025-12-26 12:13:02,,,Chess.com,Google Play,en,us,2026-04-17 17:55:05,2025-12-23
8e2babec-f573-4dbc-b9a9-7633960a2952,Aromal Krishna U,have a good lesson,5,0,4.9.15-googleplay,4.9.15-googleplay,2025-12-26 11:24:08,,,Chess.com,Google Play,en,us,2026-04-17 17:55:05,2025-12-23
3f7e2cc8-7a43-48c8-91a5-ece5a7d98a6e,Carter Drake,bro when I finished a course it made me pay so I stop lessons for 7 DAYS. and the bots were taping the whole time with gets annoying after a few games. but there are ZERO ads so you can play without interruption.,3,0,4.9.17-googleplay,4.9.17-googleplay,2025-12-26 03:47:27,"Thank you for this feedback. With a free account you can complete one video Lesson per week, but all Lessons are unlocked with any level of Premium membership. We offer a free 7-day membership trial if you'd like to try out unlimited Lessons!",2025-12-29 16:25:40,Chess.com,Google Play,en,us,2026-04-17 17:55:05,2025-12-23
08423c35-d246-475d-b5f0-4ca5adb2fa40,Christopher,I mean its pretty obvious why its a 5 star review.,5,0,4.9.17-googleplay,4.9.17-googleplay,2025-12-26 00:18:00,We're glad you like the Chess.com app. Thank you for your 5 star review!,2025-12-30 17:29:39,Chess.com,Google Play,en,us,2026-04-17 17:55:05,2025-12-23
d9a66bd7-98b7-418f-b066-18ebfe8ced06,gg dh,The worst Chess app of all time,1,0,,,2025-12-25 17:27:58,Please visit this link for assistance: www.chess.com/support,2025-12-25 23:18:15,Chess.com,Google Play,en,us,2026-04-17 17:55:05,2025-12-23
438b7436-d046-4fa1-9f59-e0f6a9045b50,Carl Aeron,nice game,5,0,4.9.15-googleplay,4.9.15-googleplay,2025-12-25 14:13:35,,,Chess.com,Google Play,en,us,2026-04-17 17:55:05,2025-12-23
b9567597-86a8-4a24-bb73-765ba92bfd94,Muneer ahmed Qazi,the best chess game with everything I need in chase also others I play with my friends i enjoyed this game,5,0,4.9.7-googleplay,4.9.7-googleplay,2025-12-25 13:33:41,We're glad you're enjoying playing chess with friends. Thanks for choosing Chess.com!,2025-12-30 17:29:20,Chess.com,Google Play,en,us,2026-04-17 17:55:05,2025-12-23
71113a8f-d43f-4df3-a126-03f05f6be62a,Sewan Dimpal Dipin,its good,5,0,4.9.17-googleplay,4.9.17-googleplay,2025-12-25 13:21:53,,,Chess.com,Google Play,en,us,2026-04-17 17:55:05,2025-12-23
7add40eb-bafe-4409-9ec9-e93672ac1cc1,jiaho wang,players too toxic hard game,2,0,4.9.17-googleplay,4.9.17-googleplay,2025-12-25 09:34:07,"We're sorry to hear that you encountered abusive players on Chess.com! We take abuse seriously and review abuse reports daily, to make sure that action is taken. Please report abusive players by tapping on their avatar, or email us the usernames, and our team will take action right away! Please visit this link for assistance: www.chess.com/support",2025-12-25 23:21:01,Chess.com,Google Play,en,us,2026-04-17 17:55:05,2025-12-23
be07d066-0967-4b74-9d90-6758b90b422c,Puneet Kalra,game is addictive but don't know why error code 403. coming again and again,3,0,4.9.17-googleplay,4.9.17-googleplay,2025-12-25 06:19:55,Please let us know about any issues you are finding on the app. We will work to resolve them for you! www.chess.com/support,2025-12-28 16:37:43,Chess.com,Google Play,en,us,2026-04-17 17:55:05,2025-12-23
88f822b5-6ee0-4a8b-8368-bf84ddf97c2c,blake waters,annoying spam emails if you sign up for an account. constant pestering to buy the premium features. get another chess app,1,0,4.9.17-googleplay,4.9.17-googleplay,2025-12-25 04:06:07,"Thanks for your review. We believe our training services are worth the cost since players can make great improvements in their game. You can test these features with a free 7-day trial! Basic members still can access 3 puzzles, one lesson per week and one game report per day among other features, including ChessTV! Games will always be free. :)",2025-12-28 16:37:03,Chess.com,Google Play,en,us,2026-04-17 17:55:05,2025-12-23
3811454f-b84c-4fae-afca-487d0cb31367,jessy thomas,amazing I am so much better in chess because of this it is really useful 😊,5,0,4.9.17-googleplay,4.9.17-googleplay,2025-12-24 19:16:53,We're glad that the Chess.com app has helped you improve your chess skills. Thanks for your review!,2025-12-30 17:18:52,Chess.com,Google Play,en,us,2026-04-17 17:55:05,2025-12-23
2af5b0a7-6c25-4c03-aff1-b74bb622af6c,shivanshu singh Thakur,login errors comes ....,2,0,4.9.17-googleplay,4.9.17-googleplay,2025-12-24 01:59:40,"Please try resetting your password on the login screen. If that doesn't work, visit this link for assistance, and we'll help you get back on Chess.com as soon as possible: www.chess.com/support",2025-12-28 15:54:14,Chess.com,Google Play,en,us,2026-04-17 17:55:05,2025-12-23
9a535b54-0c36-4e6c-9e1c-577b55431050,Lavanya katekar,best mind game,5,0,4.9.17-googleplay,4.9.17-googleplay,2025-12-23 06:49:25,,,Chess.com,Google Play,en,us,2026-04-17 17:55:05,2025-12-23
46c1d1b5-d457-462a-b633-54b316126e7f,Kritika Singh,very good game,5,0,,,2025-12-23 05:55:47,,,Chess.com,Google Play,en,us,2026-04-17 17:55:05,2025-12-23
f269698b-40bb-40dc-b155-4adad70b164e,Y E,I can no longer see the number of matches or the number of friends I or anyone else has after this update.,4,0,4.9.17-googleplay,4.9.17-googleplay,2025-12-23 02:56:55,"Thank you for this feedback. This relates to recent interface updates, but we'll be adding these stats back to the Profile display very soon!",2025-12-23 18:51:36,Chess.com,Google Play,en,us,2026-04-17 17:55:05,2025-12-23
a09a53a2-41fd-48a5-a112-12d3556c535d,OP RR,really good relaxing game,4,0,4.9.17-googleplay,4.9.17-googleplay,2025-12-22 20:05:20,"Thanks for your review! If you have suggestions for us on how the Chess.com app could be better, please let us know. We want the app to be worthy of a 5-star rating to you! You can submit feedback at: www.chess.com/support",2025-12-23 00:24:49,Chess.com,Google Play,en,us,2026-04-17 17:55:05,2025-12-16
aaeba9f0-9a70-47d6-b6a1-eb50fb9f9fe9,Dhruvesh Vyas,Best game to learn and improve skills.,5,0,4.9.14-googleplay,4.9.14-googleplay,2025-12-22 18:26:06,,,Chess.com,Google Play,en,us,2026-04-17 17:55:05,2025-12-16
97a800c4-45f6-4b26-b192-b4c20ab5858a,Ivan Alferov,awesome,5,0,4.9.15-googleplay,4.9.15-googleplay,2025-12-22 04:40:08,,,Chess.com,Google Play,en,us,2026-04-17 17:55:05,2025-12-16
5f4024f5-5744-410c-9cfd-3dd3c0eda4f3,Bea Skypek,9/10 it's good 👍,4,0,4.9.17-googleplay,4.9.17-googleplay,2025-12-22 04:01:46,"Thanks for your review! If you have suggestions for us on how the Chess.com app could be better, please let us know. We want the app to be worthy of a 5-star rating to you! You can submit feedback at: www.chess.com/support",2025-12-23 00:24:56,Chess.com,Google Play,en,us,2026-04-17 17:55:05,2025-12-16
0cd0960c-2e2d-4101-af9e-b26dbb867b67,vishal p,great 😃👍,5,0,4.9.6-googleplay,4.9.6-googleplay,2025-12-22 03:33:35,,,Chess.com,Google Play,en,us,2026-04-17 17:55:05,2025-12-16
0c3d1678-3029-49d4-95bc-0b8cace605ba,Big Slick,always good games going on.,5,0,4.9.17-googleplay,4.9.17-googleplay,2025-12-22 03:23:35,,,Chess.com,Google Play,en,us,2026-04-17 17:55:05,2025-12-16
78d246d7-9b43-46b8-884c-336d2fdf1696,Zulhanim binti Zainal Abidin,I can train my chess in here,5,0,4.9.17-googleplay,4.9.17-googleplay,2025-12-22 03:01:23,,,Chess.com,Google Play,en,us,2026-04-17 17:55:05,2025-12-16
5b63dad4-76f9-40a2-9166-351fb61fec1f,Mohamed Anas,Very beautiful game and,3,0,4.9.17-googleplay,4.9.17-googleplay,2025-12-21 11:06:15,We want the app to be not just okay but amazing! Please visit www.chess.com/support if you need assistance or if you'd like to share feedback with us. We're here to help!,2025-12-21 21:39:27,Chess.com,Google Play,en,us,2026-04-17 17:55:05,2025-12-16
b7ca69ed-7770-4134-b07e-170651649b89,Ndambiri Will,I think the free features are too limited,4,0,4.9.16-googleplay,4.9.16-googleplay,2025-12-20 16:33:26,"Thanks for your review. We believe our training services are worth the cost since players can make great improvements in their game. You can test these features with a free 7-day trial! Basic members still can access 3 puzzles, one lesson per week and one game report per day among other features, including ChessTV! Games will always be free. :)",2025-12-21 11:11:42,Chess.com,Google Play,en,us,2026-04-17 17:55:05,2025-12-16
d85cd88c-20cd-43dc-86ac-14dc8a3d2371,Saumya Ranjan,good one,5,0,4.9.17-googleplay,4.9.17-googleplay,2025-12-20 07:41:44,,,Chess.com,Google Play,en,us,2026-04-17 17:55:05,2025-12-16
78a46ace-88d9-4dfb-8414-8013330736ee,Sanjay Panchal,good game,5,0,4.9.15-googleplay,4.9.15-googleplay,2025-12-20 01:30:07,,,Chess.com,Google Play,en,us,2026-04-17 17:55:05,2025-12-16
11292c25-e0ba-4102-ada0-159b39f4d473,saima ppsc,amazing game and management,5,0,4.9.17-googleplay,4.9.17-googleplay,2025-12-19 15:24:37,We're glad you like the Chess.com app. Thank you for your 5 star review!,2025-12-19 17:48:46,Chess.com,Google Play,en,us,2026-04-17 17:55:05,2025-12-16
d145ece3-d629-4d03-ae47-71e1f9449665,Согдиана Нил,"Didn't like the new design, it sucks, before was better~",4,0,4.9.17-googleplay,4.9.17-googleplay,2025-12-19 14:49:34,"Thank you for this feedback on the latest interface updates. If there are specific aspects of the old design that you preferred, or if something is missing in the new version, please let us know more by submitting a quick feature request at: www.chess.com/supportr",2025-12-19 17:23:39,Chess.com,Google Play,en,us,2026-04-17 17:55:05,2025-12-16
739bbbb5-4bd4-4542-9b11-a18274fc7686,Nely Yabin,I like this,5,0,4.9.17-googleplay,4.9.17-googleplay,2025-12-19 07:33:58,,,Chess.com,Google Play,en,us,2026-04-17 17:55:05,2025-12-16
ed4d70d5-9057-4685-b33a-3e25dea6b811,Banter,best app for chess out of all I've ever tried,5,0,4.9.15-googleplay,4.9.15-googleplay,2025-12-17 21:13:21,We're glad you think the Chess.com app is the best. Thank you for your review!,2025-12-18 22:12:06,Chess.com,Google Play,en,us,2026-04-17 17:55:05,2025-12-16
0df93f3e-bbb1-4772-a37e-4aaabd632f46,Manoj Gautam,very good 👍 👏 👌 😀,5,0,4.9.15-googleplay,4.9.15-googleplay,2025-12-17 14:30:46,,,Chess.com,Google Play,en,us,2026-04-17 17:55:05,2025-12-16
5afd0cc1-57b7-4559-ad02-e120ae5ac7a2,Khush Sharma,nice game,4,0,4.9.15-googleplay,4.9.15-googleplay,2025-12-16 09:49:53,"Thanks for your review! If you have suggestions for us on how the Chess.com app could be better, please let us know. We want the app to be worthy of a 5-star rating to you! You can submit feedback at: www.chess.com/support",2025-12-18 18:30:59,Chess.com,Google Play,en,us,2026-04-17 17:55:05,2025-12-16
63e4ffaf-b23a-4407-a39b-03f6d53f64a8,Marcin Szarecki,"Well know chess app, but premium options it's to expensive in my opinion.",4,0,4.9.15-googleplay,4.9.15-googleplay,2025-12-16 02:36:47,"Thank you for this feedback. If you're interested in Premium membership, we offer three different membership plans at both annual or monthly rates, so there is an option for every budget. To test out the amazing training features like video Lessons and Game Review, don't forget we offer a free trial!",2025-12-18 18:29:57,Chess.com,Google Play,en,us,2026-04-17 17:55:05,2025-12-16
1c458582-075c-42f0-8b12-5d5e1afe60d2,DAVIS MAINA,"Very nice app, I love playing wherever I have time. my request is you add us some 2 to 3 chances of game review coz I feel 1 game review is so limited to us who are unable to subscribe to premium. otherwise your app is phenomenal.",5,0,4.9.17-googleplay,4.9.17-googleplay,2025-12-15 23:33:31,"Thank you for this feedback. We're considering potential adjustments to these limits in the future, as well as alternative membership options. In the meantime, make sure to sign up for the Diamond free trial to test out unlimited Game Review, Lessons, and Puzzles!",2025-12-18 19:21:19,Chess.com,Google Play,en,us,2026-04-17 17:55:05,2025-12-09
d9f51ed7-d5b8-4fb8-bc6c-f147b7ce6a52,Eyad Mahmoud,it's cool amazing and fantastic highly recommended💪,5,0,4.9.15-googleplay,4.9.15-googleplay,2025-12-15 21:35:42,Thanks for an awesome review. We're glad you're enjoying Chess.com!,2025-12-18 19:21:43,Chess.com,Google Play,en,us,2026-04-17 17:55:05,2025-12-09
d10df593-8a0a-45b9-8816-b7f5c02ca811,Ephraim Rosengard,It's a great game for online chess,5,0,,,2025-12-15 20:11:05,,,Chess.com,Google Play,en,us,2026-04-17 17:55:05,2025-12-09
a0c2581d-269a-465a-aa93-7d7b8b2221b6,Gary Waters,A very cool app & chess playing program 😎💪🏾👍🏾‼️,5,0,4.9.15-googleplay,4.9.15-googleplay,2025-12-15 02:44:06,We're glad you like the Chess.com app. Thank you for your 5 star review!,2025-12-15 17:47:12,Chess.com,Google Play,en,us,2026-04-17 17:55:05,2025-12-09
a799da91-2e1e-4674-84dc-6275ed24902f,Judy Ginaboga,mind-blowing,5,0,4.9.15-googleplay,4.9.15-googleplay,2025-12-15 01:17:08,Thank you for an incredible review. We greatly appreciate your support for Chess.com!,2025-12-15 01:39:41,Chess.com,Google Play,en,us,2026-04-17 17:55:05,2025-12-09
3f902756-dd79-458b-82d7-1ec7710d9102,Amr Hussein,"Actually, most of the time i playing to a computer, not a normal opponent, in order the creators keep my score in some shadow area for sake refresh my challenge all the time but the true , is that way disappointing me all time",5,2,4.9.14-googleplay,4.9.14-googleplay,2025-12-14 12:04:04,,,Chess.com,Google Play,en,us,2026-04-17 17:55:05,2025-12-09
935b2ae8-5aeb-40b0-9bf4-bbe84f4aec6a,M. Sheela Devi,"Nice it is useful to keep the brain sharp, focus",5,0,4.9.14-googleplay,4.9.14-googleplay,2025-12-14 07:09:24,Chess is the gymnasium for the mind. Thanks for choosing Chess.com!,2025-12-14 19:28:00,Chess.com,Google Play,en,us,2026-04-17 17:55:05,2025-12-09
35b3b5e2-f6cb-49fc-aae5-b9d4cfe87573,Jon Martin,"The Solve Puzzles is entirely broken. My wife, who just started playing puzzles, is massively ahead of me in rank, and is still just performing back rank mate. I'm still in wood category",2,0,4.9.17-googleplay,4.9.17-googleplay,2025-12-14 05:43:17,"We're very sorry for the distress this has caused. We know it's a big change, but this Puzzle rating adjustment will actually help you find Puzzles better-suited to your playing level, which in turn will optimize your chess training! You can read more about this update at: www.chess.com/news/view/announcing-new-puzzles-rating-system",2025-12-15 00:04:31,Chess.com,Google Play,en,us,2026-04-17 17:55:05,2025-12-09
ec5c0a9d-7f31-4e25-99f2-9699a000f60e,Nandani Soni,very best chess in the world,5,0,,,2025-12-14 05:06:16,,,Chess.com,Google Play,en,us,2026-04-17 17:55:05,2025-12-09
50ab6fe9-6164-4371-932e-214c0611f512,Arya,fun game,5,0,4.9.15-googleplay,4.9.15-googleplay,2025-12-13 23:38:26,We're glad you're having fun playing chess. Thanks for choosing Chess.com!,2025-12-15 00:56:03,Chess.com,Google Play,en,us,2026-04-17 17:55:05,2025-12-09
da4b7048-7068-4fb3-b47e-25c71008bc9f,Thushantha pushpakumara,Great 💚💚,5,0,4.9.2-googleplay,4.9.2-googleplay,2025-12-13 17:05:30,,,Chess.com,Google Play,en,us,2026-04-17 17:55:05,2025-12-09
18f37312-2eda-471e-ad44-a64eb1a8d23e,Bandaru Sree vishnu sahasra,Bro its the best app iv ever used im using this for 9 years💯💯💯,5,0,,,2025-12-12 16:07:21,Thank you for your years of support for Chess.com. We greatly appreciate it!,2025-12-12 17:47:32,Chess.com,Google Play,en,us,2026-04-17 17:55:05,2025-12-09
6c02be5b-2140-4a03-8122-4aec464d9780,Catherine Nuñez,"i love this game, it teaches me how to play chess and yep in the school chess challenge i win and my classmates start downloading this game! thank you for teaching me!",5,0,,,2025-12-12 06:03:11,We're glad you're having fun learning chess. Thanks for choosing Chess.com!,2025-12-12 17:42:55,Chess.com,Google Play,en,us,2026-04-17 17:55:05,2025-12-09
7fbad681-e42c-4273-9979-c6b3e0efe57f,AUDREY KING,"It's great, but an issue I'm having is that some things will NOT load, a lesson i complete will not load and say I complete the lesson, it just stays there loading for forever, I can't even contact support because not even that will load either. otherwise it's an amazing app and I hope this loading bug gets resolved.",4,0,4.9.15-googleplay,4.9.15-googleplay,2025-12-11 03:46:50,"Sorry for the difficulties with Lesson progression. If the problem persists after reinstalling, please submit a bug report at: www.chess.com/support. We'll review your report and work to resolve any error as soon as possible.",2025-12-11 17:35:43,Chess.com,Google Play,en,us,2026-04-17 17:55:05,2025-12-09
5fe21116-91b3-45d2-ab21-37a6d2d8d487,qader hakeem,"this app is filled with cheaters, all claims they ban cheaters are not true, more cheaters is more traffic more traffic is more money, this is now way is a legitimate app.",1,5,4.9.5-googleplay,4.9.5-googleplay,2025-12-10 21:09:47,"With our advanced detection methods, we're able to ban cheaters quickly! Through analyzing hundreds of millions of games each month, we immediately ban any players found to be cheating: www.chess.com/article/view/chesscom-update-october-2025#FairPlay",2025-11-28 17:53:17,Chess.com,Google Play,en,us,2026-04-17 17:55:05,2025-12-09
46719be1-5fca-48ac-893d-5fa1c1216e9f,Dustin Espinosa,"Decent until a few weeks ago. The latest changes have been one of the most annoying things I've' ever seen in the app. How can you make a play and end up in the play store or in a rematch 🤦🏽‍♂️. - Apparently from the response that I got to the review it is my fault that after I play a move I ends up in the Amazon app? Nothing changed, still pretty bad for playing bullet, it gets extremely annoying at the end of games, but they have a monopoly now, so they can do what they want 🤷‍♂️",2,26,4.9.15-googleplay,4.9.15-googleplay,2025-12-10 16:06:49,"Sorry for the difficulties! After a game ends, you could end up in the Google Play store if you tapped on an ad. We'll continue to make optimizations to ensure the best experience possible with the post-game display. If there seems to be a different error, please let us know more by submitting a bug report at: www.chess.com/support",2025-08-21 19:21:09,Chess.com,Google Play,en,us,2026-04-17 17:55:05,2025-12-09
d2ec59f7-ae13-4c14-afe1-52ab5c36f27b,CA. Ankit Patel,great experience 😃,5,0,4.9.11-googleplay,4.9.11-googleplay,2025-12-10 10:05:19,,,Chess.com,Google Play,en,us,2026-04-17 17:55:05,2025-12-09
2b330fd1-b33f-4c4d-a2f9-31f8582a5de0,Nolan S,good play chess,5,0,,,2025-12-09 17:42:09,,,Chess.com,Google Play,en,us,2026-04-17 17:55:05,2025-12-09
664bab56-0d30-4f11-91b9-11e66cdcd826,Simi Niyas,its a fantastic game i liked very well both multiplayer and lessons are very great your chess skils will upgrade by this game,5,0,,,2025-12-09 16:18:10,We're glad you're enjoying playing chess and improving your skills on Chess.com!,2025-12-11 19:31:19,Chess.com,Google Play,en,us,2026-04-17 17:55:05,2025-12-09
ad7e7e64-2fd8-41e8-9d21-31db1c0acc15,Jessen Lim,REALLY GOOD,5,0,,,2025-12-09 11:05:37,,,Chess.com,Google Play,en,us,2026-04-17 17:55:05,2025-12-09
0e8c9057-2a53-4b05-9f99-019c184650ba,Shubham Annigeri,Thanks for making me realize I hate chess,5,0,,,2025-12-09 07:04:24,"Sorry for the difficulties with the app crashing during games. If the problem persists after reinstalling, please submit a bug report at: www.chess.com/support. We'll review your report and work to resolve any error as soon as possible.",2025-07-04 00:07:18,Chess.com,Google Play,en,us,2026-04-17 17:55:05,2025-12-09
6b4f80fe-e2d1-49e3-a298-bc01df5294c1,Abi,💥👍😍 very useful,5,0,4.9.0-googleplay,4.9.0-googleplay,2025-12-09 01:01:34,,,Chess.com,Google Play,en,us,2026-04-17 17:55:05,2025-12-09
508fe2cc-5261-4538-922f-e359a446bf76,Cillian Gallagher,Good app,5,0,4.9.15-googleplay,4.9.15-googleplay,2025-12-08 22:03:59,,,Chess.com,Google Play,en,us,2026-04-17 17:55:05,2025-12-02
68b38045-aa6e-49d6-ac0c-2c32cf4ae9cf,Francesca Tafani,I start learning chess on this app,5,0,4.9.15-googleplay,4.9.15-googleplay,2025-12-08 17:19:43,,,Chess.com,Google Play,en,us,2026-04-17 17:55:05,2025-12-02
ad055514-b116-433b-abda-5b64c987549d,RejectedDisk,"its meh there's definitely a lot better apps than this but this one is just the most popular out of all. Most of its features are locked behind a paywall,95% of the bots,game reviews,puzzles,lessons,insights and theres also a ton of ads. Hell just make the app cost money atp. If lichess didn't remove offline bot i would've switched immediately but its better as theres no ads. theres also constant pop up to try and get you to switch to premium which is kinda predatory but overall its decent",2,1,4.9.15-googleplay,4.9.15-googleplay,2025-12-08 17:08:14,"Thank you for this feedback. We offer Premium subscriptions, but with a free account you'll still have limited access to Puzzles, Lessons, and Game Review, and playing chess on Chess.com will always be free. There is a also a free trial if you'd like to test out unlimited training features!",2025-12-11 16:01:50,Chess.com,Google Play,en,us,2026-04-17 17:55:05,2025-12-02
05957a3c-696d-4983-9f8f-2b6f9fc750c4,Emaan Abdall,It's good option,5,0,4.9.16-googleplay,4.9.16-googleplay,2025-12-08 12:54:32,,,Chess.com,Google Play,en,us,2026-04-17 17:55:05,2025-12-02
5ecaf81b-1a9e-413c-93b8-f28b1625839d,SANTHI,"No premium should be there because everyone can't afford that much money to play unlimited games against coach, unlimited game review.",5,1,4.9.15-googleplay,4.9.15-googleplay,2025-12-08 12:36:26,"We offer Premium subscriptions, but with a free account you'll still have limited access to Puzzles, Lessons, and Game Review, and playing chess on Chess.com will always be free. There is a also a free trial if you'd like to test out unlimited training features!",2025-12-11 19:21:00,Chess.com,Google Play,en,us,2026-04-17 17:55:05,2025-12-02
41d2c49f-4f11-4c26-b636-9ac5ecb1b95c,Samuel Steiner,very neat design,5,0,4.9.15-googleplay,4.9.15-googleplay,2025-12-08 06:34:22,,,Chess.com,Google Play,en,us,2026-04-17 17:55:05,2025-12-02
e26f4fb0-ad80-4cb0-a17d-a1737df1f9ce,Sisir Mondal,this chess so nice,5,0,4.9.16-googleplay,4.9.16-googleplay,2025-12-08 01:33:01,,,Chess.com,Google Play,en,us,2026-04-17 17:55:05,2025-12-02
e47ad970-a919-4fb3-a91e-b10a35de209c,Gentry Tomlin,Super fun and simple app to use!,5,0,4.9.15-googleplay,4.9.15-googleplay,2025-12-07 21:19:46,We're glad you find the Chess.com app easy to use. Thank you for your review!,2025-12-11 19:09:58,Chess.com,Google Play,en,us,2026-04-17 17:55:05,2025-12-02
95ef4aa3-85b4-42e7-b4a6-55dc1db7b386,monkey Dluffy,the best,5,0,,,2025-12-07 21:02:09,,,Chess.com,Google Play,en,us,2026-04-17 17:55:05,2025-12-02
2b4e2f22-457e-4be6-a81c-9811722d5374,i i,very good chess app,5,0,4.9.16-googleplay,4.9.16-googleplay,2025-12-07 19:37:52,,,Chess.com,Google Play,en,us,2026-04-17 17:55:05,2025-12-02
995fd900-062d-42bc-982d-1db8a82a8d34,ياسر مرواني,this is one of the best chess platforms in the entire world.it has good security.cool leaderboard system. and much more..you should give it a shot.,5,0,4.9.15-googleplay,4.9.15-googleplay,2025-12-07 19:37:51,We're glad you like the Chess.com app. Thank you for your 5 star review!,2025-12-11 19:09:27,Chess.com,Google Play,en,us,2026-04-17 17:55:05,2025-12-02
2179faf1-9a5e-48e0-a868-b68da70aa7a0,Ashley Shambawamedza,no offline is a bummer,3,0,4.9.14-googleplay,4.9.14-googleplay,2025-12-07 19:35:39,"Thank you for this feedback. Some of the best chess Bots are available when using the app offline, as well as Play in Person mode, where you can play on the same device locally with a friend. We're working to continue expanding offline mode!",2025-12-08 01:26:33,Chess.com,Google Play,en,us,2026-04-17 17:55:05,2025-12-02
fd2b1d65-2e53-490f-920e-92e506765d2c,kim meredew,Best app ever!!!!¡!,5,0,4.9.15-googleplay,4.9.15-googleplay,2025-12-07 18:03:34,,,Chess.com,Google Play,en,us,2026-04-17 17:55:05,2025-12-02
5731fe3c-4b96-46fc-b030-cc93cc37e2a6,spandan bhatnagar,multiple times the game starts lagging in the last 10 seconds.. which is not fair as it does not happen any time during the game.. bad experience for multiplayer,1,0,,,2025-12-07 15:22:39,"Sorry for the difficulties! Issues with the game clock can occur due to latency or disconnection. For help optimizing connectivity, visit: www.chess.com/support",2025-12-08 02:56:59,Chess.com,Google Play,en,us,2026-04-17 17:55:05,2025-12-02
51168293-bf71-4c8c-9cce-5921fc165a1d,Talei,"Great game! The user is able to play online, solve puzzles, learn chess, and play against an AI coach. There are ads, but they're not disruptive and can be skipped (shown usually at the end of a match but are small and able to skip quickly). The user can pay to unlock unlimited puzzles but is not needed to play. You receive a score, ect, and create custom matches against an AI bot. Overall, it's a great game and lots of fun. I definitely recommend this app.",5,134,4.9.15-googleplay,4.9.15-googleplay,2025-12-06 23:28:21,Thank you for this detailed feedback. We're glad you like the Chess.com app!,2025-12-11 19:00:26,Chess.com,Google Play,en,us,2026-04-17 17:55:05,2025-12-02
4dd64558-3dc3-45c0-9401-9b6266feaf4d,kushal raj,my favourite game in child life that time we don't money for purchase chess board today we play full world chess player so proud thanks chess this app,4,0,4.7.5-googleplay,4.7.5-googleplay,2025-12-06 06:53:21,"Thanks for your review! If you have suggestions for us on how the Chess.com app could be better, please let us know. We want the app to be worthy of a 5-star rating to you! You can submit feedback at: www.chess.com/support",2025-12-09 15:43:25,Chess.com,Google Play,en,us,2026-04-17 17:55:05,2025-12-02
eb829a37-5e01-4ebc-9766-15a2028a5b28,John Hany,"app is great, but please remove sexual ads",2,0,4.9.15-googleplay,4.9.15-googleplay,2025-12-05 20:00:38,"We're so sorry that you saw an inappropriate ad. We do NOT tolerate this on Chess.com, and we work closely with ad providers to filter out any problematic ads. Please report the ad as shown in the article below, and our team will ensure it's promptly removed: https://support.chess.com/en/articles/8647548-how-do-i-report-a-bad-ad",2025-12-09 15:06:37,Chess.com,Google Play,en,us,2026-04-17 17:55:05,2025-12-02
a7b7a5ed-212f-4ddb-98c4-c2c1760f3074,Kevin P,it's a solid consistent app but my biggest complaint is the coaching/teaching element. hopefully through AI it will get a lot better,3,0,4.9.15-googleplay,4.9.15-googleplay,2025-12-05 19:41:55,"If you have suggestions for us on how the Coach in the Chess.com app could be better, please let us know. You can submit feedback at: www.chess.com/supporth",2025-12-09 15:07:10,Chess.com,Google Play,en,us,2026-04-17 17:55:05,2025-12-02
d3a9f3be-cf19-4d10-bfb3-5a485b1d2927,thanasi smilovitis,best app for chess ever,5,0,4.9.15-googleplay,4.9.15-googleplay,2025-12-05 09:22:55,We're glad you think the Chess.com app is the best. Thank you for your review!,2025-12-10 18:20:06,Chess.com,Google Play,en,us,2026-04-17 17:55:05,2025-12-02
2e101e4e-bef9-4da9-a557-30f98f62f273,A Google user,"This app used to be about chess. Now it's just constant spamming notifications trying to get you to buy stuff. The changes over the past two years have caused me to go from proud paid member to can't uninstall fast enough. Dear development team, do you like it when apps highjack your devices? Why not create an app that you would be proud to use rather than trying to sneak in an advertisement every possible experience. It's one thing to run ads because that's how you pay the bills but enough.",1,1,4.9.15-googleplay,4.9.15-googleplay,2025-12-04 23:02:59,"Sorry for the difficulties! When moving quickly in bullet or blitz chess, accidental moves can happen if an adjacent square is touched inadvertently. For longer games, you can enable the setting ""Confirm each move"", which is found in the menu: More > Settings > Play > Live Chess.",2025-11-17 15:58:56,Chess.com,Google Play,en,us,2026-04-17 17:55:05,2025-12-02
b0e46ee6-13c7-4b5a-a5f9-b9a1f72dfdeb,Kelly Hand,this game with its elite players has and will c9to improve my skills,5,0,4.9.15-googleplay,4.9.15-googleplay,2025-12-04 18:10:33,,,Chess.com,Google Play,en,us,2026-04-17 17:55:05,2025-12-02
6627dea5-ec55-4eab-a50a-595d72441961,Sonai Biswas,this app is very useful to sharp your mind,5,0,,,2025-12-04 13:13:42,Chess is the gymnasium for the mind. Thanks for choosing Chess.com!,2025-12-04 14:44:36,Chess.com,Google Play,en,us,2026-04-17 17:55:05,2025-12-02
24293d5b-0df1-4c0c-b23b-ddafc38b0fbf,Garima Agrahari,very good,5,0,4.9.15-googleplay,4.9.15-googleplay,2025-12-04 06:04:47,Thank you for your comment!,2025-12-04 15:49:41,Chess.com,Google Play,en,us,2026-04-17 17:55:05,2025-12-02
f2099e4d-6208-4d34-9571-482ad77830ea,Kamrul Hoda,Nice game,5,0,4.9.15-googleplay,4.9.15-googleplay,2025-12-03 17:27:21,,,Chess.com,Google Play,en,us,2026-04-17 17:55:05,2025-12-02
e1116e79-41b4-4fd4-a4ce-4f7b29916bc6,Erick Sotomayor,nice game,5,0,4.9.15-googleplay,4.9.15-googleplay,2025-12-02 19:34:46,,,Chess.com,Google Play,en,us,2026-04-17 17:55:05,2025-12-02
40afe68c-a91b-46ab-a076-7eac9b7da8bd,Hmangaiha,it's brilliant!!,5,0,4.9.15-googleplay,4.9.15-googleplay,2025-12-02 17:16:04,,,Chess.com,Google Play,en,us,2026-04-17 17:55:05,2025-12-02
76f257c7-7b7e-4a91-815a-179f9a2217ac,Alvin Nagamani,nice game,5,0,4.9.15-googleplay,4.9.15-googleplay,2025-12-02 15:44:21,,,Chess.com,Google Play,en,us,2026-04-17 17:55:05,2025-12-02
7e423fc0-5cfb-4bba-8518-81c401f61d6f,Donna,this is more harder than irl chess,2,0,4.9.15-googleplay,4.9.15-googleplay,2025-12-02 14:50:27,"With a worldwide player base, you'll run into some very strong players! However, you can still find players at your level, and games may be filtered by opponent rating using the Custom menu.",2025-12-02 19:23:01,Chess.com,Google Play,en,us,2026-04-17 17:55:05,2025-12-02
e3781df0-4557-4ec5-926f-0352e1a1d513,Umar Jun,I love it 😍,5,0,4.9.15-googleplay,4.9.15-googleplay,2025-12-02 08:05:25,,,Chess.com,Google Play,en,us,2026-04-17 17:55:05,2025-12-02
d9d3d1a8-a2f2-4c70-b790-5f1c43d40468,hashtagcc,there is no objectives shown in the mobile app for puzzles. 😤. very frustating when are you going to fix this.,1,1,,,2025-12-02 07:04:06,Thank you for this feedback. We're adding back Puzzle objectives in the very near future!,2025-12-02 19:31:14,Chess.com,Google Play,en,us,2026-04-17 17:55:05,2025-12-02
08716840-ad29-4c34-aec4-dbc78db87b83,John Fraser,"Great game, thank you. What else is there to say!",5,0,4.9.15-googleplay,4.9.15-googleplay,2025-12-01 21:28:11,We're glad you like the Chess.com app. Thank you for your 5 star review!,2025-12-03 18:56:22,Chess.com,Google Play,en,us,2026-04-17 17:55:05,2025-11-25
05cfd041-3a8f-4278-a21f-644be1406506,Tuhin Sarkar,overall a decent app.probably puzzles could be better,4,0,4.9.15-googleplay,4.9.15-googleplay,2025-12-01 18:29:32,"If you have suggestions for us on how Puzzles on the Chess.com app could be better, please let us know. You can submit feedback at: www.chess.com/support",2025-12-01 23:23:01,Chess.com,Google Play,en,us,2026-04-17 17:55:05,2025-11-25
90ab1c0a-5a16-41ab-a740-27cd58ecd8ce,Tim Harrigian,great app,5,0,4.9.15-googleplay,4.9.15-googleplay,2025-11-30 18:16:26,,,Chess.com,Google Play,en,us,2026-04-17 17:55:05,2025-11-25
be11ec6d-72c7-4da1-8a7e-8d81ed3f7ee7,Md. Shakil Ahmad,I have played in my computer it's soo good you have to try this,5,0,,,2025-11-30 17:26:38,,,Chess.com,Google Play,en,us,2026-04-17 17:55:05,2025-11-25
0ea63078-2aa1-4237-bcd1-31c3cf043212,Rekha,it's really nice app,5,0,4.9.15-googleplay,4.9.15-googleplay,2025-11-30 10:41:48,,,Chess.com,Google Play,en,us,2026-04-17 17:55:05,2025-11-25
f91a0e23-ffb8-448d-b5e0-1f2751480970,3DStar Dixit,"The best game with ethics and mental tuff 💪 💯 yes some cheaters are there making trouble as always, but the best one in all chess applications 😉",5,0,,,2025-11-29 21:41:08,"With our advanced detection methods, we're able to ban cheaters quickly! Through analyzing hundreds of millions of games each month, we immediately ban any players found to be cheating: www.chess.com/article/view/chesscom-update-november-2025#FairPlay",2025-12-03 18:08:40,Chess.com,Google Play,en,us,2026-04-17 17:55:05,2025-11-25
5cdfa623-0e24-4f99-80b1-42e52907139b,Alex (Zauzy),the game is unplayable on the pixel 10. the feature of swiping left or right edge of the board causes you to lose time over a very dumb feature. playing bullet is almost impossible,1,3,4.9.15-googleplay,4.9.15-googleplay,2025-11-29 03:24:15,"Sorry for the trouble! We're constantly working on server optimizations to offer stable connectivity for players around the world. Please try deleting and reinstalling the app, and you can visit this link for further assistance: www.chess.com/support",2025-11-29 21:56:29,Chess.com,Google Play,en,us,2026-04-17 17:55:05,2025-11-25
688eed15-b4d4-41d6-9045-1268712e73b6,Ibrohim Nigmatov,Amazing,5,0,4.6.41-googleplay,4.6.41-googleplay,2025-11-28 07:15:56,,,Chess.com,Google Play,en,us,2026-04-17 17:55:05,2025-11-25
45b093fa-fb58-4ff6-8459-85b541717df1,Makili Musepa,This app is awesome 👌🏾,5,0,4.9.14-googleplay,4.9.14-googleplay,2025-11-28 00:03:46,Thanks for an awesome review. We're glad you're enjoying Chess.com!,2025-11-28 18:51:27,Chess.com,Google Play,en,us,2026-04-17 17:55:05,2025-11-25
0571046c-394b-4431-8b34-fd08a453af7b,Amir Sarbala,Good but pls for freee I cant learn,4,0,4.9.14-googleplay,4.9.14-googleplay,2025-11-27 22:01:50,"For our Black Friday sale, we're currently offering a 50% discount on all Premium subscriptions for new members! If you're interested, you can subscribe by tapping on the Membership option right in the Chess.com app. This promotion is only available for a limited time, so make sure to sign up before it's too late!",2025-11-28 18:39:27,Chess.com,Google Play,en,us,2026-04-17 17:55:05,2025-11-25
40ff75f6-8e8a-44fd-bae7-aaf71c3b7daf,Isa,best app and game oat,5,0,,,2025-11-27 17:12:55,,,Chess.com,Google Play,en,us,2026-04-17 17:55:05,2025-11-25
6e5593d6-3156-4977-8b88-95bfef5fd2ec,Ved Raj,best game ever played.,5,0,4.9.14-googleplay,4.9.14-googleplay,2025-11-26 19:06:38,,,Chess.com,Google Play,en,us,2026-04-17 17:55:05,2025-11-25
e94ab4cb-908a-4bac-b0c6-f596cfce0552,Jayden Yungkans,"I have some suggestions, please do consider them It would be nice to customize not just the board theme and pieces, but sound effects as well. I think this would be very cool to add. You could probably make this a premium only feature but the ability to create your own pieces and boards would be cool. It would be cool if there was a way to unblock bots without having to pay, maybe having to beat the previous bot before it and then you can get some of the locked ones. overall, very good",5,22,4.9.15-googleplay,4.9.15-googleplay,2025-11-25 18:12:27,"Thank you for this feedback. It's a very interesting idea to be able to add custom sound effects for the chess pieces and boards. We'll look into this for the future! We're also exploring potential alternate options for unlocking membership access. By the way, for our Black Friday sale we're currently offering 50% off all Premium memberships!",2025-11-28 17:02:14,Chess.com,Google Play,en,us,2026-04-17 17:55:05,2025-11-25
40e61667-6c6c-46c9-8e3c-b68c41538775,Bernice Song,this might be the best chess game i've ever played,5,0,4.9.15-googleplay,4.9.15-googleplay,2025-11-25 12:29:01,We're glad you think the Chess.com app is the best. Thank you for your review!,2025-11-25 22:11:41,Chess.com,Google Play,en,us,2026-04-17 17:55:05,2025-11-25
43803d6d-9580-4894-acfd-08c8a7239d55,Keenan,Enjoyable even if I lose half of my games.,5,0,,,2025-11-25 03:43:28,,,Chess.com,Google Play,en,us,2026-04-17 17:55:05,2025-11-25
10dbe824-8a63-4a48-ba00-64e718319965,Yossef Eldeeb,this game is AWESOME عفثبفحواثيتخوسيا,5,0,4.9.14-googleplay,4.9.14-googleplay,2025-11-25 00:00:03,YOU'RE awesome! Thanks for choosing Chess.com!,2025-11-25 19:32:32,Chess.com,Google Play,en,us,2026-04-17 17:55:05,2025-11-25
549e23b3-b2b0-4f88-b5c7-ec8ff2f6a8ca,Michael T. Goodman,I'm still trying to have a life after a few hundred games.,5,0,4.9.14-googleplay,4.9.14-googleplay,2025-11-24 21:06:45,,,Chess.com,Google Play,en,us,2026-04-17 17:55:05,2025-11-18
d65dc4ea-2aaf-483a-b61a-e5d6c0be03ea,Foad Hanzeh,the game is good 👍,5,0,4.9.15-googleplay,4.9.15-googleplay,2025-11-24 20:34:33,,,Chess.com,Google Play,en,us,2026-04-17 17:55:05,2025-11-18
a9a6af18-189b-4b96-9c93-d64103776c96,Harman singh Bheniwal,very good platform for chess players,5,0,4.9.14-googleplay,4.9.14-googleplay,2025-11-24 15:36:59,,,Chess.com,Google Play,en,us,2026-04-17 17:55:05,2025-11-18
c6b773ae-d0e9-4b0d-a238-91f295bbc8e3,Zafar Zafarov,after the recent update the feature that allowed analyzing game reviews done by other users is gone,3,0,4.9.14-googleplay,4.9.14-googleplay,2025-11-23 19:22:06,"Unfortunately, we discovered widespread abuse of this feature, including: - Dedicated external sites that would run Game Review for free or even for a small fee. - Dedicated internal Chess.com Clubs that would share a single account to run all Game Reviews. - Members pestering others to run Game Review for them. We had to remove this, sorry!",2025-11-23 19:06:42,Chess.com,Google Play,en,us,2026-04-17 17:55:05,2025-11-18
dca60a00-ed20-4584-b149-5a20db7f55ae,Sarthak Das Thakur,im too noob,1,0,,,2025-11-23 16:46:16,"Losing a chess game is never fun, but it can be useful to learn from mistakes and improve your game. The best tool for this is Game Review, which lets you view critical moments of your game and correct errors. If you're not already a Premium member, you can sign up for a free trial to test out unlimited Game Review!",2025-11-23 23:48:15,Chess.com,Google Play,en,us,2026-04-17 17:55:05,2025-11-18
d65cc371-e0f1-472c-ae39-7e9b4768d9a1,Nehal Naik,best app ever,5,0,4.9.11-googleplay,4.9.11-googleplay,2025-11-23 15:57:58,,,Chess.com,Google Play,en,us,2026-04-17 17:55:05,2025-11-18
85409dd2-5ced-428d-a951-e5649cb6e6d7,Harshit Udhwani,"the app is good but when I was play a game just right now and before that I was playing a tournament. i quit the tournament and came to normal play, my opponent got stopped and I was winning and then suddenly during the running game I got back to a game of that tournament and my rating doesn't increased. Please fix this. Otherwise the game is good",5,2,4.9.11-googleplay,4.9.11-googleplay,2025-11-23 05:49:48,Sorry for the difficulties! Please submit a bug report at: www.chess.com/support. Our dedicated team will review your report and work to resolve any error as soon as possible.,2025-11-24 17:16:47,Chess.com,Google Play,en,us,2026-04-17 17:55:05,2025-11-18
dd57c183-1246-4d40-94e1-8981f7954ac9,Lauren Carney,"Playing friends and strangers is easy, no ads! they also have daily puzzles even for the free version that are fun. and some lessons that have been helpful as a novice trying to improve my game.",5,2,4.9.14-googleplay,4.9.14-googleplay,2025-11-23 01:30:04,We're glad Chess.com has everything you're looking for. Thank you for your review!,2025-11-24 17:15:42,Chess.com,Google Play,en,us,2026-04-17 17:55:05,2025-11-18
ac217019-32e7-4bd7-bb7c-3f8ed87d2bf0,Ivan Coates,"Hi! Until now, I've never noticed any issues with this game but I got kicked out of my account. I wanted to make a new one using my other Google accounts and when it said to verify me as human, 50% of the time, I don't get the verification screen and the other 50% of the time, I got to the page just for it to not load. Can you please fix this? I don't remember one of my accounts password or username so I'm permanently locked out Please fix this issue sometime hopefully next month. Chess is good.",3,2,4.9.14-googleplay,4.9.14-googleplay,2025-11-22 20:22:44,"Sorry for the difficulties! Our AI assistant can answer a lot of questions instantly, but if you need to contact our Support Team, you can make the request in the Support chat: www.chess.com/support. After an initial search, choose the option ""Get more help"", so that your request may be sent to our Support Team.",2025-11-23 20:09:05,Chess.com,Google Play,en,us,2026-04-17 17:55:05,2025-11-18
5a92d83c-79be-4a77-ac23-c0b3bd116cc5,Samad Bazyar,perfect,5,0,4.9.14-googleplay,4.9.14-googleplay,2025-11-22 17:44:24,,,Chess.com,Google Play,en,us,2026-04-17 17:55:05,2025-11-18
abe6a91e-b709-4170-8ffc-2410ec906d7a,sofi man,Best game,5,0,4.9.14-googleplay,4.9.14-googleplay,2025-11-22 14:40:24,,,Chess.com,Google Play,en,us,2026-04-17 17:55:05,2025-11-18
1a705b2b-cafb-4e2a-bfdf-622c3cbb5d21,bhargav jyoti das,best game,5,0,4.9.14-googleplay,4.9.14-googleplay,2025-11-22 08:11:16,,,Chess.com,Google Play,en,us,2026-04-17 17:55:05,2025-11-18
c3387f84-4728-452f-a87c-af58a93a580f,Ime Samuel,it very fun,5,0,4.9.14-googleplay,4.9.14-googleplay,2025-11-22 06:21:56,,,Chess.com,Google Play,en,us,2026-04-17 17:55:05,2025-11-18
4ee46335-075e-465c-8c55-780900ee2aa8,Adarsh Kumar,very good from this(-+ __+-),4,0,4.9.14-googleplay,4.9.14-googleplay,2025-11-21 14:16:31,"Thanks for your review! If you have suggestions for us on how the Chess.com app could be better, please let us know. We want the app to be worthy of a 5-star rating to you! You can submit feedback at: www.chess.com/support",2025-11-21 23:57:43,Chess.com,Google Play,en,us,2026-04-17 17:55:05,2025-11-18
964d3eee-db50-48eb-88d6-6efbcdcee52d,David Gonzalez,"basically create an algorithim where you get annihilated regularly so you will purchase their product to improve your game...pretty ingenius but opportunistic capitalist slimeball tactic...go to lichess where everything is free and they have no reason to field dress you fax.whatever, been playing for almost 20 years.7% of my life has been on all the top 5 sites. It takes a while to figure out but remember you pen analytical minds. Once you hypothesizethe indictment it fit$ neatly into place.",1,1,4.9.14-googleplay,4.9.14-googleplay,2025-11-21 06:24:32,"We do not hold any penalizing matchmaking on your account or any account for that matter. If you would like to gain more rating points for your games and play against stronger players closer to your level, you may even adjust the rating range of your opponents in the Live Chess section of your Settings.",2025-11-16 15:08:06,Chess.com,Google Play,en,us,2026-04-17 17:55:05,2025-11-18
6b6d1fa0-320d-488c-b8be-5cccaa51e0fe,Emmanuel Okechukwu,You play with real people,5,0,4.9.14-googleplay,4.9.14-googleplay,2025-11-20 09:12:12,Members like you make Chess.com possible! Thank you! :),2025-11-20 14:29:43,Chess.com,Google Play,en,us,2026-04-17 17:55:05,2025-11-18
759bd165-1c7a-4f55-961a-78f034d47448,Akarshit Gautam 7D,This is the best game ever my rating in this game is 1000 elo in this game there are so many new bots in which I can practice for my competition in school I have so many friends in this game we can learn so many things that our school also can't teach in chess this is better than other chess apps,5,0,4.9.15-googleplay,4.9.15-googleplay,2025-11-20 06:54:07,We're glad you're enjoying playing chess with friends and Bots while honing your skills. Thanks for choosing Chess.com!,2025-11-20 19:59:32,Chess.com,Google Play,en,us,2026-04-17 17:55:05,2025-11-18
9053e61b-31b3-4243-a4d9-15cc8588c17c,RX,I LOVE CHESS!,5,0,4.9.14-googleplay,4.9.14-googleplay,2025-11-20 01:57:20,Thanks for sharing the passion for chess. We're glad to have you on Chess.com!,2025-11-20 20:05:05,Chess.com,Google Play,en,us,2026-04-17 17:55:05,2025-11-18
3474521e-f91c-475a-a0a4-db16e070ed65,MP Polo,best of all time,5,0,4.9.11-googleplay,4.9.11-googleplay,2025-11-18 16:03:10,,,Chess.com,Google Play,en,us,2026-04-17 17:55:05,2025-11-18
e61fabd7-8b7c-4970-a91d-e089fc5548ff,Prodigal Son,Love all the features with this game. Be good if the premium element was a little bit cheaper though... Still gets 5 stars regardless.,5,1,4.9.14-googleplay,4.9.14-googleplay,2025-11-18 13:13:27,"Thank you for this feedback. We understand it's an investment, but we truly believe in the value of our training tools for players who are serious about improving their chess skills. Keep an eye out for our Black Friday sale next week for a special discount on Premium membership!",2025-11-17 17:16:16,Chess.com,Google Play,en,us,2026-04-17 17:55:05,2025-11-18
1372953f-84e6-41b9-9cff-d22c46dc3d90,Donald Ark,a very good place to enhance your skills and meet competitive chess enthusiasts,5,0,4.9.14-googleplay,4.9.14-googleplay,2025-11-18 06:35:15,Chess is the gymnasium for the mind. Thanks for choosing Chess.com!,2025-11-19 14:50:17,Chess.com,Google Play,en,us,2026-04-17 17:55:05,2025-11-18
64281be9-07be-495e-8037-ce6cf062c140,Santiago Reyes,I'm in love,5,0,4.9.11-googleplay,4.9.11-googleplay,2025-11-18 05:07:14,Thanks for sharing the passion for chess. We're glad to have you on Chess.com!,2025-11-19 14:50:29,Chess.com,Google Play,en,us,2026-04-17 17:55:05,2025-11-18
9ee28867-3660-4134-b318-6b8b642db440,Michael Nkosi,It's wonderful,5,0,4.9.11-googleplay,4.9.11-googleplay,2025-11-17 18:58:21,,,Chess.com,Google Play,en,us,2026-04-17 17:55:05,2025-11-11
c1385e5a-9894-4105-9f29-342e2a8ce336,Dr Hersilie,Not enough game reviews and coach games....,2,0,4.9.14-googleplay,4.9.14-googleplay,2025-11-17 13:49:30,Thank you for this feedback. Keep an eye out for our Black Friday sale next week for a special discount on Premium membership!,2025-11-17 15:36:59,Chess.com,Google Play,en,us,2026-04-17 17:55:05,2025-11-11
e37af522-987b-49a7-9605-67ac9c6cc065,Bro Mubbunu,this app is unique from other chess apps ... it's such an app that provides game reviews and guides,5,0,4.9.11-googleplay,4.9.11-googleplay,2025-11-17 06:49:42,We're glad you're enjoying Game Review. Keep sharpening your chess skills on Chess.com!,2025-11-17 17:39:44,Chess.com,Google Play,en,us,2026-04-17 17:55:05,2025-11-11
7d6d03e8-023d-4c83-a70e-a182d7f4a352,promzy smith (AUGUST),Best chess app,5,0,,,2025-11-16 23:13:01,,,Chess.com,Google Play,en,us,2026-04-17 17:55:05,2025-11-11
9ea8560a-2bd3-454f-8bf5-242208c26e55,Avneet Singh,i cannot screen record as the screen gets black,4,0,4.9.14-googleplay,4.9.14-googleplay,2025-11-16 19:03:26,"Screen recording is prohibited so that we may keep the game fair. However, you can take screenshots of the game after it has ended. You can also share the game link if you tap on: Options > Share.",2025-11-17 14:14:44,Chess.com,Google Play,en,us,2026-04-17 17:55:05,2025-11-11
c5d8d286-ccb0-4d2b-961b-c2b1f98fb569,Nasima Begun,absolutely gorgeous,5,0,4.9.11-googleplay,4.9.11-googleplay,2025-11-16 18:50:11,Thank you!,2025-11-16 21:20:01,Chess.com,Google Play,en,us,2026-04-17 17:55:05,2025-11-11
56dd0338-3888-4b08-aa30-6763a6dfdc4f,Josh Brent's,when your about to win in last seconds the game conveniently makes it where u can't move your pieces they just stick till your times up..chess game horrible with cheating,1,0,,,2025-11-16 17:18:58,"Sorry for the difficulties! It's possible that your submission of a move in the game might be interrupted if a disconnection occurs. We're doing our utmost to optimize server connectivity, and we can offer some tips to optimize your local network and device at: www.chess.com/support",2025-11-17 15:48:38,Chess.com,Google Play,en,us,2026-04-17 17:55:05,2025-11-11
a3ca21d3-637c-4b7c-9786-fe00534eef89,Nathan Yonas,The best chess game ever,5,0,,,2025-11-16 08:59:18,Thank you for this feedback!,2025-11-19 15:42:30,Chess.com,Google Play,en,us,2026-04-17 17:55:05,2025-11-11
00510cdb-b60a-44a0-a9a6-d37c41018b31,Fajar Budiman,can't create account such,1,0,4.9.14-googleplay,4.9.14-googleplay,2025-11-15 12:12:47,"Sorry for the difficulties! Registration issues can occur due to lack of connection, or if you've had previous Chess.com accounts. Please visit this link to contact us for assistance: www.chess.com/support",2025-11-17 15:51:19,Chess.com,Google Play,en,us,2026-04-17 17:55:05,2025-11-11
f03c52d7-8932-4f24-abf9-974473e56b90,Xyron joseph Villegas,great game,5,0,4.9.11-googleplay,4.9.11-googleplay,2025-11-15 03:44:32,,,Chess.com,Google Play,en,us,2026-04-17 17:55:05,2025-11-11
99482d36-d761-4db9-9675-741aa26731a4,Cash The Holyroot,Nice App ⚜️🇺🇲🦅🦅,5,0,4.9.10-googleplay,4.9.10-googleplay,2025-11-15 01:18:02,,,Chess.com,Google Play,en,us,2026-04-17 17:55:05,2025-11-11
ead4e093-c62b-4710-aa08-4d9906e7faef,The True Lines,the only chess app that I can rely on,5,0,4.9.11-googleplay,4.9.11-googleplay,2025-11-14 20:44:11,,,Chess.com,Google Play,en,us,2026-04-17 17:55:05,2025-11-11
57f4c277-137b-4da3-8f42-66ed684846d6,Andrew Perks,Would get 5 stars if they stopped spamming me with notifications to add a friend or try a puzzle every time I open the app.,3,0,4.9.11-googleplay,4.9.11-googleplay,2025-11-14 18:41:07,Sorry for the trouble! You can adjust notification settings in the Chess.com app by tapping on: More > Settings > Notifications. You can also disable all notifications with one setting in your Android device's Settings app: Settings > Notifications > Chess,2025-11-14 18:37:15,Chess.com,Google Play,en,us,2026-04-17 17:55:05,2025-11-11
06ad9b49-be69-4433-b553-69b01ae9fe7f,Rishank Sinha,"Amazing app But There should be Free Analyzing or if not possible There should be Some system or chess in game currency that you could exchange to analyse your game or at least give 2-3 analysis a day so that we could learn from our mistakes ! Btw love this app, Highly addictive since I reached 1000 elo, edit - it will be good if there will be an option of payment with phonepe,",4,0,4.9.11-googleplay,4.9.11-googleplay,2025-11-13 17:41:35,"Thank you for this feedback. We're considering potential adjustments to these limits in the future, as well as alternative membership options. In the meantime, make sure to sign up for the Diamond free trial to test out unlimited Game Review, Lessons, and Puzzles!",2025-11-13 17:39:47,Chess.com,Google Play,en,us,2026-04-17 17:55:05,2025-11-11
df80bfb1-d055-4f59-be41-0c80501d78fc,Kundan Padwekar,"it is very good app, where u learn and play with other people.",4,0,4.9.11-googleplay,4.9.11-googleplay,2025-11-12 21:20:45,Thanks for your comment! If you have feedback for us or suggestions on how the Chess.com app could be better please let us know. We want the app to be worth 5 stars for you!,2025-11-13 12:44:22,Chess.com,Google Play,en,us,2026-04-17 17:55:05,2025-11-11
164c857d-b74d-4721-869a-c5f8fdff8d65,Simon Ejsing,"too many cheaters, wish there was a way to only play with other paid subscribers to at least play someone with skin in the game",1,1,4.9.11-googleplay,4.9.11-googleplay,2025-11-12 19:26:32,"Thank you for this feedback. We're looking into a potential game filter like this for the future. We're also constantly expanding our fair play detection, and we have invested more resources and personnel into detecting cheating than any other entity in the world! Check out this article for more information: www.chess.com/cheating",2025-11-12 21:35:13,Chess.com,Google Play,en,us,2026-04-17 17:55:05,2025-11-11
1775853f-c7cf-464c-aa2e-118b4b55a93e,Tom,good time killer,4,0,4.9.11-googleplay,4.9.11-googleplay,2025-11-12 01:27:20,"Thanks for your review! If you have suggestions for us on how the Chess.com app could be better, please let us know. We want the app to be worthy of a 5-star rating to you! You can submit feedback at: www.chess.com/support",2025-11-13 17:40:16,Chess.com,Google Play,en,us,2026-04-17 17:55:05,2025-11-11
efd16361-f294-481a-9ef0-a4f16e25e914,Ahmed samy,good game great add ons,5,0,4.9.11-googleplay,4.9.11-googleplay,2025-11-12 00:06:52,,,Chess.com,Google Play,en,us,2026-04-17 17:55:05,2025-11-11
ae3d8565-cb71-4d0d-b532-e817fb290033,Anas Marwan,very good but charges a lot of money it teaches you a lot of things like being more smart but it makes you pay for a lot of things I was a new player 2 weeks now I am a begginer thanks to this game ❤️❤️,4,1,4.9.11-googleplay,4.9.11-googleplay,2025-11-11 21:45:06,"Thank you for this feedback. If you're interested in Premium membership, we offer three different membership plans at both annual or monthly rates, so there is an option for every budget. To test out the amazing training features like video Lessons and Game Review, don't forget we offer a free trial!",2025-11-13 17:40:19,Chess.com,Google Play,en,us,2026-04-17 17:55:05,2025-11-11
017814f9-b1de-49e0-8e2b-ecd3b760e139,abinash singh,when I complained about chess online they told us r accusing cheating so we make the wrong move directly ... so don't ever install this game and they itself cheater most online game itself ..one of worrest app they will have cache memory they will utilise will wrong move on the time of wining the game ..,1,0,4.3.0-googleplay,4.3.0-googleplay,2025-11-11 21:21:27,"Games on Chess.com are not manipulated in any way, and stopping cheating is one of our absolute highest priorities at Chess.com. We analyze hundreds of millions of games each month using state-of-the-art detection method, and any account found to be cheating is immediately closed: www.chess.com/article/view/chesscom-update-october-2025#FairPlay",2025-11-12 21:53:55,Chess.com,Google Play,en,us,2026-04-17 17:55:05,2025-11-11
abf39669-40dd-4b40-98c3-2d9767478360,Just a user,I'm playing this while waiting for Chess2,5,0,,,2025-11-11 20:52:43,,,Chess.com,Google Play,en,us,2026-04-17 17:55:05,2025-11-11
181e643e-cc3e-4ebe-a499-52609d803bc5,Thuy Le,I love chess,5,0,,,2025-11-11 19:46:53,Thanks for sharing the passion for chess. We're glad to have you on Chess.com!,2025-11-13 17:40:46,Chess.com,Google Play,en,us,2026-04-17 17:55:05,2025-11-11
8ddf3135-0004-4c4f-890a-8c77d0350504,Beesa Nikitha,it is so cool,5,0,4.9.11-googleplay,4.9.11-googleplay,2025-11-11 15:13:22,,,Chess.com,Google Play,en,us,2026-04-17 17:55:05,2025-11-11
c3e33ccb-994b-453b-97fa-372d547f6467,Aditya shrivastav,this aap gives me meditation like playing with my friends and defeating them and so more,5,0,4.9.11-googleplay,4.9.11-googleplay,2025-11-11 07:33:42,,,Chess.com,Google Play,en,us,2026-04-17 17:55:05,2025-11-11
f533732c-35b5-436e-b3eb-58ced3911fe8,Cornelious Bunting,best chess app,5,0,4.9.11-googleplay,4.9.11-googleplay,2025-11-11 04:03:34,,,Chess.com,Google Play,en,us,2026-04-17 17:55:05,2025-11-11
8bae4f5b-92be-4236-9d55-70e5e1b0bdf7,Ravi,it's a very educational game I love it,5,0,4.9.10-googleplay,4.9.10-googleplay,2025-11-10 16:35:14,Thank you for this feedback. Keep taking your chess skills to the next level on Chess.com!,2025-11-13 17:45:14,Chess.com,Google Play,en,us,2026-04-17 17:55:05,2025-11-04
cf5c975c-00fc-4595-9b81-667c06262c23,Sharad Jha,best way to learn chess,4,0,4.9.10-googleplay,4.9.10-googleplay,2025-11-10 10:21:45,Thank you for your comment. We want the app to be not just okay but amazing! Please visit www.chess.com/support if you need assistance or if you'd like to share feedback with us. We're here to help!,2025-11-10 12:38:32,Chess.com,Google Play,en,us,2026-04-17 17:55:05,2025-11-04
ad6beb42-2f6d-4c0d-b297-2a287a347d38,D Martakov,Somebody don't want to lose a job and trying to optimize what is already optimized. But at first he's breaking what is working well to solve the issues he created. Interface is worse than before. I can't see earned/lost point in the game. Abonament rules are ridiculous etc. Monkey business.,1,1,4.9.13-googleplay,4.9.13-googleplay,2025-11-10 03:47:02,"Thank you for this feedback. After a game ends, rating changes are shown next to each player's username. However, we'll keep following players' feedback on this, and we'll consider adding them back to the gameover display. ""Game abandonment"" rules are designed to prevent waiting in games: support.chess.com/article/338-how-does-game-abandonment-work",2025-11-11 16:42:35,Chess.com,Google Play,en,us,2026-04-17 17:55:05,2025-11-04
0a2a3433-c089-42d6-9c14-60d54dd82de8,Princess kate Lapastora,sir good morning iwant a refund because the money of my gcash is buy medicines of my mother,1,0,4.9.11-googleplay,4.9.11-googleplay,2025-11-09 23:42:09,"Sorry for the difficulties! Please submit a refund request in the Support chat by visiting: www.chess.com/support. In the chat, search: ""Refund"". After the AI's response, click the button to confirm submission of your request. We'll respond soon as possible!",2025-11-11 16:43:32,Chess.com,Google Play,en,us,2026-04-17 17:55:05,2025-11-04
7c5c3716-5036-4ddc-9998-ea896ff0b983,Rahul Shukla,Good for playing chess ♟️♟️♟️♟️,4,0,4.9.13-googleplay,4.9.13-googleplay,2025-11-09 19:58:00,"Thanks for your review! If you have suggestions for us on how the Chess.com app could be better, please let us know. We want the app to be worthy of a 5-star rating to you! You can submit feedback at: www.chess.com/support",2025-11-11 18:52:11,Chess.com,Google Play,en,us,2026-04-17 17:55:05,2025-11-04
3b713a3d-e4b6-4989-bdaf-54a487d0171a,Prajhual Ak,"While I prefer lichess, this is somehow most popular chess app. I have tried this first time and i'd say its not very well built but became popular with naming/marketing",2,0,,,2025-11-09 15:12:19,"If you have suggestions for us on how the Chess.com app could be better, please let us know. You can submit feedback at: www.chess.com/support",2025-11-11 16:47:43,Chess.com,Google Play,en,us,2026-04-17 17:55:05,2025-11-04
a677afe7-58c7-4cc9-9b76-f515dc269175,Saurav Dange,addicted to chase,4,0,4.9.11-googleplay,4.9.11-googleplay,2025-11-09 08:49:47,"Thanks for your review! If you have suggestions for us on how the Chess.com app could be better, please let us know. We want the app to be worthy of a 5-star rating to you! You can submit feedback at: www.chess.com/support",2025-11-11 18:52:16,Chess.com,Google Play,en,us,2026-04-17 17:55:05,2025-11-04
138b49ee-9ca3-41d4-94eb-a1287c691cf3,Cajunior Myles,well played,4,0,4.9.11-googleplay,4.9.11-googleplay,2025-11-09 05:25:38,"Thanks for your review! If you have suggestions for us on how the Chess.com app could be better, please let us know. We want the app to be worthy of a 5-star rating to you! You can submit feedback at: www.chess.com/support",2025-11-11 18:52:17,Chess.com,Google Play,en,us,2026-04-17 17:55:05,2025-11-04
dc3edf31-d5ea-4ae4-9f5b-46410baf7cf1,Alex Bjelosevic,Looks like we're evenly matched. Want to try again?,1,0,,,2025-11-09 03:44:53,"If you're experiencing any issues with the Chess.com app or have any suggestions for us, we are here to help! Please visit this link for assistance: www.chess.com/support",2025-11-11 16:50:22,Chess.com,Google Play,en,us,2026-04-17 17:55:05,2025-11-04
2107f201-ef9e-4356-a5dc-8e0062bb7cc2,Tamil Selvan A,Addictive game.,5,0,4.9.11-googleplay,4.9.11-googleplay,2025-11-08 12:20:54,,,Chess.com,Google Play,en,us,2026-04-17 17:55:05,2025-11-04
015718e0-c51d-444b-b284-6451bf64070b,Cakra Gilbert,Bagus sih ini gamenya aku suka krena melatih kinerja otakku asli,5,0,4.9.11-googleplay,4.9.11-googleplay,2025-11-08 11:06:27,,,Chess.com,Google Play,en,us,2026-04-17 17:55:05,2025-11-04
9c9a9fb0-1a78-4411-b03e-244419efd730,Angkur Sarmah,worst game with lagging issue,1,0,,,2025-11-08 08:43:47,"Sorry for the trouble! We're constantly working on server optimizations to offer stable connectivity for players around the world. Please try deleting and reinstalling the app, and you can visit this link for further assistance: www.chess.com/support",2025-11-11 16:54:12,Chess.com,Google Play,en,us,2026-04-17 17:55:05,2025-11-04
bd412c50-a613-4093-bec2-756e6507f950,Ratna Pate,too good,5,0,4.9.11-googleplay,4.9.11-googleplay,2025-11-08 06:42:10,,,Chess.com,Google Play,en,us,2026-04-17 17:55:05,2025-11-04
1c62b182-4642-4d3a-a643-24d9353009cd,Mayenur zaman Mayen,"l don't like this game because the game Is fully paid. I want to complete all lesson (learn) but it paid, why paid🥺 ? please change it . but this game Is so beautiful. and please we need 2 analysis chance, 🚫1 .",2,1,4.9.11-googleplay,4.9.11-googleplay,2025-11-08 05:25:07,"Thank you for this feedback. We're considering potential adjustments to these limits in the future, as well as alternative membership options. In the meantime, make sure to sign up for the Diamond free trial to test out unlimited Game Review, Lessons, and Puzzles!",2025-11-11 19:20:27,Chess.com,Google Play,en,us,2026-04-17 17:55:05,2025-11-04
18d15500-035a-4821-8ffd-7fbbaad9fd04,Manvith K,it's very much disgusting game if i want move bishop it's not moving .. n,1,0,4.9.10-googleplay,4.9.10-googleplay,2025-11-08 04:46:30,"Sorry for the trouble! If a move is not permitted, it may be because your King is under attack in a surprising way. When in check, only moves that escape the check would be permitted. Or, a certain piece might not be able to move since it would put you in check. If this doesn't explain the issue in your game, visit: www.chess.com/support",2025-11-11 16:56:12,Chess.com,Google Play,en,us,2026-04-17 17:55:05,2025-11-04
b9e8505b-e821-4767-a1d8-51e0f9ee0767,Peter Aiello,amazing,5,0,4.9.11-googleplay,4.9.11-googleplay,2025-11-07 23:02:09,,,Chess.com,Google Play,en,us,2026-04-17 17:55:05,2025-11-04
61f560b9-0ada-4d26-a451-cead3ca58897,Mateyas Alramo,"This game is really fun! you can even play offline and with people, and the game never lags!",5,0,,,2025-11-07 05:03:39,We're glad you're having fun playing chess. Thanks for choosing Chess.com!,2025-11-07 16:06:19,Chess.com,Google Play,en,us,2026-04-17 17:55:05,2025-11-04
077ccc44-6bee-4a2d-958a-5306c62fe7b4,Bill Latronica,great app that works very well.,5,0,4.9.11-googleplay,4.9.11-googleplay,2025-11-07 01:24:29,We're glad you like the Chess.com app. Thank you for your 5 star review!,2025-11-07 16:07:51,Chess.com,Google Play,en,us,2026-04-17 17:55:05,2025-11-04
08d23f2d-252f-49bd-ad31-3131124e40c3,Jake,"Consistently paired with people who let the clock run out once in losing position, as there is no clear repercussions for this. I have reported multiple times with no responses from support. Only contact option in app is an AI that does nothing. The app should force the game to end, especially when one forced move from checkmate.",1,6,4.9.11-googleplay,4.9.11-googleplay,2025-11-06 16:59:24,"Sorry for the frustration! A game will end early if a player leaves or disconnects. However, it is possible for a player to let time run out on purpose while continuing to view the game. We ask that you report this by tapping on the opponent's avatar so we can quickly take action in the form of restrictions or account closure.",2025-11-06 17:55:59,Chess.com,Google Play,en,us,2026-04-17 17:55:05,2025-11-04
f8a14afe-c5b1-4236-931c-159da1bcd3a1,joshua rauhihi,efficient and helpful,5,0,4.9.11-googleplay,4.9.11-googleplay,2025-11-06 11:57:19,,,Chess.com,Google Play,en,us,2026-04-17 17:55:05,2025-11-04
f8e242ca-4b36-4b40-be84-e9ea8d9f5bbe,Hasan Askari,very good game but it do not give the unlimited riviu,4,0,4.9.11-googleplay,4.9.11-googleplay,2025-11-06 10:59:41,"Game Review is one of the very best tools to improve your chess, with personalized feedback on your games. You can review the critical moments of your games, correct errors, see Best Moves, and try alternate moves in Analysis mode. Don't forget we offer a free trial if you'd like to try out unlimited Game Review!",2025-11-06 18:27:11,Chess.com,Google Play,en,us,2026-04-17 17:55:05,2025-11-04
52ba5f82-9ed1-4de9-8074-8856d4b96e6c,Satish Kumar,best chess game for beginners class player . it improves my chess game and thinking and strategy .nice.,4,0,4.9.10-googleplay,4.9.10-googleplay,2025-11-06 10:06:35,"Thanks for your review! If you have suggestions for us on how the Chess.com app could be better, please let us know. We want the app to be worthy of a 5-star rating to you! You can submit feedback at: www.chess.com/support",2025-11-06 19:26:30,Chess.com,Google Play,en,us,2026-04-17 17:55:05,2025-11-04
b486a9bf-6c7b-481f-ab13-16fb9d4e9237,Pranit Mhatre,Could be better if more actual people will participate than a bot still the best chess app,3,0,,,2025-11-05 22:20:50,"We have tens of millions of active players, so you're playing chess with real people around the world! That said, if you suspect an opponent of cheating, you can tap their avatar to report it. We use advanced algorithms to quickly detect and ban cheaters!",2025-10-31 15:28:18,Chess.com,Google Play,en,us,2026-04-17 17:55:05,2025-11-04
64bbd64f-053a-426d-ab10-d1ca83ffb426,Suhas TR,nice 👍,5,0,4.9.11-googleplay,4.9.11-googleplay,2025-11-05 16:58:02,,,Chess.com,Google Play,en,us,2026-04-17 17:55:05,2025-11-04
b696523a-faeb-4754-ae3d-72c745a4ffe0,Atavti Robert (Metro),"With the latest version, my points are not being allocated to me whenever I win a game but are deducted if I lose. And I have been experiencing this for 3 days now.",3,2,4.9.11-googleplay,4.9.11-googleplay,2025-11-05 15:52:23,"It's possible to play games on Chess.com that do not affect rating! To double check this, tap on the options: Play>Custom>Rated (On). That will ensure all your future games adjust your rating. Please visit this link to contact us for assistance if needed: www.chess.com/support",2025-11-05 22:21:40,Chess.com,Google Play,en,us,2026-04-17 17:55:05,2025-11-04
532f0e6b-b3f7-470a-a225-820854f0d1a9,Manjeet Singh,perfect app but there is one draw back in vision training i want another option in vision training where in front screen there will be chess board notation and I will have 2 options. light / dark in easy words a new vision training where I have to guess colour too,5,0,,,2025-11-05 07:57:49,Thank you for this suggestion for additional options in the Vision trainer We'll explore this for future updates!,2025-11-06 23:47:54,Chess.com,Google Play,en,us,2026-04-17 17:55:05,2025-11-04
c8b16744-1c40-480e-aede-8a968f1903e7,ROHIT nazirkar,"app glitches a lot ...takes me out of the game and doesn't open a lot of Times ... despite good wifi connection , I lose. focus on improving it",2,0,,,2025-11-04 22:36:58,"Sorry for the difficulties with the app crashing or losing connection. If the problem persists after reinstalling, please submit a bug report at: www.chess.com/support. We'll review your report and work to resolve any error as soon as possible.",2025-11-05 22:24:39,Chess.com,Google Play,en,us,2026-04-17 17:55:05,2025-11-04
42e5deaa-c654-483f-a7f4-c8fe0a55df05,CJ Mattias,It's chess,5,0,4.9.11-googleplay,4.9.11-googleplay,2025-11-04 18:35:31,,,Chess.com,Google Play,en,us,2026-04-17 17:55:05,2025-11-04
00cd4d09-9369-4fc8-876b-06dcd4803c8f,Saim Arifi,the best chess game.,5,0,4.9.10-googleplay,4.9.10-googleplay,2025-11-04 18:19:31,,,Chess.com,Google Play,en,us,2026-04-17 17:55:05,2025-11-04
a9bb924b-9ae9-4c40-b72f-73686ba921a2,Mohammed Mohiddin,Excellent.,5,0,4.9.11-googleplay,4.9.11-googleplay,2025-11-04 17:09:34,,,Chess.com,Google Play,en,us,2026-04-17 17:55:05,2025-11-04
e68950c7-1189-4d02-911e-fc0dc74cdce4,Ravindra Rahate,This game is amazing,5,0,4.9.10-googleplay,4.9.10-googleplay,2025-11-04 15:05:37,We're glad you like the Chess.com app. Thank you for your 5 star review!,2025-11-07 00:03:28,Chess.com,Google Play,en,us,2026-04-17 17:55:05,2025-11-04
3882b17c-9250-4550-9658-4c45bdc74e38,Suresh Yadav,Best game to improve our thinking level and I really enjoy this game means the one and only chess !,5,0,4.9.0-googleplay,4.9.0-googleplay,2025-11-04 13:45:08,Chess is the gymnasium for the mind. Thanks for choosing Chess.com!,2025-11-07 00:04:03,Chess.com,Google Play,en,us,2026-04-17 17:55:05,2025-11-04
eb201699-13e6-48a7-85a1-92d2c9c9c3d9,Monalisha Giri,Very bad,1,0,,,2025-11-04 07:37:25,"If you're experiencing any issues with the Chess.com app or have any suggestions for us, we are here to help! Please visit this link for assistance: www.chess.com/support",2025-11-05 22:26:44,Chess.com,Google Play,en,us,2026-04-17 17:55:05,2025-11-04
f5a69236-d027-4700-a603-303ff8d271e5,Paras Sangwan,very good experience with this app,5,0,,,2025-11-04 05:43:29,,,Chess.com,Google Play,en,us,2026-04-17 17:55:05,2025-11-04
ae25e7b6-7294-4b32-a711-cab7f73dfcff,Karishma Gogoi baruah,This app is a banger frfr,5,0,,,2025-11-03 20:14:06,We're glad you like the Chess.com app. Thank you for your 5 star review!,2025-11-07 16:12:21,Chess.com,Google Play,en,us,2026-04-17 17:55:05,2025-10-28
0a07efab-18a2-42dd-85c4-3736ce824a5a,Ajah Emmanuel,very good game.... taught me all I know rn 😌 💯,5,0,4.9.10-googleplay,4.9.10-googleplay,2025-11-03 19:37:34,,,Chess.com,Google Play,en,us,2026-04-17 17:55:05,2025-10-28
4d9779a6-ce0e-4909-9d7d-37c01d5c0adb,Anita Palve,But it was not able to login with google which made me to reduce star,4,0,4.6.38-googleplay,4.6.38-googleplay,2025-11-03 10:45:03,"Please try logging out and logging in to your Google account once more, then try logging in on the Chess.com app using the Google link option. If the problem persists, you can contact us for assistance at: www.chess.com/support",2025-11-06 19:23:10,Chess.com,Google Play,en,us,2026-04-17 17:55:05,2025-10-28
1bdef291-c058-43c2-aab3-c55f3309cd1a,Gerardus Jeremy,nice 👍,5,0,4.9.10-googleplay,4.9.10-googleplay,2025-11-03 04:38:08,,,Chess.com,Google Play,en,us,2026-04-17 17:55:05,2025-10-28
0346642a-3ef9-41f6-918c-665ae7b275ea,Nick Lytle,"the best chess app to learn and play chess on. It also has various different options available to help you improve as well, even if you're just learning or you've been playing for years. 5 Stars",5,0,4.9.10-googleplay,4.9.10-googleplay,2025-11-02 22:33:44,Thanks for taking the time to write a review for us! It means a lot! :),2025-11-02 23:47:30,Chess.com,Google Play,en,us,2026-04-17 17:55:05,2025-10-28
43af7752-3cbc-4ade-9282-689a2f431a2a,Aleksa Arandelovic,very hard game perfect app best app for chess tbh,4,0,4.9.10-googleplay,4.9.10-googleplay,2025-11-02 20:47:45,"Thanks for your review! If you have suggestions for us on how the Chess.com app could be better, please let us know. We want the app to be worthy of a 5-star rating to you! You can submit feedback at: www.chess.com/support",2025-11-06 19:27:02,Chess.com,Google Play,en,us,2026-04-17 17:55:05,2025-10-28
258178d1-b0d6-447c-b50c-f19fb25170a2,Collins Enoma,Pretty fun game to play 😁,4,0,4.9.10-googleplay,4.9.10-googleplay,2025-11-02 19:52:19,"Thanks for your review! If you have suggestions for us on how the Chess.com app could be better, please let us know. We want the app to be worthy of a 5-star rating to you! You can submit feedback at: www.chess.com/support",2025-11-06 19:27:07,Chess.com,Google Play,en,us,2026-04-17 17:55:05,2025-10-28
eff0c3b3-6f2b-48f9-a9e2-89e13be65c27,Soterania soring,better than roblox,5,0,4.9.10-googleplay,4.9.10-googleplay,2025-11-02 03:15:08,,,Chess.com,Google Play,en,us,2026-04-17 17:55:05,2025-10-28
8061ecc5-8165-47be-a85a-372b2d343b76,Karl Erikson,Cowards need to understand that you can't learn how to be better at chess if you keep resigning the moment you lose your queen during play.,4,0,4.9.11-googleplay,4.9.11-googleplay,2025-11-01 23:03:59,"Thank you for this feedback. Players have different opinions on resigning early: some prefer to resign in a lost position, while others prefer to play until checkmate. If a game ends early with an opponent's resignation, you can continue the game versus a Bot! Tap on the settings icon at the bottom left, then tap on ""Finish vs Computer"".",2025-11-06 19:24:18,Chess.com,Google Play,en,us,2026-04-17 17:55:05,2025-10-28
940aea8e-ce47-4c62-bbba-b9ad672a7247,יהונתן גולן,best app for learning and easy to use. they deserve the 5 stars,5,0,4.9.10-googleplay,4.9.10-googleplay,2025-11-01 21:26:39,Chess is the gymnasium for the mind. Thanks for choosing Chess.com!,2025-11-02 00:09:28,Chess.com,Google Play,en,us,2026-04-17 17:55:05,2025-10-28
a70cca54-c3bf-4c02-8acd-2e4170a0a7eb,Malini Gangurde,good game,5,0,4.6.41-googleplay,4.6.41-googleplay,2025-11-01 17:16:21,,,Chess.com,Google Play,en,us,2026-04-17 17:55:05,2025-10-28
16559697-884a-4ea3-9d4d-04f8f69197ba,Mary chield Labian,Soo good game,5,0,4.9.10-googleplay,4.9.10-googleplay,2025-11-01 16:37:03,,,Chess.com,Google Play,en,us,2026-04-17 17:55:05,2025-10-28
3233fe7b-adf0-417c-ada7-cf58a7c11e39,arundhati dalvi,This Game teach me chess and help me win a competition,5,0,4.9.10-googleplay,4.9.10-googleplay,2025-11-01 16:12:25,Congrats on your win! Keep taking your chess skills to the next level on Chess.com!,2025-11-07 16:42:26,Chess.com,Google Play,en,us,2026-04-17 17:55:05,2025-10-28
d5c27d91-af59-4946-a001-0f8af3b59215,Mukesh Prajapat,I love to play this game.. because I have brain 🧠🥲😅,5,0,4.8.2-googleplay,4.8.2-googleplay,2025-11-01 15:26:13,Chess is the gymnasium for the mind. Thanks for choosing Chess.com!,2025-11-07 16:45:26,Chess.com,Google Play,en,us,2026-04-17 17:55:05,2025-10-28
f9de8261-6fd4-4637-9806-3d3c53b29e23,H4chi Man,f this appp,1,0,,,2025-11-01 11:13:08,Please let us know about any issues you are finding on the app. We will work to resolve them for you! www.chess.com/support,2025-11-02 02:22:46,Chess.com,Google Play,en,us,2026-04-17 17:55:05,2025-10-28
b91c76e6-3ac5-4d0e-8d81-4420b8984c6f,Shaurya Srivastava,best app in the world,4,0,4.9.0-googleplay,4.9.0-googleplay,2025-11-01 06:46:07,"Thanks for your review! If you have suggestions for us on how the Chess.com app could be better, please let us know. We want the app to be worthy of a 5-star rating to you! You can submit feedback at: www.chess.com/support",2025-11-06 19:27:25,Chess.com,Google Play,en,us,2026-04-17 17:55:05,2025-10-28
39dab552-1cb0-40c0-8f26-4bbd5e601442,Kgopotso Sithole,dope app,4,0,4.9.3-googleplay,4.9.3-googleplay,2025-11-01 01:10:30,"Thanks for your review! If you have suggestions for us on how the Chess.com app could be better, please let us know. We want the app to be worthy of a 5-star rating to you! You can submit feedback at: www.chess.com/support",2025-11-06 19:27:28,Chess.com,Google Play,en,us,2026-04-17 17:55:05,2025-10-28
e07b9a05-373e-4cdb-9778-06d14ee8e47a,Dale Priest,Give it a good 👍 chess is awesome Go on you know you wanna chess is awesome 👌,5,0,4.9.2-googleplay,4.9.2-googleplay,2025-10-31 19:04:26,,,Chess.com,Google Play,en,us,2026-04-17 17:55:05,2025-10-28
9ed2891f-d218-4492-a6ba-a5ccc48b7a14,ahmad nueirat,nice thing,5,0,4.9.11-googleplay,4.9.11-googleplay,2025-10-30 23:15:22,,,Chess.com,Google Play,en,us,2026-04-17 17:55:05,2025-10-28
afaf1e25-60b0-4477-a0ba-87ee57fd3107,Sanket,Best chess game I have ever seen,5,0,4.9.11-googleplay,4.9.11-googleplay,2025-10-30 08:44:47,,,Chess.com,Google Play,en,us,2026-04-17 17:55:05,2025-10-28
a9068776-c956-41e0-b894-3da1412b7ba4,DyNaMo,"great game, fun platform",5,0,4.9.10-googleplay,4.9.10-googleplay,2025-10-30 08:41:46,,,Chess.com,Google Play,en,us,2026-04-17 17:55:05,2025-10-28
9c3d70fd-0d0a-468d-b0ef-b6468de13432,Nurhuryah,LOVE THIS APP❤️,5,0,4.9.10-googleplay,4.9.10-googleplay,2025-10-30 05:02:27,We're glad you like the Chess.com app. Thank you for your 5 star review!,2025-11-05 15:48:12,Chess.com,Google Play,en,us,2026-04-17 17:55:05,2025-10-28
5182ce77-200b-4b7c-8960-6a26bc4d9098,Nel Amosco,Great App,5,0,4.9.10-googleplay,4.9.10-googleplay,2025-10-29 09:43:36,,,Chess.com,Google Play,en,us,2026-04-17 17:55:05,2025-10-28
988a2970-32f5-4711-be5d-25603cac418f,Thubelihle Junior Angazi Mujajati,best chess application,5,0,4.9.10-googleplay,4.9.10-googleplay,2025-10-28 14:03:23,,,Chess.com,Google Play,en,us,2026-04-17 17:55:05,2025-10-28
434e4c53-33a5-40df-9aa8-170177e9acf1,Anil Kumar,best !,5,0,4.9.10-googleplay,4.9.10-googleplay,2025-10-27 23:25:57,,,Chess.com,Google Play,en,us,2026-04-17 17:55:05,2025-10-21
a2ee881a-482a-47e8-aa9c-c460d1148cd0,Torrance Pitts,just love playing chess on this app,5,0,4.9.10-googleplay,4.9.10-googleplay,2025-10-27 21:21:49,,,Chess.com,Google Play,en,us,2026-04-17 17:55:05,2025-10-21
6b55d0ee-7361-4da3-941b-9bd0dd8dfb8c,DANIEL KELUBIA,good game,4,0,4.9.10-googleplay,4.9.10-googleplay,2025-10-27 19:23:32,"Thanks for your review! If you have suggestions for us on how the Chess.com app could be better, please let us know. We want the app to be worthy of a 5-star rating to you! You can submit feedback at: www.chess.com/support",2025-11-01 06:24:06,Chess.com,Google Play,en,us,2026-04-17 17:55:05,2025-10-21
534a83fd-199d-4e69-8b98-de18530c2a8e,J. Miles,"Solved a puzzle & despite solving it correctly and NOT asking for a hint, deducted points claiming I had asked for a hint anyway. Otherwise, 5 stars. I'm hoping it's a one-time fluke.",5,0,4.9.10-googleplay,4.9.10-googleplay,2025-10-27 03:19:49,"Sorry for the difficulties with your Puzzle rating decreasing despite a correct solution. If the problem persists, please submit a bug report at: www.chess.com/support. We'll review your report and work to resolve any error as soon as possible.",2025-11-04 19:51:27,Chess.com,Google Play,en,us,2026-04-17 17:55:05,2025-10-21
308a109f-401a-4b7d-baca-b293e31e85be,True Kampang,Fix your server! Recently I lost many matches from connection problem even though I have no trouble browsing!,1,0,4.9.6-googleplay,4.9.6-googleplay,2025-10-27 02:21:31,"Sorry for the trouble! We're constantly working on server optimizations to offer stable connectivity for players around the world. Please try deleting and reinstalling the app, and you can visit this link for further assistance: www.chess.com/support",2025-10-30 17:17:22,Chess.com,Google Play,en,us,2026-04-17 17:55:05,2025-10-21
9e402c93-0099-4b4d-83aa-e9fce120d2a9,Arjay Lucero,there's a 12 seconds lag whenever you play white.,5,0,4.9.10-googleplay,4.9.10-googleplay,2025-10-26 23:41:30,"Sorry for the difficulties! Issues with the game clock can occur due to latency. Please try deleting and reinstalling the app, and if the latency continues, visit this link for further assistance: www.chess.com/support",2025-11-04 19:35:45,Chess.com,Google Play,en,us,2026-04-17 17:55:05,2025-10-21
c5e8d366-7e40-4399-8955-6a3e6afa0918,Aldian F,"Internet Conn. Issues: Tolonglah wahai developer, internet Saya bagus dan cepat tapi kenapa selalu terkena isu internet terputus saat dipermainan ? Ini sangat merugikan untuk poin elo Saya... -_- Tolong segera perbaiki, terima kasih... (Translate it to English)",2,0,4.9.10-googleplay,4.9.10-googleplay,2025-10-26 14:46:13,"Mohon maaf atas kesulitan yang ditimbulkan! Kami sedang berupaya memperluas server secara besar-besaran untuk terus mengoptimalkan konektivitas bagi para pemain kami di seluruh dunia. Sementara itu, jika masalah masih berlanjut setelah memverifikasi koneksi jaringan Anda, silakan kunjungi tautan ini untuk bantuan lebih lanjut: www.chess.com/support",2025-10-30 19:41:47,Chess.com,Google Play,en,us,2026-04-17 17:55:05,2025-10-21
d98e356e-03dc-4e1c-8601-fadb3083f270,Ankit Kumar,mind blowing,5,0,4.9.10-googleplay,4.9.10-googleplay,2025-10-26 05:40:10,,,Chess.com,Google Play,en,us,2026-04-17 17:55:05,2025-10-21
99121b69-d1dc-43dd-9171-ce5cd65b19f9,Akshit Chaudhary,best chess app one could play on,5,0,4.9.10-googleplay,4.9.10-googleplay,2025-10-25 16:54:45,,,Chess.com,Google Play,en,us,2026-04-17 17:55:05,2025-10-21
9dc59c75-c473-4654-90ef-ca2eb36ec5c7,Maria Amor,good but plss give more daily puzzles,5,0,4.9.10-googleplay,4.9.10-googleplay,2025-10-25 16:15:58,"Thank you for this feedback. Don't forget that unlimited Puzzles are included with any level of Premium membership, and we offer a free trial if you want to test out Puzzles!",2025-11-04 19:30:57,Chess.com,Google Play,en,us,2026-04-17 17:55:05,2025-10-21
91e5ace4-480f-4eef-9da7-e65f1e64fb5b,Rupesh Raulo,beautiful game,4,0,4.9.10-googleplay,4.9.10-googleplay,2025-10-25 04:15:19,"Thanks for your review! If you have suggestions for us on how the Chess.com app could be better, please let us know. We want the app to be worthy of a 5-star rating to you! You can submit feedback at: www.chess.com/support",2025-11-01 06:24:25,Chess.com,Google Play,en,us,2026-04-17 17:55:05,2025-10-21
f422bbd8-3392-402d-87d2-00cca991120a,ᴅᴜʀɢᴀ ᴄʜᴇꜱꜱ,very good game to becomw a grandmaster in chess👍,5,0,4.9.6-googleplay,4.9.6-googleplay,2025-10-24 04:38:01,,,Chess.com,Google Play,en,us,2026-04-17 17:55:05,2025-10-21
5fe8dfdf-3db9-47bc-badf-a070c23faabe,uziboi_jr,Love it,5,0,4.9.10-googleplay,4.9.10-googleplay,2025-10-23 22:01:23,,,Chess.com,Google Play,en,us,2026-04-17 17:55:05,2025-10-21
3905f62b-b7af-423e-8e40-c680a9957183,MOHAMMAD Amar,more responsive,5,0,4.9.4-googleplay,4.9.4-googleplay,2025-10-23 15:57:17,,,Chess.com,Google Play,en,us,2026-04-17 17:55:05,2025-10-21
f41c60a0-7d0b-4260-a9d6-94c034ffc34f,Richard Jones-Abbas,No consultation about changing important rules for paid up members. e.g puzzle ratings inane reductions and demoralising scoring regime. I won't be paying again!,1,0,4.9.10-googleplay,4.9.10-googleplay,2025-10-22 21:35:01,"We're very sorry for the distress this has caused. We know it's a sudden change, but this Puzzle rating adjustment will actually help you find Puzzles better-suited to your playing level, which in turn will optimize your chess training! You can read more about this update at: www.chess.com/news/view/announcing-new-puzzles-rating-system",2025-10-25 21:40:18,Chess.com,Google Play,en,us,2026-04-17 17:55:05,2025-10-21
0606b10d-e85e-49fd-b40d-d2fd2c979d5c,Om Cjay,i love chess🤗,5,0,4.9.10-googleplay,4.9.10-googleplay,2025-10-22 19:11:44,,,Chess.com,Google Play,en,us,2026-04-17 17:55:05,2025-10-21
05afaad2-8def-4c7a-9519-ff747b141f3a,shivam kumar,"everytime I lose a puzzle, my winning streak immediately gets broken even though I solved many tough ones 😡😡😡😡",1,0,4.9.10-googleplay,4.9.10-googleplay,2025-10-22 04:11:02,"Solving difficult Puzzles will still earn you more tier points, even if you lose your streak! Please visit this link for assistance if needed: www.chess.com/support",2025-10-25 21:43:53,Chess.com,Google Play,en,us,2026-04-17 17:55:05,2025-10-21
67a159a7-be0f-4ab3-b9dd-b343a065ef22,Jayveer Tanwar,one of the best way to increase IQ fr,5,0,4.9.6-googleplay,4.9.6-googleplay,2025-10-21 15:07:10,,,Chess.com,Google Play,en,us,2026-04-17 17:55:05,2025-10-21
e60a9284-7862-44c4-bd59-93d3b9c9d2fe,Hukumchand,this is paid,1,0,4.9.10-googleplay,4.9.10-googleplay,2025-10-21 09:18:31,"We offer premium subscriptions, but with a free account you'll still have limited access to Puzzles, Lessons, and Game Review, and playing chess on Chess.com will always be free. There is a also a free trial if you'd like to test out unlimited training features!",2025-10-25 21:48:31,Chess.com,Google Play,en,us,2026-04-17 17:55:05,2025-10-21
a469d4b9-5d34-4b94-a108-6b824f103dd5,David Escobar,Such a great app for all levels of chess. Highly recommended,5,0,4.9.10-googleplay,4.9.10-googleplay,2025-10-21 09:11:02,,,Chess.com,Google Play,en,us,2026-04-17 17:55:05,2025-10-21
917543ce-e07c-4263-a3b5-d8efce33c708,rundio Sinclair,"I'd give 5 stars, except if you get a call and answer, the game aborts! That's a serious bug.",3,0,4.9.10-googleplay,4.9.10-googleplay,2025-10-21 01:44:47,"Sorry for the difficulties! A game may end early if a disconnection occurs, which is designed to prevent players from waiting unnecessarily if an opponent has left the game. However, it should be possible to reconnect within 10% of the initial game time. Please visit this link to contact us for assistance if needed: www.chess.com/support",2025-10-30 17:43:23,Chess.com,Google Play,en,us,2026-04-17 17:55:05,2025-10-21
e2b8be32-755d-496a-bece-d385791fedaa,Aliaksandr Alekseyevich,my first application for chess. I started play here,5,0,4.9.10-googleplay,4.9.10-googleplay,2025-10-20 21:25:04,,,Chess.com,Google Play,en,us,2026-04-17 17:55:05,2025-10-14
592f8e61-95f3-4ca2-a055-efe1b54f83dc,Š Å H Ï Ļ,best game,5,0,4.9.10-googleplay,4.9.10-googleplay,2025-10-20 20:13:00,,,Chess.com,Google Play,en,us,2026-04-17 17:55:05,2025-10-14
4e6eac8a-ed16-4f72-b3ac-0cf3b67a36c5,Pranav,it's a great app to improve chess skills and easy to learn chess for beginners.,5,0,,,2025-10-20 08:42:04,,,Chess.com,Google Play,en,us,2026-04-17 17:55:05,2025-10-14
be27c86d-5ea3-424b-ad9d-d1fc0451f677,Matteo E.,The timer got REALLY BAD and freaks out from e.g. 1 minute left straight to time out?!? really really bad😭 PS now it's so bad it feels like being hacked. There seem to be no help section or support for this! -4 stars!,1,0,4.9.10-googleplay,4.9.10-googleplay,2025-10-19 22:39:49,"Sorry for the difficulties! Issues with the game clock can occur due to latency. Please try deleting and reinstalling the app, and if the latency continues, visit this link for further assistance: www.chess.com/support",2025-10-25 21:51:23,Chess.com,Google Play,en,us,2026-04-17 17:55:05,2025-10-14
dec39f40-1242-45fe-b9a7-1a3b2e5021c4,King Chaos,THE ROOOK,5,0,4.9.10-googleplay,4.9.10-googleplay,2025-10-19 22:22:55,,,Chess.com,Google Play,en,us,2026-04-17 17:55:05,2025-10-14
d068d543-4dfb-4db7-8770-3f40e086e13b,Juraqulov Komronbek,chess ♟️ is the best game ever,5,0,4.9.10-googleplay,4.9.10-googleplay,2025-10-19 21:37:31,,,Chess.com,Google Play,en,us,2026-04-17 17:55:05,2025-10-14
318b0c7c-5f2d-449a-800a-a71d499b616e,Mr. R_C Gaming,love it,5,0,4.9.0-googleplay,4.9.0-googleplay,2025-10-19 17:10:25,,,Chess.com,Google Play,en,us,2026-04-17 17:55:05,2025-10-14
0eb83ae5-eb2d-4d16-a2d5-a89b2599c1e8,Angelo Khumalo,Why is it taking so long to find a match?,1,0,4.9.10-googleplay,4.9.10-googleplay,2025-10-19 15:59:38,Sorry for the delay in finding opponents. Try canceling and resending the challenge or changing the game challenge criteria. Visit www.chess.com/support for help!,2025-10-25 21:53:13,Chess.com,Google Play,en,us,2026-04-17 17:55:05,2025-10-14
f30297e5-4969-4fdb-be7b-ce7cfc9acd0d,Diprashan Adhikari,very good game,5,0,4.9.10-googleplay,4.9.10-googleplay,2025-10-18 11:47:04,,,Chess.com,Google Play,en,us,2026-04-17 17:55:05,2025-10-14
e519de9b-3779-45d8-9803-723a3441b9be,Marco,Best Chess App,5,0,4.9.9-googleplay,4.9.9-googleplay,2025-10-18 05:12:35,,,Chess.com,Google Play,en,us,2026-04-17 17:55:05,2025-10-14
0f7be6e4-5475-4519-985b-601b85d255f1,Vishal Kumar,very well,5,0,4.9.9-googleplay,4.9.9-googleplay,2025-10-18 04:36:01,,,Chess.com,Google Play,en,us,2026-04-17 17:55:05,2025-10-14
90827c87-07eb-4d05-a4d2-302fde3fc8d3,Xyzle Mei Orbita,my account has been disabled 🤔 don't know why,4,0,,,2025-10-18 03:13:11,"Sorry for the difficulties! Please check your email inbox for a closure notice with an explanation about your Chess.com account status and how to proceed. If you haven't received a notice, please visit this link for help: www.chess.com/support",2025-10-31 15:43:44,Chess.com,Google Play,en,us,2026-04-17 17:55:05,2025-10-14
4939dab5-1860-4446-94d3-987c1e874005,Sandeep Reads,... good,5,0,4.9.10-googleplay,4.9.10-googleplay,2025-10-17 19:48:51,,,Chess.com,Google Play,en,us,2026-04-17 17:55:05,2025-10-14
338464bc-3db2-418d-8e0c-c604ecdba3da,Aaditya Chaudhari,superb game really enjoy,5,0,,,2025-10-17 16:23:53,,,Chess.com,Google Play,en,us,2026-04-17 17:55:05,2025-10-14
cb2405e2-7490-499f-97e7-38efe5980328,Yaseen Master,"Absolutely no skill based matchmaking, puzzles don't help me and I keep getting put against people like 50 ELO above me whenever I start going up",3,1,4.9.5-googleplay,4.9.5-googleplay,2025-10-17 12:42:36,"As you play more games of chess, your rating will become a more accurate reflection of your playing level, which will in turn let you find evenly matched opponents. You can filter games by opponent rating using the menu: Play > More > Custom. Puzzles are useful, but make sure to start with Lessons (Learn > Lesson Library) to build core concepts.",2025-10-17 16:18:21,Chess.com,Google Play,en,us,2026-04-17 17:55:05,2025-10-14
5c4b98ce-0984-4022-abe8-fa9ebde6bf30,Pankaj Nayak,really nice game,5,0,4.9.9-googleplay,4.9.9-googleplay,2025-10-17 09:27:00,,,Chess.com,Google Play,en,us,2026-04-17 17:55:05,2025-10-14
a4b4f39c-c019-40df-88af-dbf66ee8a8c5,Kamla bedwal,good game,5,0,4.9.10-googleplay,4.9.10-googleplay,2025-10-17 09:26:20,,,Chess.com,Google Play,en,us,2026-04-17 17:55:05,2025-10-14
c4f3a28f-ebac-4229-a82a-3806b12cb6e4,Divjot Singh,needs to be free,4,0,4.9.10-googleplay,4.9.10-googleplay,2025-10-17 04:51:24,"Thank you for this feedback. If you're interested in Premium membership, we offer three different membership plans at both annual or monthly rates, so there is an option for every budget. To test out the amazing training features like video Lessons and Game Review, don't forget we offer a free trial!",2025-10-17 16:46:45,Chess.com,Google Play,en,us,2026-04-17 17:55:05,2025-10-14
ccd2048e-1775-4363-923b-785f75802a75,Kamal Jain,"great brainer. Though the reviews after game are bit machanical now, and are not all that convincing",5,0,4.9.5-googleplay,4.9.5-googleplay,2025-10-16 19:39:09,Thank you for this feedback. We have more great updates on the way for Game Review explanations and functionality.,2025-10-17 16:55:28,Chess.com,Google Play,en,us,2026-04-17 17:55:05,2025-10-14
72d57784-f528-4b5f-aebd-7ea1ee992acf,Harish Malik,good 👍 c ko,5,0,,,2025-10-16 19:09:10,,,Chess.com,Google Play,en,us,2026-04-17 17:55:05,2025-10-14
b8a816e5-a1f9-4372-bf39-84ca49fdfc21,chandru khakde,it is actually a good game and also this feels we are playing real chess such an amazing game try it once,5,0,,,2025-10-16 12:17:59,We're glad you're having fun playing chess. Thanks for choosing Chess.com!,2025-10-16 14:59:15,Chess.com,Google Play,en,us,2026-04-17 17:55:05,2025-10-14
791839e6-f6ee-4fae-9a1d-0c45a240b01e,Lucas,learn chess first tho. otherwise you will get DESTROYED,5,0,4.9.9-googleplay,4.9.9-googleplay,2025-10-16 04:06:44,,,Chess.com,Google Play,en,us,2026-04-17 17:55:05,2025-10-14
b08ca146-6bd0-4725-8c54-ef432fdbbad3,Денис Білобровець,Good thing for playing chess,5,0,4.8.8-googleplay,4.8.8-googleplay,2025-10-15 16:29:50,,,Chess.com,Google Play,en,us,2026-04-17 17:55:05,2025-10-14
27ca7f4f-4df9-44b6-85d8-4949ab78bce4,Surinderjit Singh,The game is good but some players when they r loosing don't play moves which waste too much time and is annoying as well,4,0,4.9.7-googleplay,4.9.7-googleplay,2025-10-15 15:19:45,"Sorry for the frustration! A game will end early if a player leaves or disconnects. However, it is possible for a player to let time run out on purpose while continuing to view the game. We ask that you report this by tapping on the opponent's avatar so we can quickly take action in the form of restrictions or account closure.",2025-10-15 16:32:30,Chess.com,Google Play,en,us,2026-04-17 17:55:05,2025-10-14
10a74e70-65e7-46f3-aeea-66ea54692f5e,Siyabong,excellent,5,0,4.9.7-googleplay,4.9.7-googleplay,2025-10-14 22:43:57,,,Chess.com,Google Play,en,us,2026-04-17 17:55:05,2025-10-14
134af92c-31ba-4455-93b8-24a9a5a1b5bd,Krish Maru,Good For Learning & Enjoying With Impressive esthetics !,5,0,4.9.8-googleplay,4.9.8-googleplay,2025-10-14 17:06:47,We're glad you like the Chess.com app's design. Thank you for your review!,2025-10-15 00:38:09,Chess.com,Google Play,en,us,2026-04-17 17:55:05,2025-10-14
535b3ed0-d31a-4f26-a684-3ce3ebcc0628,qwize,прикол,5,0,4.8.1-googleplay,4.8.1-googleplay,2025-10-14 10:17:32,,,Chess.com,Google Play,en,us,2026-04-17 17:55:05,2025-10-14
c75b1556-60b0-4c6c-8b8f-da47a23b6126,Damian Raynor,just amazing!!!!!!!!!!,5,0,4.9.8-googleplay,4.9.8-googleplay,2025-10-14 05:41:21,,,Chess.com,Google Play,en,us,2026-04-17 17:55:05,2025-10-14
18870ccf-1478-4f3e-87f0-76dfc0eecdcd,Muzzammil HJ,so tuff I love increasing my IQ,5,0,4.9.8-googleplay,4.9.8-googleplay,2025-10-12 21:22:20,,,Chess.com,Google Play,en,us,2026-04-17 17:55:05,2025-10-07
70cebf07-9cc8-4911-8b49-eb2c2a855831,Giuseppe M S,"so, I might even accept that my best solved puzzle is not rated 2200 anymore, but how I lost the 92 puzzles completed streak on record?",1,0,4.9.8-googleplay,4.9.8-googleplay,2025-10-12 16:00:21,"We're sorry your Daily Puzzle streak was lost! If this seems to be an error, please submit a quick bug report at: www.chess.com/support. We'll review it and work to resolve any issue as soon as possible.",2025-10-15 00:07:08,Chess.com,Google Play,en,us,2026-04-17 17:55:05,2025-10-07
a09bec28-ab9b-4dd8-8deb-badc7b2df1ba,Dennis,Great chess for concentration.Thanks!,5,0,4.9.8-googleplay,4.9.8-googleplay,2025-10-12 06:44:50,,,Chess.com,Google Play,en,us,2026-04-17 17:55:05,2025-10-07
d26d10ef-b894-49db-b98e-9cac85fa1e47,Francis Munyua,just relaxing,5,0,4.9.8-googleplay,4.9.8-googleplay,2025-10-11 22:32:43,We're glad that chess helps you relax. Thanks for choosing Chess.com!,2025-10-11 23:07:20,Chess.com,Google Play,en,us,2026-04-17 17:55:05,2025-10-07
a7a8d5ce-362e-47f1-98e4-35ca7f93e222,Killyourselfjoe,love Chess good app,5,0,4.9.8-googleplay,4.9.8-googleplay,2025-10-11 15:55:18,,,Chess.com,Google Play,en,us,2026-04-17 17:55:05,2025-10-07
8a95c2e8-0f03-481d-a13e-9925bd7310ae,Himdyoti Boruah,One of the best chess apps.,5,0,4.9.8-googleplay,4.9.8-googleplay,2025-10-11 11:47:53,,,Chess.com,Google Play,en,us,2026-04-17 17:55:05,2025-10-07
fc359002-23c0-406b-9978-a3aa71810105,Kiran Nawghare,just a great place to play chess,5,0,4.9.8-googleplay,4.9.8-googleplay,2025-10-11 11:34:58,,,Chess.com,Google Play,en,us,2026-04-17 17:55:05,2025-10-07
9d50f737-eb5c-469f-ba21-7d6a46ed5dcb,Sangram Devrukhe,nice to improve your game,5,0,4.9.7-googleplay,4.9.7-googleplay,2025-10-11 07:30:49,,,Chess.com,Google Play,en,us,2026-04-17 17:55:05,2025-10-07
66697627-aef1-40b2-afb9-7864c67a3711,Mazen,"it was great up until the latest ""update"". now it doesn't work on my phone! keeps crashing every time.",1,1,,,2025-10-10 16:04:47,"Sorry for the difficulties! If the crashing continues even after deleting and reinstalling the app, please submit a quick bug report at: www.chess.com/support. We'll review it and work to resolve any error as soon as possible!",2025-10-14 22:31:52,Chess.com,Google Play,en,us,2026-04-17 17:55:05,2025-10-07
0bf27a3e-c61c-43f3-8e4b-59cde6ff6311,Oceana Blue,"What a good application game of chess! I love it, I really do.",5,0,,,2025-10-10 13:47:06,We're glad you like the Chess.com app. Thank you for your 5 star review!,2025-10-10 14:52:51,Chess.com,Google Play,en,us,2026-04-17 17:55:05,2025-10-07
ff4e028c-cbf3-4d66-8994-a0fe4a6de1a1,Alter Sawyer,no ads. beautiful app.,5,0,4.9.8-googleplay,4.9.8-googleplay,2025-10-10 07:22:12,,,Chess.com,Google Play,en,us,2026-04-17 17:55:05,2025-10-07
f0d86b2c-9d18-467d-9955-18175705ec1e,DihCham TV,wow! it's awesome. no ad,5,0,4.9.8-googleplay,4.9.8-googleplay,2025-10-09 15:21:47,,,Chess.com,Google Play,en,us,2026-04-17 17:55:05,2025-10-07
54eba76b-787f-4758-9f5e-7fb52e3a3eb8,Ayan Shah,I win yay,5,0,4.9.8-googleplay,4.9.8-googleplay,2025-10-09 03:20:06,,,Chess.com,Google Play,en,us,2026-04-17 17:55:05,2025-10-07
3cad87eb-9acc-4cc3-8cda-acfe017df525,Visu,-1 star because of premium membership,4,0,4.6.13-googleplay,4.6.13-googleplay,2025-10-07 19:20:16,Thank you for this feedback. The chess training content and tools on Chess.com were built by masters of the game and are regularly expanded and improved upon by our team. We truly believe in their value to improve your chess skills. Make sure to test them out with the free trial!,2025-10-08 19:33:56,Chess.com,Google Play,en,us,2026-04-17 17:55:05,2025-10-07
302a1cb4-3308-4866-b44c-1620cec7906f,Sujata Jadhav,superbb..,5,0,4.9.7-googleplay,4.9.7-googleplay,2025-10-07 17:55:44,,,Chess.com,Google Play,en,us,2026-04-17 17:55:05,2025-10-07
16db2970-20b4-4577-8bf5-a17d12fa05ff,Plamen Todorov,I dont like the indians,4,0,4.9.8-googleplay,4.9.8-googleplay,2025-10-07 13:45:37,We think a big part of chess is bringing the world together through passion for the game. Chess is for everyone!,2025-10-08 19:34:42,Chess.com,Google Play,en,us,2026-04-17 17:55:05,2025-10-07
a36c70f6-46a0-4267-9372-9baf100ee867,John Mark Ramirez,why is can't restart my account,1,0,4.9.8-googleplay,4.9.8-googleplay,2025-10-07 13:29:00,"Account stats and game history can't be reset, but it would be possible to create a new account if you'd like to start again. Please visit this link for assistance if needed: www.chess.com/support",2025-10-08 16:55:47,Chess.com,Google Play,en,us,2026-04-17 17:55:05,2025-10-07
388f1cdc-d829-43f3-ac58-3d10b9b87efc,Priyevand Singh,very good,5,0,,,2025-10-07 05:31:34,,,Chess.com,Google Play,en,us,2026-04-17 17:55:05,2025-10-07
fa85400b-5acf-4d07-9717-9e7f435a2af6,Dipesh Padvi,waste of time 🤷🏻‍♂️,1,0,4.9.8-googleplay,4.9.8-googleplay,2025-10-06 22:30:12,"A former chess world champion once said that chess is all at once a sport, an art, and a science. It is a game that has been popular for centuries, which sets it apart from other games. We think it is truly a worthwhile experience, but we understand that not everyone has the same opinion on the game, and that's okay!",2025-10-08 18:12:38,Chess.com,Google Play,en,us,2026-04-17 17:55:05,2025-09-30
71c33c6a-e435-4d62-9e88-4e892fde4e6e,Peter Walter,what a great platform to play a great game on. I really enjoy the daily puzzles.,5,0,4.9.1-googleplay,4.9.1-googleplay,2025-10-06 20:28:06,Thanks for an awesome review. We're glad you're enjoying Chess.com!,2025-10-06 22:37:07,Chess.com,Google Play,en,us,2026-04-17 17:55:05,2025-09-30
b0332412-df19-4ee0-ac67-4767bc440b65,Mukesh Jain,very well playing platform,5,0,4.9.8-googleplay,4.9.8-googleplay,2025-10-06 12:09:13,,,Chess.com,Google Play,en,us,2026-04-17 17:55:05,2025-09-30
2c7c06d0-0906-497d-ac0a-02ff18fe800e,Elaine Liao,I could kill using my king because there was no risk to my king if I did but the game prevented me from doing that and it costed me a match .,1,0,,,2025-10-06 00:08:00,"The king can capture pieces! However, if the enemy piece is defended by another enemy piece, it would not be possible to capture the former, since this would break the rules of chess (i.e. allowing one's king to remain under attack).",2025-10-08 18:17:48,Chess.com,Google Play,en,us,2026-04-17 17:55:05,2025-09-30
8dccbd27-5cef-4727-9698-4702c65d887f,Rupali Kale,Good experience from this app. Must try,5,0,,,2025-10-05 12:40:15,,,Chess.com,Google Play,en,us,2026-04-17 17:55:05,2025-09-30
a0b911ad-0c54-47d8-8d95-c9a6f5150403,Daily Life,Best chess app,5,0,4.9.7-googleplay,4.9.7-googleplay,2025-10-05 07:11:55,,,Chess.com,Google Play,en,us,2026-04-17 17:55:05,2025-09-30
8a514942-4982-4d6d-a4a8-1ce1855e10c0,Derek Taylor,Great fun for all!,5,0,4.9.7-googleplay,4.9.7-googleplay,2025-10-05 01:09:34,,,Chess.com,Google Play,en,us,2026-04-17 17:55:05,2025-09-30
6e4f0cd5-6d84-4973-8d1b-801bb41771c0,Neelam Singh,This Game is very good for practising chess,5,0,4.9.6-googleplay,4.9.6-googleplay,2025-10-04 18:28:23,,,Chess.com,Google Play,en,us,2026-04-17 17:55:05,2025-09-30
85404050-b20e-4a18-9923-7ce145b5aee4,Sina Ashrafi,the best,5,0,4.9.7-googleplay,4.9.7-googleplay,2025-10-04 17:58:49,,,Chess.com,Google Play,en,us,2026-04-17 17:55:05,2025-09-30
2f6e2448-d5ee-49e1-8cf5-25036182a21e,Chandrika Kapadane,nice app,4,0,4.9.6-googleplay,4.9.6-googleplay,2025-10-04 15:22:46,"Thanks for your review! If you have suggestions for us on how the Chess.com app could be better, please let us know. We want the app to be worthy of a 5-star rating to you! You can submit feedback at: www.chess.com/support",2025-10-09 23:28:10,Chess.com,Google Play,en,us,2026-04-17 17:55:05,2025-09-30
ca437ce2-3081-4630-a40f-c588d4060404,ritik saxena,fantastic,5,0,4.9.7-googleplay,4.9.7-googleplay,2025-10-04 14:25:34,,,Chess.com,Google Play,en,us,2026-04-17 17:55:05,2025-09-30
d6276997-8c13-448e-9eff-ea58fcfa4a48,Mani Ragav,awesome,5,0,4.9.6-googleplay,4.9.6-googleplay,2025-10-04 12:30:59,,,Chess.com,Google Play,en,us,2026-04-17 17:55:05,2025-09-30
07f5c9d4-b8ec-42c4-b8a4-9a7fb46a372b,Chaitanya Mahajan (MIFIX),great app I love the coach feature.,5,0,4.9.7-googleplay,4.9.7-googleplay,2025-10-04 09:28:39,We're glad you're having fun playing chess with the Coach. Thanks for choosing Chess.com!,2025-10-09 23:54:57,Chess.com,Google Play,en,us,2026-04-17 17:55:05,2025-09-30
432cbeb7-30ad-488b-a35f-14bfbbfca4a3,Mr_ Crazy,very app for online chess you can chat with you opponent and this app respects your privacy,5,0,4.9.7-googleplay,4.9.7-googleplay,2025-10-04 05:34:01,,,Chess.com,Google Play,en,us,2026-04-17 17:55:05,2025-09-30
da156e41-a7bc-4a7c-960e-7778deff2685,Sangenkosi Nonduna,i highly recommend this app,5,0,4.9.5-googleplay,4.9.5-googleplay,2025-10-03 19:10:48,,,Chess.com,Google Play,en,us,2026-04-17 17:55:05,2025-09-30
3028826f-f0fe-458f-b838-fc531467f0d7,Shohanur Rahman,best app,5,0,4.9.7-googleplay,4.9.7-googleplay,2025-10-03 18:54:50,,,Chess.com,Google Play,en,us,2026-04-17 17:55:05,2025-09-30
f446fa3b-3b97-4ad7-9de2-04e41a9725b7,SneakWater069,asking for reviews,1,0,4.9.7-googleplay,4.9.7-googleplay,2025-10-03 12:16:29,Sorry for the inconvenience! We simply like to get feedback from players so that we can continue working to make the Chess.com app the best it can be. :),2025-10-03 20:13:42,Chess.com,Google Play,en,us,2026-04-17 17:55:05,2025-09-30
c3e153d6-1d87-471d-b459-2eaf38eb9546,Gaurav sharma,The best app for ♟️,5,0,4.9.7-googleplay,4.9.7-googleplay,2025-10-03 11:59:17,,,Chess.com,Google Play,en,us,2026-04-17 17:55:05,2025-09-30
c184001d-948f-4eab-b47a-20eb1dd1e50e,simexGG,"perfect, id like it if you could change the timer on the running out of time push notification so you can increase it",4,0,4.9.7-googleplay,4.9.7-googleplay,2025-10-02 18:21:01,Thank you for this feedback. We're looking into potential new settings for low-time warnings.,2025-10-03 21:34:46,Chess.com,Google Play,en,us,2026-04-17 17:55:05,2025-09-30
6171ffd9-24e5-41f4-b909-1b55dc1cd091,Chinmayananda Dhupad,"Awesome app , no ads , best chess game app 👍😄❤️❤️",5,0,,,2025-10-02 16:31:48,,,Chess.com,Google Play,en,us,2026-04-17 17:55:05,2025-09-30
38a6d261-962f-4f69-b2cb-7b37a0c802a5,Krishna Debnath,This app is the best app for chess. I learn easily in just 5 min. I like this game very much. It is intellectual about chess and iq. On this time I can play very well. I defeat my opponent in just 8-10 moves. It is helpful. Thank a lord to provide this type of game.,5,0,,,2025-10-02 07:54:57,Chess is the gymnasium for the mind. Thanks for choosing Chess.com!,2025-10-03 21:59:57,Chess.com,Google Play,en,us,2026-04-17 17:55:05,2025-09-30
fd09ab7c-9090-43d3-bfa5-afd40b87bf4a,King KingOfHope,the game has a serious problem!!! today I'm starting to push my elo and I win 5 games in a row and lose one and one another so after the last game I play I tap the X bottom like always I do but when I do it and go home screen and tap play the server keeps searching and I wait for so long but nothing happened(the server keeps searching) so I first close the game and open it again but it's taken me to the last game screen I play I tried everything and even deleted the game but nothing was fixed...,1,0,,,2025-10-01 15:02:22,"Sorry for the difficulties with the app getting stuck while searching for a game. Please try deleting and reinstalling the app, and for further assistance you can contact us at: www.chess.com/support",2025-10-01 21:57:26,Chess.com,Google Play,en,us,2026-04-17 17:55:05,2025-09-30
f2b96055-f90f-4967-aea4-3c24d38a866a,jan Castro,fun app to play chess,5,0,4.9.6-googleplay,4.9.6-googleplay,2025-10-01 04:37:11,,,Chess.com,Google Play,en,us,2026-04-17 17:55:05,2025-09-30
5cbeea4b-9b5d-4c43-a928-8d30bffe7082,Tanatswa Maenda,great 👍,5,0,4.9.5-googleplay,4.9.5-googleplay,2025-10-01 02:53:46,,,Chess.com,Google Play,en,us,2026-04-17 17:55:05,2025-09-30
56e8c26d-8687-4230-a376-cf24972e84ca,PRIYANSHU JHA,i loe this gmeee!!!,5,0,4.9.6-googleplay,4.9.6-googleplay,2025-09-30 16:03:50,,,Chess.com,Google Play,en,us,2026-04-17 17:55:05,2025-09-30
72113569-c93d-45e7-9682-e0af5336b3c2,Nych,"I have never cheated in this online chess game, but why were my 5 chess accounts banned at the same time? Even if I had cheated, wouldn’t only the account that used the cheat be banned, while the accounts that didn’t use cheats remain unaffected? Please help me with this",2,0,4.9.6-googleplay,4.9.6-googleplay,2025-09-30 08:32:42,"We only close accounts when a violation of our policies has been detected. However, if you believe your account was closed in error, you can contest the closure by submitting this appeal form: https://go.chess.com/fair-play-appeal",2025-09-30 23:37:38,Chess.com,Google Play,en,us,2026-04-17 17:55:05,2025-09-30
96d4a817-e987-4774-b1c0-95cb0a2210f2,akash konda,except the platinum pricing everything is good.,4,0,4.9.6-googleplay,4.9.6-googleplay,2025-09-30 04:32:12,"Thank you for this feedback. We're considering pricing updates for the future. In the meantime, we offer three different memberships plans at monthly or annual rates. Make sure to take advantage of the free trial as well, and keep an eye out for seasonal discounts!",2025-10-01 00:41:40,Chess.com,Google Play,en,us,2026-04-17 17:55:05,2025-09-30
c71f0589-8ab8-4739-bba7-18615611afef,Mohammadreza Adeli,برنامه به طور کامل از زبان فارسی پشتیبانی نمیکنه. مثلا قسمت آموزش,2,0,,,2025-09-29 22:47:02,از این بازخورد شما متشکریم. ما در تلاشیم تا درس‌ها و محتوای آموزشی را به حداکثر زبان‌های ممکن اضافه کنیم و امیدواریم در آینده درس‌های شطرنج به زبان فارسی را نیز اضافه کنیم.,2025-10-03 21:09:28,Chess.com,Google Play,en,us,2026-04-17 17:55:05,2025-09-23
3d0e7510-0c40-46a4-b7d3-dd2f18963c31,Ashoke kumar Halder,"very very nice and good game also provide lessons about Chess , must try !",5,0,4.9.6-googleplay,4.9.6-googleplay,2025-09-29 11:39:36,,,Chess.com,Google Play,en,us,2026-04-17 17:55:05,2025-09-23
aae782e8-c77b-4831-aea6-c346bf824774,Anand Yadav,good 👍👍,5,0,4.7.7-googleplay,4.7.7-googleplay,2025-09-29 07:39:02,,,Chess.com,Google Play,en,us,2026-04-17 17:55:05,2025-09-23
6e692631-98f8-4925-a1c3-7c0ee6246e48,Cole Heavican,it's just good,5,0,4.9.6-googleplay,4.9.6-googleplay,2025-09-29 00:07:35,,,Chess.com,Google Play,en,us,2026-04-17 17:55:05,2025-09-23
1919ab16-c8fd-4090-8aa5-96ba693d04e3,singthai marma,it's good to,5,0,4.9.6-googleplay,4.9.6-googleplay,2025-09-28 18:41:20,,,Chess.com,Google Play,en,us,2026-04-17 17:55:05,2025-09-23
f44d1d7a-52c4-4fd2-b5e8-09c8ad7f52ae,Arun Prakash,"Other competitors have a SIGNIFICANTLY better and more comprehensive free experience. My attempts at getting in touch with customer support for subscription issues was absolutely awful. I'd recommend the Lichess app; its UI is god awful BUT it has a free computer review feature for all your games, and the puzzles are much better. edit: the developer response to this review was the most basic, useless advice ever that I suspect is probably ai generated anyway. I dislike the app more now.",1,1,4.9.1-googleplay,4.9.1-googleplay,2025-09-28 18:11:21,"Sorry for the difficulties! Our AI assistant can answer a lot of questions instantly, but if you need to contact our Support Team, you can make the request in the Support chat: www.chess.com/support. After an initial search, choose the option ""Get more help"", so that your request may be sent to our Support Team.",2025-09-28 17:59:41,Chess.com,Google Play,en,us,2026-04-17 17:55:05,2025-09-23
0eddf691-6f3d-4df6-a887-55fcf64a4de1,Krishna Bhagat,it is the best website to play online chess,5,0,4.9.3-googleplay,4.9.3-googleplay,2025-09-28 16:39:38,,,Chess.com,Google Play,en,us,2026-04-17 17:55:05,2025-09-23
3921962e-cd7a-4c9c-8d08-398dae342c9e,John Logue,Great game,5,0,4.9.6-googleplay,4.9.6-googleplay,2025-09-28 13:38:29,,,Chess.com,Google Play,en,us,2026-04-17 17:55:05,2025-09-23
0da6fc41-cfe3-4e02-9bac-10fd63901a4d,Agu Himself,I like it,5,0,4.9.6-googleplay,4.9.6-googleplay,2025-09-28 08:35:15,,,Chess.com,Google Play,en,us,2026-04-17 17:55:05,2025-09-23
ace24004-e749-4588-8221-dca2cce98285,Sachin Desh,superb app,5,0,4.9.4-googleplay,4.9.4-googleplay,2025-09-27 19:54:11,Chess is the gymnasium for the mind. Thanks for choosing Chess.com!,2025-09-27 20:43:18,Chess.com,Google Play,en,us,2026-04-17 17:55:05,2025-09-23
f7acb4f5-38ca-4587-8159-e8b4bc90f2bd,Ramesh Ekka,very good,5,0,4.9.6-googleplay,4.9.6-googleplay,2025-09-27 05:45:31,,,Chess.com,Google Play,en,us,2026-04-17 17:55:05,2025-09-23
a98d5972-035e-4dcc-b0d8-94994d71d775,Fox Gaming,I use this for me to know that my day wouldn't get any worst,5,0,4.9.6-googleplay,4.9.6-googleplay,2025-09-27 04:10:31,,,Chess.com,Google Play,en,us,2026-04-17 17:55:05,2025-09-23
c2e7be84-71be-49d4-9efd-62d83960eeb6,Erwin Levicura Queipul,best game ever. I'm waiting for chess 2: reload,5,0,4.9.6-googleplay,4.9.6-googleplay,2025-09-26 19:55:35,,,Chess.com,Google Play,en,us,2026-04-17 17:55:05,2025-09-23
b9c303c9-e427-4e77-96d2-ba645bf31a0e,Alex Molnar,great way to stay connected with family and friends as well as have fun,5,0,4.9.6-googleplay,4.9.6-googleplay,2025-09-26 18:08:35,We're glad you're enjoying playing chess with friends. Thanks for choosing Chess.com!,2025-10-07 12:36:59,Chess.com,Google Play,en,us,2026-04-17 17:55:05,2025-09-23
4a2d1f7c-eade-40d6-b0b0-06d922c830cf,Siddanth Sajit,exceptional.,5,0,,,2025-09-26 17:48:38,,,Chess.com,Google Play,en,us,2026-04-17 17:55:05,2025-09-23
37519386-561b-41f9-b244-0345444ac8c0,Arnav,please don't download it will just disturb your mental peace 🥀,5,0,4.9.6-googleplay,4.9.6-googleplay,2025-09-26 02:03:33,,,Chess.com,Google Play,en,us,2026-04-17 17:55:05,2025-09-23
d8118656-104b-48aa-a232-4ed8d69c9825,Michael,chess is chess seriously though it's one of the best strategy games ever,5,0,4.9.6-googleplay,4.9.6-googleplay,2025-09-25 23:50:56,Chess!,2025-09-22 22:13:40,Chess.com,Google Play,en,us,2026-04-17 17:55:05,2025-09-23
ee8e89f2-0680-4c7e-8ce1-9236a6980ae5,Laxmi Devi,excellent,5,0,4.9.5-googleplay,4.9.5-googleplay,2025-09-25 18:17:36,,,Chess.com,Google Play,en,us,2026-04-17 17:55:05,2025-09-23
e65374a3-5a83-4cd7-89d3-ec1a4edacc09,Binita Devi,best game of world,5,0,4.9.5-googleplay,4.9.5-googleplay,2025-09-25 11:23:49,,,Chess.com,Google Play,en,us,2026-04-17 17:55:05,2025-09-23
6980de09-0e90-48d8-9f89-2bcbab57cbee,Kyle,has gone down hill dramatically in the past few years. used to be a paid subscriber. canceled that was using free services for a while and now they want to pay all that as well. back to playing on other websites that aren't as greedy.,1,4,4.9.6-googleplay,4.9.6-googleplay,2025-09-25 05:04:36,"We offer premium subscriptions, but with a free account you'll still have limited access to Puzzles, Lessons, and Game Review, and playing chess on Chess.com will always be free. There is a also a free trial if you'd like to test out unlimited training features!",2025-10-03 21:24:07,Chess.com,Google Play,en,us,2026-04-17 17:55:05,2025-09-23
c3f0d8c9-6e2d-478c-9087-bc7cd198e56c,King User,wonder full app,5,0,,,2025-09-24 22:49:28,,,Chess.com,Google Play,en,us,2026-04-17 17:55:05,2025-09-23
415a413b-1335-44e5-9e03-6bc05b105fce,cyrus Irungu,Amazing app,5,0,4.9.4-googleplay,4.9.4-googleplay,2025-09-24 19:06:11,,,Chess.com,Google Play,en,us,2026-04-17 17:55:05,2025-09-23
cbe2025f-f0bc-4d3d-85fb-257dee01c116,Avinash Parab,Its my favourite game it must work on low network its only needed. Sometimes we lost winning game by slight network down. Try to make it light so we can play in low network too.,5,0,4.9.5-googleplay,4.9.5-googleplay,2025-09-24 17:53:42,"Sorry for the difficulties! We are working on major server expansions to continue to optimize connectivity for our players around the world. In the meantime, if the problem persists after verifying your network connection, please visit this link for further assistance: www.chess.com/support",2025-10-07 12:08:54,Chess.com,Google Play,en,us,2026-04-17 17:55:05,2025-09-23
ce3929ea-ba36-4b23-89d3-7dfca4ff9d0c,Nill,best chess game ever. It have dozens of mode. And even it have 3200 elo bot at max,4,0,4.9.6-googleplay,4.9.6-googleplay,2025-09-24 09:57:48,"Thanks for your review! If you have suggestions for us on how the Chess.com app could be better, please let us know. We want the app to be worthy of a 5-star rating to you! You can submit feedback at: www.chess.com/support",2025-09-30 23:59:01,Chess.com,Google Play,en,us,2026-04-17 17:55:05,2025-09-23
2407dd41-90b4-4ec5-843c-393ad52282fe,RAJESH KUMAR CHOUDHARY,very bad in signing,1,1,,,2025-09-23 15:39:15,"When creating an account, please ensure that your username begins and ends with a Latin alphanumeric character. The same email address or login option cannot be used for more than one Chess.com account. For assistance please contact us: www.chess.com/support",2025-09-27 17:08:00,Chess.com,Google Play,en,us,2026-04-17 17:55:05,2025-09-23
b373c66f-a411-4702-8bca-ac1d359a1914,Jonas Suratos,Yawa hihina ng kalaban,5,0,4.9.5-googleplay,4.9.5-googleplay,2025-09-23 11:26:23,Lubos kaming nagpapasalamat sa iyong suporta! :),2025-09-23 16:27:08,Chess.com,Google Play,en,us,2026-04-17 17:55:05,2025-09-23
5e7d8ea0-1263-4214-ae16-f6c45d549fe6,Aadity Gurau,I LOVE THIS GAME,5,0,4.9.6-googleplay,4.9.6-googleplay,2025-09-23 05:09:34,,,Chess.com,Google Play,en,us,2026-04-17 17:55:05,2025-09-23
2df2e9d9-b6f7-49d4-8adc-c211a94dfdcd,Harsh jain,wrost experience specially in bullet matches,1,0,4.9.1-googleplay,4.9.1-googleplay,2025-09-22 21:05:23,"Sorry for the difficulties with latency affecting the game clock while playing Bullet chess! We'll continue to make optimizations on our end to ensure the best connectivity for players. If the problem persists, please visit this link for help: www.chess.com/support",2025-09-23 12:01:55,Chess.com,Google Play,en,us,2026-04-17 17:55:05,2025-09-16
f3d2bd00-213f-4794-960b-1c1d5f6a9e3f,Johnny Saturn,The timers are never synced up on this app. it makes it appear you have more time than you do and your opponent has less time than they do which appears to be cheating. Overall a very poor chess app,1,0,,,2025-09-22 19:57:59,"Players aren't able to manipulate the game timer, but latency can cause this issue. On our end, we're constantly working on optimizations in server connectivity, and you can visit this link for useful steps to optimize device connection: www.chess.com/support",2025-09-27 21:41:46,Chess.com,Google Play,en,us,2026-04-17 17:55:05,2025-09-16
77b9d8be-de58-484e-93a5-6a48089e435b,Takudzwa Ashely,The features are awesome. They allow you to learn and increase your ELO,4,0,4.9.5-googleplay,4.9.5-googleplay,2025-09-22 08:37:41,"Thanks for your review! If you have suggestions for us on how the Chess.com app could be better, please let us know. We want the app to be worthy of a 5-star rating to you! You can submit feedback at: www.chess.com/support",2025-10-02 00:31:52,Chess.com,Google Play,en,us,2026-04-17 17:55:05,2025-09-16
11f417db-67f9-453c-87e6-251fd068db92,visiter visiter,Nice 👍 cheese,1,0,4.9.2-googleplay,4.9.2-googleplay,2025-09-22 00:50:54,"If you're experiencing any issues with the Chess.com app or have any suggestions for us, we are here to help! Please visit this link for assistance: www.chess.com/support",2025-10-01 00:13:20,Chess.com,Google Play,en,us,2026-04-17 17:55:05,2025-09-16
e08311a4-b3c9-4bc8-8199-b437618dbcd7,BillBill Xiong,good game,5,0,4.9.5-googleplay,4.9.5-googleplay,2025-09-21 22:39:25,,,Chess.com,Google Play,en,us,2026-04-17 17:55:05,2025-09-16
9bda009f-0ba3-4cc4-a258-54638f9c0250,Davion M,addiction,5,0,4.7.6-googleplay,4.7.6-googleplay,2025-09-21 22:33:04,,,Chess.com,Google Play,en,us,2026-04-17 17:55:05,2025-09-16
5a20f698-4dae-40bf-bbb7-b1fbd733c819,Forfun Au,"Very, very bad application.. It makes you go around in circles and your level does not advance.. It drains your time when you continue to win.. It is a failed application and this is the last time I will install it",1,2,4.9.2-googleplay,4.9.2-googleplay,2025-09-21 21:40:50,"If you have suggestions for us on how the Chess.com app could be better, please let us know. You can submit feedback at: www.chess.com/support",2025-10-01 00:12:11,Chess.com,Google Play,en,us,2026-04-17 17:55:05,2025-09-16
856a446a-9bb0-4e37-b2f5-b5be07ddcab4,Md Kamal,very good chess app.,5,0,4.9.5-googleplay,4.9.5-googleplay,2025-09-21 10:19:57,,,Chess.com,Google Play,en,us,2026-04-17 17:55:05,2025-09-16
066a9a29-2218-42aa-bd76-bfb79c741127,juan gonzalez,"Best app to start learning how to play chess, will definitely help improve skill and make better decisions",5,0,,,2025-09-21 01:23:24,We're glad you think the Chess.com app is the best. Thank you for your review!,2025-09-21 02:14:09,Chess.com,Google Play,en,us,2026-04-17 17:55:05,2025-09-16
0da69720-f95a-4cf7-a8b1-d27bb2c2d27d,Ganeshkartikeya Rupeshsai,crazy about this game 🎯,5,0,4.8.6-googleplay,4.8.6-googleplay,2025-09-20 17:01:53,,,Chess.com,Google Play,en,us,2026-04-17 17:55:05,2025-09-16
164a6d54-c7c0-4801-a59e-09d8482d6ea9,Aditya Ranjan,loved it specially the review system,5,0,4.9.4-googleplay,4.9.4-googleplay,2025-09-20 13:48:04,,,Chess.com,Google Play,en,us,2026-04-17 17:55:05,2025-09-16
8b606cab-a7ab-4ef0-a75e-598f1d6a0bdd,rajendra sharma,the chat feature doesn't work,1,1,,,2025-09-20 09:04:48,"This may relate to account activation, which is required to be able to chat or send friend requests. Check out this quick article for information on how to activate your account: https://support.chess.com/en/articles/9834467-how-can-i-activate-my-account",2025-09-30 23:54:37,Chess.com,Google Play,en,us,2026-04-17 17:55:05,2025-09-16
95c90489-ca56-4f06-aadd-e4cd15f33658,john m,"first time learning chess, this game is a great teacher and very fun!",5,0,4.9.6-googleplay,4.9.6-googleplay,2025-09-20 00:49:59,"Thank you for this feedback. Don't forget we offer a free 7-day membership trial to test out Premium features! Make sure to sign up if you'd like to test out unlimited Puzzles and video Lessons, as well as Game Review analysis. We also offer three different membership tiers at monthly or annual rates.",2025-10-07 12:02:27,Chess.com,Google Play,en,us,2026-04-17 17:55:05,2025-09-16
26efcb79-c5e6-4c08-9bed-214ccefa9c95,Тарас Кириченко,The best of the best for rest!!! Thanks for the Chess!!,5,0,4.9.5-googleplay,4.9.5-googleplay,2025-09-19 18:06:48,,,Chess.com,Google Play,en,us,2026-04-17 17:55:05,2025-09-16
addba76e-6c8d-40df-adf4-c9f3bc97aad8,Ayush Kumar,its best online chess game,4,0,4.9.5-googleplay,4.9.5-googleplay,2025-09-18 18:21:40,"Thanks for your review! If you have suggestions for us on how the Chess.com app could be better, please let us know. We want the app to be worthy of a 5-star rating to you! You can submit feedback at: www.chess.com/support",2025-10-02 00:31:11,Chess.com,Google Play,en,us,2026-04-17 17:55:05,2025-09-16
4a42aa80-8fba-4a7f-a067-30ef1f9b5bea,Chamin Tara,good board,5,0,4.9.5-googleplay,4.9.5-googleplay,2025-09-18 17:36:19,,,Chess.com,Google Play,en,us,2026-04-17 17:55:05,2025-09-16
90a5638a-b771-4dc9-85a0-541d68ba115f,SATYAM Raghuwanshi,so much pushing to take premium nothing giving free,3,0,4.9.3-googleplay,4.9.3-googleplay,2025-09-18 10:27:31,"We offer premium subscriptions, but with a free account you'll still have limited access to Puzzles, Lessons, and Game Review, and playing chess on Chess.com will always be free. There is a also a free trial if you'd like to test out unlimited training features!",2025-09-30 22:50:12,Chess.com,Google Play,en,us,2026-04-17 17:55:05,2025-09-16
aa12d5c8-2322-4986-b403-28e515654e96,JHONG YTC,brilliant app,5,0,4.9.4-googleplay,4.9.4-googleplay,2025-09-18 09:13:24,,,Chess.com,Google Play,en,us,2026-04-17 17:55:05,2025-09-16
fee6af88-7d8f-4185-afdc-e5fd87a5cabc,Ranjith Kumar,so good game,5,0,4.9.3-googleplay,4.9.3-googleplay,2025-09-18 09:01:08,,,Chess.com,Google Play,en,us,2026-04-17 17:55:05,2025-09-16
d84f163b-a344-4473-baf2-2e907a718dfb,Divya Mudgil,This is a great platform to learn and play chess for free! I even won some interschool competition by practicing in it. But now they limited free usage furthermore please reverse the changes like puzzle explanation and ads it would be so much better.,4,49,4.9.5-googleplay,4.9.5-googleplay,2025-09-18 07:46:11,"Thank you for this feedback. We're considering additional membership options for the future so that even more people can enjoy the training features on Chess.com. In the meantime, make sure to take advantage of the free trial!",2025-10-02 00:13:07,Chess.com,Google Play,en,us,2026-04-17 17:55:05,2025-09-16
1c78c0f1-235f-40f9-9a3f-2959ddfef53a,Rushi Sonkusare,brainly,5,0,4.9.5-googleplay,4.9.5-googleplay,2025-09-17 04:24:05,,,Chess.com,Google Play,en,us,2026-04-17 17:55:05,2025-09-16
8c1a1c81-849b-40d0-8f9c-839e335e34b0,Mark Harrington,"I really enjoy the chess side of it but the rest is awful. ""game aborted"" when I've won so many times, make this app ridiculous. im really frustrated. Also, the ""analyse"" function in rated games needs to be disabled, or at least an optional filter when selecting game type.",2,1,4.9.5-googleplay,4.9.5-googleplay,2025-09-17 03:06:57,Thank you for this feedback. This may be a rare display error. Our team is investigating to ensure it does not reoccur. The game in question should still appear in your game history with the correct result. Please visit this link for assistance if needed: www.chess.com/support,2025-09-16 15:33:13,Chess.com,Google Play,en,us,2026-04-17 17:55:05,2025-09-16
75dc2b2f-661d-4414-8a35-4b43362b53c2,Robin Woods,It is fantastic. Everything about this app is perfect.,5,0,4.9.5-googleplay,4.9.5-googleplay,2025-09-16 22:38:23,We're glad you think the Chess.com app is perfect. Thank you for your comment!,2025-09-17 15:58:25,Chess.com,Google Play,en,us,2026-04-17 17:55:05,2025-09-16
bc6fec0c-d71a-4a39-9f11-78cf894a2815,Rajabali Abdullah,"this game sucks even for minimizing apps that get abandoned, you can add features of reconnecting also disconnection of more then 2 mins will be abandoned which can improve game play",2,0,,,2025-09-16 17:39:21,"Sorry for the difficulties! A game ends early after disconnection so that players won't have to wait for the time to run out in case the opponent has left the game. However, it should be possible to reconnect within 10% of the initial game time. Please visit this link for assistance: www.chess.com/support",2025-09-16 15:33:25,Chess.com,Google Play,en,us,2026-04-17 17:55:05,2025-09-16
99f777cc-4d7f-42e9-bea1-f1931fc4e0a1,Mohamed Kaamil,I only need a coach to give 5 star,2,0,4.9.3-googleplay,4.9.3-googleplay,2025-09-16 14:21:24,"Make sure to check out the Play Coach feature on the app! You can play against your own virtual coach that gives you useful feedback in real time. If you'd like to try out unlimited games against the Coach, we offer a free trial!",2025-09-16 15:08:30,Chess.com,Google Play,en,us,2026-04-17 17:55:05,2025-09-16
567d4de5-0376-4b38-9011-879ca83c7e47,Ike R,chess is fun with real people,5,0,4.9.4-googleplay,4.9.4-googleplay,2025-09-15 23:15:11,,,Chess.com,Google Play,en,us,2026-04-17 17:55:05,2025-09-09
ad9e9a47-a533-4838-84b9-7b953715f7b8,Siva Ganapathy,great chess app for premium subscription but good for non subscription users,5,0,4.9.4-googleplay,4.9.4-googleplay,2025-09-15 15:24:03,Thanks for choosing Chess.com!,2025-09-16 16:48:15,Chess.com,Google Play,en,us,2026-04-17 17:55:05,2025-09-09
9afd13f7-530a-4f0f-9df0-4a2f5b46ddb2,Quality Survey,it's a very good game and helped me in increasing my rating without any ads,5,0,4.9.5-googleplay,4.9.5-googleplay,2025-09-15 06:50:50,We're glad that the Chess.com app has helped you improve your chess skills. Thanks for your review!,2025-09-16 16:44:26,Chess.com,Google Play,en,us,2026-04-17 17:55:05,2025-09-09
7ad7d299-6327-4ad5-b04c-00efc07b864d,Hasibul Alam,it has become my favorite pastime.,5,0,,,2025-09-14 22:42:34,We're glad the Chess.com app is your favorite. Thank you for your review!,2025-09-15 00:20:57,Chess.com,Google Play,en,us,2026-04-17 17:55:05,2025-09-09
546276a1-39c1-4cdb-b4a4-256060904a84,Olasunkanmi Rasheed (Mills_Rashkaz),great app,4,0,4.9.4-googleplay,4.9.4-googleplay,2025-09-14 19:46:48,Thank you for your comment. We want the app to be not just okay but amazing! Please visit www.chess.com/support if you need assistance or if you'd like to share feedback with us. We're here to help!,2025-09-15 00:23:55,Chess.com,Google Play,en,us,2026-04-17 17:55:05,2025-09-09
b3c0d6c5-5c53-4ae5-a729-dc009d766d6a,Rajesh Shetty,bro this the best chess online game #ofline # a a s a a s s s ss s a a a a a a a a a a a a,5,0,4.9.4-googleplay,4.9.4-googleplay,2025-09-14 15:44:26,,,Chess.com,Google Play,en,us,2026-04-17 17:55:05,2025-09-09
aa03593c-f1df-432c-b76d-a6c6f826d7cd,Sourav Sharma,perfect app for chess gamers,5,0,4.9.4-googleplay,4.9.4-googleplay,2025-09-14 05:12:14,,,Chess.com,Google Play,en,us,2026-04-17 17:55:05,2025-09-09
1b2d09e3-dc8f-41a1-8233-f4751023d89f,Aakash Aakash,fantastic,5,0,4.8.8-googleplay,4.8.8-googleplay,2025-09-13 19:48:50,,,Chess.com,Google Play,en,us,2026-04-17 17:55:05,2025-09-09
343dcccb-7026-4338-bd14-e11299246660,Scott Ritchie,i Personally like chess and I like how its online so I don't have to carry a chess board every where.,5,0,4.9.4-googleplay,4.9.4-googleplay,2025-09-13 16:14:16,"Chess anywhere, anytime. Thanks for choosing Chess.com!",2025-09-17 16:08:47,Chess.com,Google Play,en,us,2026-04-17 17:55:05,2025-09-09
a976576d-399a-4c6f-adeb-34afaf8cafcd,Paul Martin,"stop charging for extras, otherwise good app.",5,0,4.9.3-googleplay,4.9.3-googleplay,2025-09-13 16:03:29,"We offer premium subscriptions, but with a free account you'll still have limited access to Puzzles, Lessons, and Game Review, and playing chess on Chess.com will always be free. There is a also a free trial if you'd like to test out unlimited training features!",2025-09-17 16:08:57,Chess.com,Google Play,en,us,2026-04-17 17:55:05,2025-09-09
c3ef1a98-7767-4edc-9a66-eacde03069ce,Harish Som,mind game,5,0,,,2025-09-13 11:34:13,,,Chess.com,Google Play,en,us,2026-04-17 17:55:05,2025-09-09
02d10234-7ade-4d54-b164-07108a1c5bef,Arpit Sharma,"best chess game ever. You can find all types of bots of different ratings, that is superb also feature of game review make this an extraordinary game.",5,0,,,2025-09-13 09:27:20,Thanks for an awesome review. We're glad you're enjoying Chess.com!,2025-09-16 17:27:59,Chess.com,Google Play,en,us,2026-04-17 17:55:05,2025-09-09
fa0cf3d3-7f76-4152-bd28-86088c7ca4e6,Sanjaya Rai,pretty good,5,0,4.9.2-googleplay,4.9.2-googleplay,2025-09-13 09:03:53,,,Chess.com,Google Play,en,us,2026-04-17 17:55:05,2025-09-09
93ded003-f2b9-4809-9a23-a55f9ee17d9c,Kiwi Su,chess :),5,0,4.9.2-googleplay,4.9.2-googleplay,2025-09-13 04:10:00,,,Chess.com,Google Play,en,us,2026-04-17 17:55:05,2025-09-09
8d7efc24-38f1-452b-bb02-c3c3d838e9f5,Ronald Galusanja,This the greatest avenue for all those physically weak to show their mental strength. I love 💕 all the bots that provide an interactive experience for anyone interested in chess,5,0,4.9.4-googleplay,4.9.4-googleplay,2025-09-13 00:28:39,We're glad you're having fun playing chess vs the Bots. Thanks for choosing Chess.com!,2025-09-16 17:27:41,Chess.com,Google Play,en,us,2026-04-17 17:55:05,2025-09-09
539a0752-1637-440a-98fe-450f35c5bc17,Ro man,"We need update,like computer version",5,0,4.9.5-googleplay,4.9.5-googleplay,2025-09-12 14:52:59,"If you have suggestions for us on how the Chess.com app could be better, please let us know. You can submit feedback at: www.chess.com/support",2025-09-12 16:52:23,Chess.com,Google Play,en,us,2026-04-17 17:55:05,2025-09-09
5b1ee0ca-6bdb-433a-8437-3d439810ab5d,Dishan Limbu,I love this one,5,0,4.9.4-googleplay,4.9.4-googleplay,2025-09-12 14:27:57,,,Chess.com,Google Play,en,us,2026-04-17 17:55:05,2025-09-09
11a13fae-ca01-455a-9843-1770576f4e20,Thomas,"Not for beginners, the lowest level players are really good. Clean app, basic free services with lots more behind a paywall",4,1,4.9.4-googleplay,4.9.4-googleplay,2025-09-12 12:56:55,"Thank you for this feedback. Don't forget we offer a free 7-day membership trial to test out Premium features! Make sure to sign up if you'd like to test out unlimited Puzzles and video Lessons, as well as Game Review analysis. We also offer three different membership tiers at monthly or annual rates.",2025-09-12 16:38:41,Chess.com,Google Play,en,us,2026-04-17 17:55:05,2025-09-09
78a2e6f5-63ed-4984-b00f-c51f6ae2239b,Agnibha Naskar,brain booster,5,0,4.9.2-googleplay,4.9.2-googleplay,2025-09-12 10:27:33,,,Chess.com,Google Play,en,us,2026-04-17 17:55:05,2025-09-09
538e7ce9-e5f5-496f-b599-a83461d13bef,Johan Alejandro Garcia Castillo,Excelente,5,0,4.9.4-googleplay,4.9.4-googleplay,2025-09-12 01:28:32,,,Chess.com,Google Play,en,us,2026-04-17 17:55:05,2025-09-09
eb4bd480-0d59-4883-b7d1-caaa2547d049,Parvin G,it's a good app but it has glitches some times so ima give it a 4,4,0,4.9.4-googleplay,4.9.4-googleplay,2025-09-11 15:51:34,"If you're experiencing any issues with the Chess.com app or have any suggestions for us, we are here to help! Please visit this link for assistance: www.chess.com/support",2025-09-11 16:47:56,Chess.com,Google Play,en,us,2026-04-17 17:55:05,2025-09-09
10afb6d7-cff8-47a5-a622-415622b06e48,Nick Aldrin Sosing,all features are good but the thing is the review has a limit and you can only use it once a day,4,0,4.9.4-googleplay,4.9.4-googleplay,2025-09-11 09:13:27,"Thank you for this feedback. If you'd like to try out unlimited Game Review, we offer a free trial!",2025-09-11 16:52:39,Chess.com,Google Play,en,us,2026-04-17 17:55:05,2025-09-09
46dc67bf-8c42-413a-bf0c-20e158061c06,Abderhmane Dekkiche,its the only good 👍,5,0,4.9.3-googleplay,4.9.3-googleplay,2025-09-10 22:33:24,,,Chess.com,Google Play,en,us,2026-04-17 17:55:05,2025-09-09
e46948c8-f84b-442c-85a6-22cb5b49899d,Richard,😡 first the AI kept saying draw every time I'm about to win then it wins in ways not possible,1,1,4.9.4-googleplay,4.9.4-googleplay,2025-09-10 11:20:43,"It sounds like a stalemate occurred! A stalemate is a special rule in chess where a player has no legal move but has not been checkmated, causing the game to be ruled a draw. Check out this great article for more information and examples of stalemates: www.chess.com/terms/stalemate-chess",2025-09-11 16:43:00,Chess.com,Google Play,en,us,2026-04-17 17:55:05,2025-09-09
02815379-0d94-45c6-94e8-7ad7f1549d51,Ashish Bajpai,good app,4,0,4.9.4-googleplay,4.9.4-googleplay,2025-09-10 04:26:58,"Thanks for your review! If you have suggestions for us on how the Chess.com app could be better, please let us know. We want the app to be worthy of a 5-star rating to you! You can submit feedback at: www.chess.com/support",2025-09-12 17:17:42,Chess.com,Google Play,en,us,2026-04-17 17:55:05,2025-09-09
81b84873-585e-46c5-80ed-986e6924dcd6,Ellis M,Do not ask me to rate your app,1,0,4.9.4-googleplay,4.9.4-googleplay,2025-09-09 23:51:29,Sorry for the annoyance. We simply like to hear what players think about the Chess.com and if they have suggestions!,2025-09-10 23:39:28,Chess.com,Google Play,en,us,2026-04-17 17:55:05,2025-09-09
e8d613cc-8cea-46b5-9537-982fdb8f6d64,Ishu Gupta,because the game resign automatically and i decrese my points,1,0,4.9.4-googleplay,4.9.4-googleplay,2025-09-09 21:18:47,"Sorry for the difficulties! A game may end early if a disconnection occurs. If that's happening frequently, please try deleting and reinstalling the app, as well as confirming the stability of the Wifi or data connection. For further assistance, visit: www.chess.com/support",2025-09-10 23:37:07,Chess.com,Google Play,en,us,2026-04-17 17:55:05,2025-09-09
3c1a40d1-3d98-4dc6-b254-e15a2605d754,shiva valizadeh,goooooooooooood,5,0,4.9.4-googleplay,4.9.4-googleplay,2025-09-09 15:13:31,,,Chess.com,Google Play,en,us,2026-04-17 17:55:05,2025-09-09
21ddc904-cd65-40e4-a245-2e9fd14646a2,Remmi Brigton,"I dont think there's enough history. Give it a few more years of lore, and this game will really pop.",5,0,4.9.4-googleplay,4.9.4-googleplay,2025-09-09 14:56:42,,,Chess.com,Google Play,en,us,2026-04-17 17:55:05,2025-09-09
b2b27668-d2b5-4961-b283-90e1b965ce47,Gordon Freeman,Seriously? why i have to pay Real Money just to learn chess,1,0,4.9.4-googleplay,4.9.4-googleplay,2025-09-09 12:26:54,"We offer premium subscriptions, but with a free account you'll still have limited access to Puzzles, Lessons, and Game Review, and playing chess on Chess.com will always be free. There is a also a free trial if you'd like to test out unlimited training features!",2025-09-09 17:11:44,Chess.com,Google Play,en,us,2026-04-17 17:55:05,2025-09-09
93943358-b0bb-4c7a-a549-49b7ca071096,César Chirinos,Me gusta poder competir con todo el mundo 🌎 gracias,4,0,4.9.3-googleplay,4.9.3-googleplay,2025-09-09 03:38:52,"¡Gracias por tu reseña! Si tienes sugerencias para mejorar la app de Chess.com, háznoslo saber. ¡Queremos que la app merezca una calificación de 5 estrellas! Puedes enviar tus comentarios a: www.chess.com/support",2025-09-11 17:05:25,Chess.com,Google Play,en,us,2026-04-17 17:55:05,2025-09-09
a92fc8ad-80ba-4c04-99fe-075642a502d7,Udit Dubey,good 👍,5,0,4.9.3-googleplay,4.9.3-googleplay,2025-09-08 20:25:23,,,Chess.com,Google Play,en,us,2026-04-17 17:55:05,2025-09-02
11378832-6f9a-4aa3-bc0f-909c95bc4a24,Mhadi Habibi,همه چی عالی اما بخش آموزش و مچ ری ویو ، زبان فارسی نداره لطفا اضافش کنید تو آپدیت های بعدی🙏 بزرگ ترین علتی که برای خرید پریمیوم اقدام نمیکنم (و شاید خیلی از فارسی زبان های دیگه هم همینطور باشن) اینه که زبان فارسی توی بخش هایی که گفتم پشتیبانی نمیشه بعید میدونم کار سختی باشه🙂 ممنون.,4,0,4.9.3-googleplay,4.9.3-googleplay,2025-09-08 17:17:36,از این بازخورد شما متشکریم. امیدواریم در آینده دروس شطرنج و تحلیل بازی را به زبان فارسی ارائه دهیم.,2025-09-09 17:37:16,Chess.com,Google Play,en,us,2026-04-17 17:55:05,2025-09-02
543b67b2-d353-43ba-a13d-9cff54a27daf,Muwaya Sheruhan,This One is the best but everytime I get connection issues it ends game by abandoned,5,0,4.9.3-googleplay,4.9.3-googleplay,2025-09-08 09:58:04,"Sorry for the difficulties! A game may end early if a disconnection occurs. If that's happening frequently, please try deleting and reinstalling the app, as well as confirming the stability of the Wifi or data connection. For further assistance, visit: www.chess.com/support",2025-09-09 18:12:46,Chess.com,Google Play,en,us,2026-04-17 17:55:05,2025-09-02
e997b71e-4dd8-4fde-a88d-346e55e64a04,KR GO,"pretty cool game, I wish there was a way to earn lessons instead of the given few per week.",4,0,4.9.3-googleplay,4.9.3-googleplay,2025-09-08 03:02:11,"Thank you for this feedback. We're considering options like this for the future. In the meantime, make sure to sign up for the free trial to test out unlimited Lessons!",2025-09-09 17:31:27,Chess.com,Google Play,en,us,2026-04-17 17:55:05,2025-09-02
ad67bb74-edcb-44b5-a76b-98d9f8515210,Sean Madden,Great app. Hoping they don't sell out,4,0,4.9.3-googleplay,4.9.3-googleplay,2025-09-08 01:26:00,"Thanks for your review! If you have suggestions for us on how the Chess.com app could be better, please let us know. We want the app to be worthy of a 5-star rating to you! You can submit feedback at: www.chess.com/support",2025-09-09 17:45:01,Chess.com,Google Play,en,us,2026-04-17 17:55:05,2025-09-02
d40d215f-05f1-4cf6-8092-14718e12364a,Sanket Chavan,very good game ✌️ enjoying this game 😇,5,0,4.9.3-googleplay,4.9.3-googleplay,2025-09-08 00:23:16,,,Chess.com,Google Play,en,us,2026-04-17 17:55:05,2025-09-02
57358a99-5680-4f5d-9452-0a1a92ffd757,Babli Patel,acha h apne gf bf ke sath khel sakte ho bina koi tension ke,5,0,4.9.2-googleplay,4.9.2-googleplay,2025-09-07 20:59:08,shataranj ke prati apane junoon ko saajha karane ke lie dhanyavaad. hamen chhaiss.chom par aapaka svaagat karate hue khushee ho rahee hai!,2025-09-07 21:20:23,Chess.com,Google Play,en,us,2026-04-17 17:55:05,2025-09-02
37f8e6d1-4531-41ea-8332-ca3c58fe6d50,thierry fossemalle,Cool app,5,0,4.7.7-googleplay,4.7.7-googleplay,2025-09-07 11:44:00,,,Chess.com,Google Play,en,us,2026-04-17 17:55:05,2025-09-02
39ade73e-f22e-44bf-9912-d740d9d8d6c2,Giuseppe,"Many formatting issues, screen crops and sometimes options just disappear. Good webpage, horrible app.",1,0,,,2025-09-06 19:12:11,Please let us know about any interface issues you are finding on the app. We will work to resolve them for you! www.chess.com/support,2025-09-07 20:45:32,Chess.com,Google Play,en,us,2026-04-17 17:55:05,2025-09-02
a97169ac-ffc5-4711-8083-7afb5aa2384e,Dundangi Kumar,good app,5,0,4.9.3-googleplay,4.9.3-googleplay,2025-09-06 15:01:57,,,Chess.com,Google Play,en,us,2026-04-17 17:55:05,2025-09-02
ff9fa84e-b9f9-4f95-b234-3c85810f9009,Nug Wale,Best platform for chess u should definitely try it,5,0,4.9.3-googleplay,4.9.3-googleplay,2025-09-05 18:32:10,,,Chess.com,Google Play,en,us,2026-04-17 17:55:05,2025-09-02
46328c2d-b07a-42f0-9b5b-e68792861d73,Sema Cigir,Great application to learn chess! ❤️,5,0,4.9.2-googleplay,4.9.2-googleplay,2025-09-04 21:18:12,,,Chess.com,Google Play,en,us,2026-04-17 17:55:05,2025-09-02
fbed044f-2ccb-4fbe-b579-f6e8ed5d6e76,Arjun Singh,You guys had the move feedback feature in the free tier too even tho it was for 1 game but after the recent update it seems to be gone But stuff like this has happened in the past too So ig it might come back,5,0,4.9.3-googleplay,4.9.3-googleplay,2025-09-04 17:04:16,"Thank you for your review. Basic move feedback was temporarily available so that all players could get an impression of what Game Review has to offer. With a free account you can still access a full Game Review per day, and we offer a free trial if you'd like to test unlimited Game Review for 7 days!",2025-09-05 17:32:47,Chess.com,Google Play,en,us,2026-04-17 17:55:05,2025-09-02
26a8108f-2694-4beb-9cdb-28cc0f5cb9a4,Bala Subramaniam,very nice 👍,5,0,4.9.3-googleplay,4.9.3-googleplay,2025-09-04 05:09:23,,,Chess.com,Google Play,en,us,2026-04-17 17:55:05,2025-09-02
dc6047db-00b6-4654-b8a4-f344ee232c5f,Amirhosein,free player limitations should be reduced,4,0,4.9.2-googleplay,4.9.2-googleplay,2025-09-03 14:54:11,"We're considering updates for the future! Make sure to take advantage of the free premium membership trial if you haven't already. You can test out all the training tools we have to offer on Chess.com, for free!",2025-09-04 21:45:07,Chess.com,Google Play,en,us,2026-04-17 17:55:05,2025-09-02
54551b02-e99d-4141-983d-1e42948181bc,Neyamat Ullah Liton,very good,5,0,4.8.9-googleplay,4.8.9-googleplay,2025-09-02 19:58:04,,,Chess.com,Google Play,en,us,2026-04-17 17:55:05,2025-09-02
02e19515-6b44-46c0-aa7c-b377e5bfd87c,Kanagaraj Yasvanth,this game is very good,5,0,,,2025-09-02 16:19:31,,,Chess.com,Google Play,en,us,2026-04-17 17:55:05,2025-09-02
efde4a97-70d9-43ff-b6d8-6c8fcfa66857,Agonzebwa Blair,thus app is cool although to get it to the fullest you should have a subscription,4,0,4.9.2-googleplay,4.9.2-googleplay,2025-09-01 21:20:09,"We offer premium subscriptions, but with a free account you'll still have limited access to Puzzles, Lessons, and Game Review, and playing chess on Chess.com will always be free. There is a also a free trial if you'd like to test out unlimited training features!",2025-09-04 21:46:01,Chess.com,Google Play,en,us,2026-04-17 17:55:05,2025-08-26
cbe55f7b-e37b-4454-bb96-c47e04df1273,klaatu barada-nikto,people who stall game thats not get punished when reported. this game sukcs,1,0,4.8.5-googleplay,4.8.5-googleplay,2025-09-01 19:59:26,"Sorry for the frustration! A game will end early if a player leaves or disconnects. However, it is possible for a player to let time run out on purpose while continuing to view the game. We ask that you report this by tapping on the opponent's avatar so we can quickly take action in the form of restrictions or account closure.",2025-09-02 17:15:04,Chess.com,Google Play,en,us,2026-04-17 17:55:05,2025-08-26
7975c955-193a-4275-a3de-53ba322b2271,Durgesh Patel,good 😊,5,0,4.9.2-googleplay,4.9.2-googleplay,2025-09-01 16:24:47,,,Chess.com,Google Play,en,us,2026-04-17 17:55:05,2025-08-26
978bc60a-8dc2-4af4-b281-c609e2197597,Nitish Kumar,not bad,3,0,4.9.2-googleplay,4.9.2-googleplay,2025-09-01 10:42:30,Thanks for your comment. If you have feedback for us or suggestions on how the Chess.com app could be better please let us know. We want the app to be worth 5 stars for you!,2025-09-01 11:33:22,Chess.com,Google Play,en,us,2026-04-17 17:55:05,2025-08-26
d49ec45d-d713-473b-aa77-0d980b7bd604,Daniel Ruiz,this game is the best,5,0,4.9.1-googleplay,4.9.1-googleplay,2025-09-01 07:20:38,,,Chess.com,Google Play,en,us,2026-04-17 17:55:05,2025-08-26
986cf4f8-3308-43c5-b37f-15254e46cc6c,Shaquille Jacobs,"we all love this game very much it has helped me improve my chess and helping me win 2 tournaments in a row ,but the only this is the premium ....i cant analyze two games or more like with lichess ..but its really a great app",4,0,4.9.1-googleplay,4.9.1-googleplay,2025-09-01 05:54:02,"Thank you for this feedback. You can have unlimited game analysis with Platinum or Diamond membership! Basic members can still do one analysis per day, and we offer a free 7-day free Diamond membership trial if you'd like to test out unlimited Game Review.",2025-09-01 11:42:10,Chess.com,Google Play,en,us,2026-04-17 17:55:05,2025-08-26
1d417096-2fde-4d51-94fa-490ea5eafd50,Nick Wolfe,"Lowered to 2 stars because your support bot is complete garbage, I'm unable to report the issue I'm having and when I tried doing it here you tried explaining it away like I'm 5. Your abandonment issues need to be fixed. I have lost countless rating points due to the app thinking I have no connection for 15 seconds. There's a timer for a reason, why on Earth would you force abandon a game after 15 seconds? I've already canceled my subscription due to this issue.",2,4,4.9.2-googleplay,4.9.2-googleplay,2025-09-01 05:34:59,"Sorry for the difficulties! A game may be ruled ""abandoned"" in as little as 15 seconds if a disconnection occurs in a lost position. This is designed to prevent stalling when a game is clearly lost. Here is an article with more information: https://support.chess.com/article/338-how-does-game-abandonment-work",2025-08-21 19:48:17,Chess.com,Google Play,en,us,2026-04-17 17:55:05,2025-08-26
c10d4cd6-9422-43c0-a254-a20e1dd2554f,Maynard Santos,"I personally like this game cuz I like playing chess but one of the problem is the frequent lagging while playing, I hope it will be fixed soon",4,0,,,2025-09-01 03:43:56,"Sorry for the difficulties! Issues with the game clock can occur due to latency. Please try deleting and reinstalling the app, and if the latency continues, visit this link for further assistance: www.chess.com/support",2025-09-01 11:43:07,Chess.com,Google Play,en,us,2026-04-17 17:55:05,2025-08-26
28b53eeb-fa5c-4be2-bc40-fe46f34a3715,Faisal Mohammad,it's a good game for playing and thinking,5,0,4.9.2-googleplay,4.9.2-googleplay,2025-08-31 18:08:11,Chess is the best game there is. Thank you for your review!,2025-09-01 07:43:41,Chess.com,Google Play,en,us,2026-04-17 17:55:05,2025-08-26
8ddf8b0a-340b-4587-953a-0c5091f0b198,Jack,the very best chess game app,5,0,4.8.9-googleplay,4.8.9-googleplay,2025-08-31 11:55:38,,,Chess.com,Google Play,en,us,2026-04-17 17:55:05,2025-08-26
a51a6cf8-3037-444c-a57e-638df2152078,Piyush,Hell yeah 😫,5,0,4.9.2-googleplay,4.9.2-googleplay,2025-08-30 18:42:36,,,Chess.com,Google Play,en,us,2026-04-17 17:55:05,2025-08-26
a73fe0b5-87f7-496c-8a5a-76ffe57b5a0e,Adarsh Kumar,grow up,5,0,,,2025-08-30 18:20:51,,,Chess.com,Google Play,en,us,2026-04-17 17:55:05,2025-08-26
ab696ffe-3fc8-4c27-b5e7-61a336d7670f,Aljay Añora,best chess game to play with,5,0,4.9.2-googleplay,4.9.2-googleplay,2025-08-30 14:10:45,,,Chess.com,Google Play,en,us,2026-04-17 17:55:05,2025-08-26
25a90375-20a0-47c8-81e3-693842505a79,RF AHAMMED,very good,5,0,4.9.2-googleplay,4.9.2-googleplay,2025-08-29 18:26:03,,,Chess.com,Google Play,en,us,2026-04-17 17:55:05,2025-08-26
20057c0b-76ba-48c6-a038-59216f75d684,Daksh,it's a good mind sharping game,5,0,4.9.2-googleplay,4.9.2-googleplay,2025-08-29 16:46:57,,,Chess.com,Google Play,en,us,2026-04-17 17:55:05,2025-08-26
e227c77b-5c1e-4575-b426-b1314e316385,Thabani Nyawo,it's a great app for learning and playing chess,5,0,4.9.2-googleplay,4.9.2-googleplay,2025-08-28 05:51:24,,,Chess.com,Google Play,en,us,2026-04-17 17:55:05,2025-08-26
0984dcff-fd2e-4c1e-923b-5562c2667ea4,Rudra Shanker Pandey,It's a very nice app for learning and practicing chess. I would also prefer you to learn more about chess from an app called Dr. Wolf I think.,5,0,4.9.2-googleplay,4.9.2-googleplay,2025-08-27 18:05:46,We're glad you're enjoying playing on Chess.com as well as Dr. Wolf. Thank you for your review!,2025-08-27 23:47:54,Chess.com,Google Play,en,us,2026-04-17 17:55:05,2025-08-26
d08e51c8-f677-4c52-93e9-86652a0f0382,Surekha Patil,good game,4,0,4.9.2-googleplay,4.9.2-googleplay,2025-08-27 06:38:48,"Thanks for your review! If you have suggestions for us on how the Chess.com app could be better, please let us know. We want the app to be worthy of a 5-star rating to you! You can submit feedback at: www.chess.com/support",2025-08-27 23:25:02,Chess.com,Google Play,en,us,2026-04-17 17:55:05,2025-08-26
304dd5a4-9146-4f57-89a0-a035089bbccf,Shashikala Kamble,very good game,5,0,4.9.0-googleplay,4.9.0-googleplay,2025-08-26 10:37:10,,,Chess.com,Google Play,en,us,2026-04-17 17:55:05,2025-08-26
c0abb66b-f10e-430e-a373-b68ea857280d,Yash Kumar,not starting,2,0,,,2025-08-26 09:49:33,"Sorry for the difficulties! Please try deleting and reinstalling the app, and for further assistance you can contact us at: www.chess.com/support",2025-08-26 19:23:34,Chess.com,Google Play,en,us,2026-04-17 17:55:05,2025-08-26
252c8937-5e1c-48c8-a994-18e8593c104c,Michael Muriithi,Logged out of my account for a day... And now I can't log in back.. Ety account closed.. And no email from you.. Very disappointed since it does this every time I log out and try to login back,1,0,4.6.36-googleplay,4.6.36-googleplay,2025-08-26 08:45:37,Sorry for the difficulties with your account! Please visit this link for assistance: www.chess.com/support,2025-08-26 19:24:51,Chess.com,Google Play,en,us,2026-04-17 17:55:05,2025-08-26
53eaadab-49a4-459b-b4d0-2a7d73fb22fa,Natalie Nguyen,everything you need,5,0,4.9.1-googleplay,4.9.1-googleplay,2025-08-26 06:30:54,,,Chess.com,Google Play,en,us,2026-04-17 17:55:05,2025-08-26
0d365837-e67f-42b1-a5be-8db944c93937,J Mukthar Shakir (Wasim),what else is there to describe about this wonderful strategic game.,5,0,4.9.2-googleplay,4.9.2-googleplay,2025-08-26 05:05:01,Thanks for sharing the passion for chess. We're glad to have you on Chess.com!,2025-08-26 20:07:50,Chess.com,Google Play,en,us,2026-04-17 17:55:05,2025-08-26
561a03c7-3316-4436-9adb-73d2fc26c588,ธนวิน จารุธนเศรษฐ์,I went from being absolute noob to pro,5,0,4.9.2-googleplay,4.9.2-googleplay,2025-08-25 22:22:03,,,Chess.com,Google Play,en,us,2026-04-17 17:55:05,2025-08-19
f2efdeb8-2b2f-4d04-aa3a-ed6495eb1844,Wellington Zacharia,Nice brainstorming game,5,0,4.9.1-googleplay,4.9.1-googleplay,2025-08-25 18:27:58,,,Chess.com,Google Play,en,us,2026-04-17 17:55:05,2025-08-19
b1afd135-8554-4545-bd64-211706d3fa5c,Edmar Ramirez,This is very helpful!,5,0,4.2.5-googleplay,4.2.5-googleplay,2025-08-25 13:45:25,,,Chess.com,Google Play,en,us,2026-04-17 17:55:05,2025-08-19
5c3edda5-a91e-4a2c-9e26-334dd17d47c2,MANOJ KUMAR SINGH,thanks for ruining my life,5,1,4.9.1-googleplay,4.9.1-googleplay,2025-08-25 08:49:44,,,Chess.com,Google Play,en,us,2026-04-17 17:55:05,2025-08-19
c1827172-b456-471b-ab2c-2cb9da83701c,Magnus Carlsen,i hate chess.,2,0,4.9.1-googleplay,4.9.1-googleplay,2025-08-25 03:03:26,"A former chess world champion once said that chess is all at once a sport, an art, and a science. It is a game that has been popular for centuries, which sets it apart from other games. We think it is truly a worthwhile experience, but we understand that not everyone has the same opinion on the game, and that's okay!",2025-08-25 17:56:02,Chess.com,Google Play,en,us,2026-04-17 17:55:05,2025-08-19
ce2e5360-98ec-4c82-90cf-eb9fd3e8b5c3,Michael Beale,I like chess.,5,0,4.9.1-googleplay,4.9.1-googleplay,2025-08-25 01:48:50,,,Chess.com,Google Play,en,us,2026-04-17 17:55:05,2025-08-19
830c8d85-9793-4a98-b63a-2e52a0113fe4,jasonpreston123,chess is the best and this is the best app,5,0,4.9.1-googleplay,4.9.1-googleplay,2025-08-25 01:16:46,,,Chess.com,Google Play,en,us,2026-04-17 17:55:05,2025-08-19
2647380d-049e-4930-a959-291b456faf35,Bellatrix Lugosi,the ui clipping each other on samsung z fold,4,0,4.9.1-googleplay,4.9.1-googleplay,2025-08-24 21:58:56,"Sorry for the difficulties with this interface error on the app when using a Z Fold. If the problem persists after reinstalling, please submit a bug report at: www.chess.com/support. We'll review your report and work to resolve any error as soon as possible.",2025-08-25 18:58:00,Chess.com,Google Play,en,us,2026-04-17 17:55:05,2025-08-19
21063e8d-9de4-4b61-93df-0e975e1cf405,Expenzer gaming,jhuth mat bola kro yaar😭,1,0,,,2025-08-24 18:20:12,"agar aapako Chess.com aip mein koee samasya aa rahee hai ya aapake paas koee sujhaav hai, to ham aapakee madad ke lie maujood hain! sahaayata ke lie krpaya is link par jaen: www.chess.com/support",2025-08-25 18:09:19,Chess.com,Google Play,en,us,2026-04-17 17:55:05,2025-08-19
3f808990-74a5-4169-9eaf-8cc636ab0c49,Majesty,I love this app. I spent 11hrs 14mins in it in one day. wow,5,0,4.9.1-googleplay,4.9.1-googleplay,2025-08-24 18:09:48,It's awesome to hear you can't get enough chess. Thanks for choosing Chess.com!,2025-08-24 18:55:52,Chess.com,Google Play,en,us,2026-04-17 17:55:05,2025-08-19
2cc6abf3-9c6a-421d-a0b8-145687ed6f12,Giasemi Skaneli,It doesn't let me do the moves I want,2,0,4.9.1-googleplay,4.9.1-googleplay,2025-08-24 17:19:31,"If you're King is under attack, then that would limit the number of playable moves in the game, since the rules of chess state that the King cannot be left to remain in Check. If that doesn't explain the issue in your game, please visit this link for help: www.chess.com/support",2025-08-25 18:11:52,Chess.com,Google Play,en,us,2026-04-17 17:55:05,2025-08-19
acb80295-0aa2-4150-b208-6c1052ac2bf9,Shahrill Qoyyum,Amazing,5,0,4.9.0-googleplay,4.9.0-googleplay,2025-08-24 14:15:01,,,Chess.com,Google Play,en,us,2026-04-17 17:55:05,2025-08-19
08c0fb95-cb8b-446c-b3bf-4336f6a8805c,Josh “J G” Gibson,Great platform for timeless game.,5,0,4.9.2-googleplay,4.9.2-googleplay,2025-08-24 02:21:37,,,Chess.com,Google Play,en,us,2026-04-17 17:55:05,2025-08-19
f48aa9c0-88ec-4333-8732-88184a172d1c,Naser Naser,that's great,5,0,4.9.0-googleplay,4.9.0-googleplay,2025-08-23 21:43:56,,,Chess.com,Google Play,en,us,2026-04-17 17:55:05,2025-08-19
c9f0c068-03c6-4d1c-a55c-1d0a8d753b32,Fernes Ilustrisimo,It makes kids have better calculation creativity and memorization,5,0,4.9.2-googleplay,4.9.2-googleplay,2025-08-23 16:40:50,We're glad you're enjoying playing chess with family on the Chess.com app. Thank you for your comment!,2025-08-24 19:51:22,Chess.com,Google Play,en,us,2026-04-17 17:55:05,2025-08-19
8641c266-a511-4cc9-b261-6288e4a045b6,Monica Pradhan,I think you should give free game reviews,4,0,4.9.2-googleplay,4.9.2-googleplay,2025-08-23 11:30:14,"Thank you for your review. We think we have the very best chess training tools available, and that's what sets Chess.com apart! If you're interested in video Lessons created by masters of the game, thousands of Puzzles, and personalized game analysis, we offer a free trial, as well as three different membership options at annual or monthly rates.",2025-08-24 02:47:44,Chess.com,Google Play,en,us,2026-04-17 17:55:05,2025-08-19
b665d8e5-159a-4798-b73a-dbadee925a6d,Jakob Philbrick,top shtuff,5,0,4.9.1-googleplay,4.9.1-googleplay,2025-08-22 21:15:11,,,Chess.com,Google Play,en,us,2026-04-17 17:55:05,2025-08-19
2b8b1739-a3c6-471a-8b01-6b97a22ace9b,Sound Wave,best chess app i play,5,0,,,2025-08-22 14:31:56,,,Chess.com,Google Play,en,us,2026-04-17 17:55:05,2025-08-19
f37c22e9-c330-4ba4-9bc6-d7136625119b,Kirti Katiwal,"This app is really excellent and a best app to gain and make our chess progress to the highest levels. But if you make this app purely or proper free, it will be helpful for those players who are unable to but the subscription then whatever you give highest discount on subscription but they are not able to buy it for any reason so please. My opinion is to make open all the levels, tactics, and practices and battle source free and non- stop useable for everyone. PLEASE THINK ABOUT THIS FOR OYHER",5,2,4.9.1-googleplay,4.9.1-googleplay,2025-08-22 03:41:41,"We offer premium subscriptions, but with a free account you'll still have limited access to Puzzles, Lessons, and Game Review, and playing chess on Chess.com will always be free. There is a also a free trial if you'd like to test out unlimited training features!",2025-08-25 19:10:54,Chess.com,Google Play,en,us,2026-04-17 17:55:05,2025-08-19
31c9b6de-6d9a-4873-bc48-3afb2e33834d,Divesh Singh Raghav,good app,5,0,4.9.1-googleplay,4.9.1-googleplay,2025-08-21 18:44:46,,,Chess.com,Google Play,en,us,2026-04-17 17:55:05,2025-08-19
60e9b573-ed2a-43d6-b181-f43d3e456705,Rashmi Chauhan,very nice 👍🏻👍🏻,5,0,4.9.1-googleplay,4.9.1-googleplay,2025-08-21 17:55:52,,,Chess.com,Google Play,en,us,2026-04-17 17:55:05,2025-08-19
5833a67e-1e4d-4415-ade2-256e79f90910,Kr. Rohit Narayan,Great game,4,0,4.8.9-googleplay,4.8.9-googleplay,2025-08-21 17:47:06,"Thanks for your review! If you have suggestions for us on how the Chess.com app could be better, please let us know. We want the app to be worthy of a 5-star rating to you! You can submit feedback at: www.chess.com/support",2025-08-21 19:50:35,Chess.com,Google Play,en,us,2026-04-17 17:55:05,2025-08-19
0c1d04b6-f8fa-4517-99e7-1796ff71937e,Z'ayden Daniels,This app is a great choice for avid chess learners and experienced in players! 10/10,5,0,4.9.1-googleplay,4.9.1-googleplay,2025-08-21 00:41:29,We're glad you find Chess.com useful for players of all levels. Thank you for your review!,2025-08-21 21:58:13,Chess.com,Google Play,en,us,2026-04-17 17:55:05,2025-08-19
3eb513c8-e813-4d61-9376-0d390cb4daa8,Nathan Velazquez,the one and only chess app,5,0,4.9.1-googleplay,4.9.1-googleplay,2025-08-20 21:46:36,,,Chess.com,Google Play,en,us,2026-04-17 17:55:05,2025-08-19
33e9ad73-661d-4151-88e9-9587e1cdc18b,Pawan Kumar Chawla,It's great experience for me to play Chess Online by playing this I'm able to improve my Game and accuracy for my move.♟️ #Lucifer_morning_star696,5,0,4.9.1-googleplay,4.9.1-googleplay,2025-08-20 17:35:51,,,Chess.com,Google Play,en,us,2026-04-17 17:55:05,2025-08-19
ae48f607-5c4d-4039-9a4d-3290523631df,Sanjar (cibron),"Horrible UI, figures move so slow, both in the app and browser.",1,0,4.9.1-googleplay,4.9.1-googleplay,2025-08-19 21:52:21,"Sorry for the difficulties! We'll keep working on optimizations to help minimize any latency in the game. For troubleshooting tips, please visit: www.chess.com/support",2025-08-20 22:18:47,Chess.com,Google Play,en,us,2026-04-17 17:55:05,2025-08-19
73f83547-5237-4946-a78b-a085fd6e53e4,Daniel Sihotang,Masruri rahman mengaku sedih,5,0,4.9.1-googleplay,4.9.1-googleplay,2025-08-19 16:34:57,,,Chess.com,Google Play,en,us,2026-04-17 17:55:05,2025-08-19
1cc4bab8-1b2b-41d3-960a-792141b5b9cc,Rojo Rejimon,nice and fair,5,0,4.9.0-googleplay,4.9.0-googleplay,2025-08-19 14:01:34,,,Chess.com,Google Play,en,us,2026-04-17 17:55:05,2025-08-19
e90e9ec1-201b-4e84-9a2f-aaedddeb9304,Arnuv Amburle,mast game hai,5,0,4.9.1-googleplay,4.9.1-googleplay,2025-08-19 07:46:36,,,Chess.com,Google Play,en,us,2026-04-17 17:55:05,2025-08-19
466a028b-53d9-405c-974d-c6730d1bdc0b,Georgia Prado Schmidt,me encanta el ajedrez,5,0,4.9.1-googleplay,4.9.1-googleplay,2025-08-19 02:32:52,,,Chess.com,Google Play,en,us,2026-04-17 17:55:05,2025-08-19
6854bfb2-ee47-42b0-a3e3-577098009791,Althea Marie Laurencio,pwede bang tayo nalang dalawa~,4,0,4.9.0-googleplay,4.9.0-googleplay,2025-08-19 02:31:30,Salamat sa iyong komento. Kung mayroon kang feedback para sa amin o mga mungkahi kung paano magiging mas mahusay ang Chess.com app mangyaring ipaalam sa amin. Gusto naming ang app ay nagkakahalaga ng 5 bituin para sa iyo!,2025-08-19 22:49:47,Chess.com,Google Play,en,us,2026-04-17 17:55:05,2025-08-19
813d441b-e491-4266-aa12-5b6747887c91,Sharif Nasraoui,wonderful,5,0,4.9.0-googleplay,4.9.0-googleplay,2025-08-18 23:22:27,,,Chess.com,Google Play,en,us,2026-04-17 17:55:05,2025-08-12
710f3927-34d3-4060-be96-74dabf66f8ac,Raghavan Nagaraj,So good,5,0,4.9.0-googleplay,4.9.0-googleplay,2025-08-18 15:40:09,,,Chess.com,Google Play,en,us,2026-04-17 17:55:05,2025-08-12
8ee6720a-c665-4750-85bd-3097e8feeeb8,Mcquiel Sided,I love this game,5,0,4.9.0-googleplay,4.9.0-googleplay,2025-08-18 09:16:12,,,Chess.com,Google Play,en,us,2026-04-17 17:55:05,2025-08-12
19c3100c-83f4-48ee-abfa-6c4ad73d2500,Amit Pal,You get life by playing this game.,5,0,4.9.1-googleplay,4.9.1-googleplay,2025-08-18 05:47:59,,,Chess.com,Google Play,en,us,2026-04-17 17:55:05,2025-08-12
a3d74ec6-f272-4e86-b507-1742caac6d04,Al Doblay,"THE CHESS EPICENTER TO BE KNOWN, IT'S THE BEST!!!",5,0,,,2025-08-18 03:11:51,Thanks for sharing the passion for chess. We're glad to have you on Chess.com!,2025-08-18 22:01:46,Chess.com,Google Play,en,us,2026-04-17 17:55:05,2025-08-12
a62591e2-1a48-4b60-92d7-b837821dfdba,Jalal Jalal,a9wad game,5,0,4.9.0-googleplay,4.9.0-googleplay,2025-08-17 20:52:54,,,Chess.com,Google Play,en,us,2026-04-17 17:55:05,2025-08-12
7c0e3983-1ada-4c8d-8e4b-0900c6a45566,Aiden Ford,"Been using this app for a few years, and it is amazing, but the lessons should go deeper and be more descriptive. They are solid for beginners but often feel surface-level, missing comprehensive detail and deeper analysis that explain the 'why' behind moves. There should also be progressive lessons for intermediate, CM, FM, IM, AND GM players, with increasingly layered explanations and advanced analysis so all levels can continue to grow.",4,1,4.9.0-googleplay,4.9.0-googleplay,2025-08-17 19:01:42,"Thank you for this detailed feedback. Using the Guide menu in the Lessons Library, you can order Lessons by playing level (i.e. Beginner, Intermediate, Advanced). With the ""All Lessons"" tab, you can view Master-level lessons and search. We'll keep adding new great Lessons!",2025-08-19 16:28:53,Chess.com,Google Play,en,us,2026-04-17 17:55:05,2025-08-12
10e6dfd9-fbcc-4148-928c-6d7f6160699c,Tristan Joseph Gamido,cool game,5,0,4.8.3-googleplay,4.8.3-googleplay,2025-08-17 11:03:55,,,Chess.com,Google Play,en,us,2026-04-17 17:55:05,2025-08-12
6c0cecd8-72c8-4d56-b532-f901ddefff58,Isak Fisher,Easy to use and explicitly instructive app. Great content and wholesome layout,5,0,,,2025-08-17 07:09:28,,,Chess.com,Google Play,en,us,2026-04-17 17:55:05,2025-08-12
95910e66-d6c5-4c9d-a01b-3f9994db2bdb,Thomas Amato,i leik chees,5,0,4.8.3-googleplay,4.8.3-googleplay,2025-08-16 19:57:48,,,Chess.com,Google Play,en,us,2026-04-17 17:55:05,2025-08-12
3fabf569-e0cb-43c4-97dd-d3123081989a,hassan zare,makes me feel better about my life,5,0,4.9.0-googleplay,4.9.0-googleplay,2025-08-16 19:31:33,,,Chess.com,Google Play,en,us,2026-04-17 17:55:05,2025-08-12
ffa3e53c-3efe-411b-bedd-2ca4f50c6926,Kamija Phiri,I love this app it's easier for the new chess players as well I highly recommend it,5,0,4.7.2-googleplay,4.7.2-googleplay,2025-08-16 16:08:45,,,Chess.com,Google Play,en,us,2026-04-17 17:55:05,2025-08-12
6ff1fbc8-1753-433b-813e-11d713d7cd97,Amina Khatun,"best chess game ever. in my opinion it has playful learning ways, here you can learn evrything about chess easily, would highly recommend this.",5,0,4.8.9-googleplay,4.8.9-googleplay,2025-08-16 13:51:49,,,Chess.com,Google Play,en,us,2026-04-17 17:55:05,2025-08-12
750aba3a-55b1-4ab7-bf36-85219cfc5b40,MAYA Virkar,I think it is not real,3,0,4.9.1-googleplay,4.9.1-googleplay,2025-08-16 13:28:58,"Without getting into philosophical debates, the App, the game of Chess, and the community are all very real :)",2025-08-17 00:52:44,Chess.com,Google Play,en,us,2026-04-17 17:55:05,2025-08-12
f509cfea-d7ac-4270-a5bb-9026cfa12a76,FieldMarshal Om,good but make free the computer players all,4,0,4.9.0-googleplay,4.9.0-googleplay,2025-08-16 11:23:29,"Thank you for your comment. Don't forget that all computer bots are unlocked with any level of premium membership, and we offer a free trial!",2025-08-19 16:33:19,Chess.com,Google Play,en,us,2026-04-17 17:55:05,2025-08-12
88791a61-3431-4438-90e6-763214e585b0,huzaifa khalid,best option if you want to improve your skills,5,0,4.9.1-googleplay,4.9.1-googleplay,2025-08-16 10:45:12,,,Chess.com,Google Play,en,us,2026-04-17 17:55:05,2025-08-12
28eadff3-f265-4540-937b-fa6395b78155,Avishek Singh,A year back I didn't know how to play chess. One of mine introduced me to this platform where I can learn as well as compete with the world's best chess players. Right now I am at 1500 elo in blitz and enjoy the game 🙂🙂.,5,1,4.9.0-googleplay,4.9.0-googleplay,2025-08-16 10:26:51,Amazing progress! Keep taking your chess skills to the next level on Chess.com!,2025-08-25 17:41:59,Chess.com,Google Play,en,us,2026-04-17 17:55:05,2025-08-12
6a8a710e-88ed-468e-a3bb-642fb6ce84e1,Isaac Fernando,cada día peor todo el mundo esta hackeando en elos bajos horrible experiencia jugar,1,0,,,2025-08-16 07:11:00,"We don't allow cheating! You can find our fair play rules here: www.chess.com/legal/fair-play. These are strictly enforced, and anyone found cheating will see their account promptly closed. You can view stats here: www.chess.com/article/view/chesscom-update-july-2025#FairPlay",2025-08-17 01:25:59,Chess.com,Google Play,en,us,2026-04-17 17:55:05,2025-08-12
6b49c3e6-3af5-4f0c-b9f4-019cba90bf8f,Lesedi Choma,such a good game it's worth 5 stars,5,0,4.9.0-googleplay,4.9.0-googleplay,2025-08-15 21:21:46,,,Chess.com,Google Play,en,us,2026-04-17 17:55:05,2025-08-12
d15a9ba6-6516-415c-9f98-d7de6f950afb,Bir Chepang,It is good for brain anxiety,5,0,4.9.0-googleplay,4.9.0-googleplay,2025-08-15 19:10:49,,,Chess.com,Google Play,en,us,2026-04-17 17:55:05,2025-08-12
9150e524-1dd4-4ec4-a10f-1dbb36c872b9,chirag teli,the best game i have ever played,5,0,,,2025-08-15 18:38:55,,,Chess.com,Google Play,en,us,2026-04-17 17:55:05,2025-08-12
138b76f0-29e9-4d2f-8bed-1b2fddb63be2,M Abdullah Arshad,... you hate it or love it,5,0,4.9.0-googleplay,4.9.0-googleplay,2025-08-15 16:50:55,,,Chess.com,Google Play,en,us,2026-04-17 17:55:05,2025-08-12
f3027799-ce62-44fd-ade7-dd2265b26917,ZPPSRAIGAVHAN SCHOOL,best for playing increase our brain power,5,0,4.7.5-googleplay,4.7.5-googleplay,2025-08-15 11:29:48,,,Chess.com,Google Play,en,us,2026-04-17 17:55:05,2025-08-12
12eed80b-21b2-4b11-ab7f-64ef189ed27d,Alejandro Marrón,llevo jugando por más de seis meses y puedo decir que esta aplicación te dejará enganchado por completo,5,0,4.9.0-googleplay,4.9.0-googleplay,2025-08-14 17:13:42,,,Chess.com,Google Play,en,us,2026-04-17 17:55:05,2025-08-12
00375f6b-8493-4f25-beef-f306efe3bfed,hema verma,mast game hai and I am pro,5,0,4.9.0-googleplay,4.9.0-googleplay,2025-08-14 12:57:28,,,Chess.com,Google Play,en,us,2026-04-17 17:55:05,2025-08-12
a86f81d3-b891-4d22-81d1-f782229cefaa,Jerry Guarin Jr,"Please fix the bug that I get banned while I'm playing any chess game and says ""Please login again"" while in the game this is unfair pls fix it",1,0,,,2025-08-14 05:40:16,"If your account has been disabled, please check your email inbox for a closure notice with an explanation about your Chess.com account status and how to proceed. You may visit this link for further assistance: www.chess.com/support",2025-08-15 15:48:45,Chess.com,Google Play,en,us,2026-04-17 17:55:05,2025-08-12
5c33394b-892f-4b31-8839-23f13b209364,Mahaveer Teli,very nice game you must download this,5,0,4.9.0-googleplay,4.9.0-googleplay,2025-08-13 12:37:04,,,Chess.com,Google Play,en,us,2026-04-17 17:55:05,2025-08-12
4d53542f-a030-4564-84fb-c529298e4bfc,Crimson_Blade,THE ROOOOOOOK,5,1,4.9.0-googleplay,4.9.0-googleplay,2025-08-13 01:21:14,,,Chess.com,Google Play,en,us,2026-04-17 17:55:05,2025-08-12
b16e2b2a-004d-414d-821e-e928863251a0,Josphat Banda,exciting app,5,0,4.9.0-googleplay,4.9.0-googleplay,2025-08-12 20:54:49,,,Chess.com,Google Play,en,us,2026-04-17 17:55:05,2025-08-12
d8e8b4ee-79b0-411e-b415-f2e40d849565,Mohamed Ramadan,amazing game,5,0,4.9.0-googleplay,4.9.0-googleplay,2025-08-12 19:10:25,,,Chess.com,Google Play,en,us,2026-04-17 17:55:05,2025-08-12
3c6e9fa1-f84a-4a5e-9ce5-a41c0a9774f8,sandhya s p,the worst app I've ever used...,1,0,4.8.6-googleplay,4.8.6-googleplay,2025-08-12 14:06:06,"If you're experiencing any issues with the Chess.com app or have any suggestions for us, we are here to help! Please visit this link for assistance: www.chess.com/support",2025-08-12 17:45:53,Chess.com,Google Play,en,us,2026-04-17 17:55:05,2025-08-12
da8903ab-4c91-41b2-b446-23a6a78f01b2,RYAN LANTACA,So amazing,5,0,4.8.9-googleplay,4.8.9-googleplay,2025-08-12 14:03:59,,,Chess.com,Google Play,en,us,2026-04-17 17:55:05,2025-08-12
d4989714-dd76-4af4-9388-897c947bfedd,Prem Patel,very 👍👍,5,0,4.9.0-googleplay,4.9.0-googleplay,2025-08-12 09:54:22,,,Chess.com,Google Play,en,us,2026-04-17 17:55:05,2025-08-12
cd184939-98a0-4ce0-bb4b-bd6f3b9e78cc,Daniel P,good game,5,0,4.9.0-googleplay,4.9.0-googleplay,2025-08-12 04:16:19,,,Chess.com,Google Play,en,us,2026-04-17 17:55:05,2025-08-12
f75a42fa-3bed-45a0-bf45-c931a7ff0344,Gautam Singh,plz new themes in the game and game is great 😉,5,0,4.9.0-googleplay,4.9.0-googleplay,2025-08-12 04:02:26,We'll work to add more great chessboard themes. Thanks for choosing Chess.com!,2025-08-12 18:46:15,Chess.com,Google Play,en,us,2026-04-17 17:55:05,2025-08-12
e661d17d-04a9-4977-b5dd-3b4c822f7e89,depok hossain,Best chess game apps to improve game skill.,5,0,4.9.0-googleplay,4.9.0-googleplay,2025-08-11 20:15:28,,,Chess.com,Google Play,en,us,2026-04-17 17:55:05,2025-08-05
add9c39b-49e5-4ca6-906e-90917a8a2bbd,daniel Isht,great and could be less expensive,4,0,4.9.0-googleplay,4.9.0-googleplay,2025-08-11 19:31:46,"Thank you for this feedback. If you're interested in Premium membership, we offer three different membership plans at both annual or monthly rates, so there is an option for every budget. If you'd like to test out the amazing training features like video Lessons and Game Review, don't forget we offer a free trial!",2025-08-12 18:34:58,Chess.com,Google Play,en,us,2026-04-17 17:55:05,2025-08-05
604bd4c1-4a2b-4440-a938-c7f40035dbf6,Louie Perez,four thumbs up!!! :),5,0,4.9.0-googleplay,4.9.0-googleplay,2025-08-11 09:06:24,,,Chess.com,Google Play,en,us,2026-04-17 17:55:05,2025-08-05
ab1d5f73-1279-46b9-bd87-629a74c120a2,Kipa Rinu,but can't see my elo 🙄,4,0,4.9.0-googleplay,4.9.0-googleplay,2025-08-11 01:29:13,"You can view your Elo cards on the app's homepage by scrolling down, or by tapping on: More > Stats. Please visit this link for assistance if needed: www.chess.com/support",2025-08-11 16:23:58,Chess.com,Google Play,en,us,2026-04-17 17:55:05,2025-08-05
26e1a9c3-28d4-4d12-9712-d26cf7fd3ec4,Chidiebere Ukenta,"great, just great",5,0,4.9.0-googleplay,4.9.0-googleplay,2025-08-10 21:45:15,,,Chess.com,Google Play,en,us,2026-04-17 17:55:05,2025-08-05
5d0e308f-8ff0-4ed9-8a96-44bbf3349f71,Benjamin Smith,it is a good app but make it so the chess messages update in real time and it is just amazing 5 star,5,0,4.8.9-googleplay,4.8.9-googleplay,2025-08-10 21:30:53,Thank you for this feedback. Messages should appear instantly! Please visit this link for assistance: www.chess.com/support,2025-08-11 16:43:05,Chess.com,Google Play,en,us,2026-04-17 17:55:05,2025-08-05
073fe336-c249-46d4-883f-231e04860475,ajong,a great way to really get your brain working,5,0,4.9.0-googleplay,4.9.0-googleplay,2025-08-10 20:22:46,Chess is the gymnasium for the mind. Thanks for choosing Chess.com!,2025-08-11 00:29:44,Chess.com,Google Play,en,us,2026-04-17 17:55:05,2025-08-05
73264bf7-e89d-419e-8b14-461718e11ed2,Surya Prakash,"I downloaded Now aug 10 2025 , And i realised 3 hours spent with playing this game 🎮 , My opinion:- DOWNLOAD NOW!!!!",5,0,,,2025-08-10 17:25:19,Thank you for recommending the Chess.com app. We appreciate your support!,2025-08-11 16:44:04,Chess.com,Google Play,en,us,2026-04-17 17:55:05,2025-08-05
ca60ed67-a8f4-4c06-a1c5-573807e7a5a8,Regin Rex Jayawon,nice game.,5,0,4.9.0-googleplay,4.9.0-googleplay,2025-08-10 10:49:03,,,Chess.com,Google Play,en,us,2026-04-17 17:55:05,2025-08-05
6aab8ff6-08eb-4071-bb15-4ec7d447dc4c,Dr.Monika,best app to practice chess,5,0,4.9.0-googleplay,4.9.0-googleplay,2025-08-10 10:31:27,,,Chess.com,Google Play,en,us,2026-04-17 17:55:05,2025-08-05
5e2bd88b-eefc-4394-b945-425816ddeca3,Arnav Joshi,wow developers made a good game🦖🦖💨,5,0,4.9.0-googleplay,4.9.0-googleplay,2025-08-10 09:52:56,We're glad you like the Chess.com app. Thank you for your 5 star review!,2025-08-11 16:48:23,Chess.com,Google Play,en,us,2026-04-17 17:55:05,2025-08-05
62c6dca5-dbc9-4070-948e-50cf55662b2d,Mark Joseph Sanjorjo,I like it,5,0,4.9.0-googleplay,4.9.0-googleplay,2025-08-10 08:29:39,,,Chess.com,Google Play,en,us,2026-04-17 17:55:05,2025-08-05
09ac6eb1-97a4-41e2-9a68-905e066da272,Yakir Itzhak,"great application, greedy company. Lichess is better.",2,1,4.9.0-googleplay,4.9.0-googleplay,2025-08-10 06:23:54,"We offer premium subscriptions, but with a free account you'll still have limited access to Puzzles, Lessons, and Game Review, and playing chess on Chess.com will always be free. There is a also a free trial if you'd like to test out unlimited training features!",2025-08-11 16:01:59,Chess.com,Google Play,en,us,2026-04-17 17:55:05,2025-08-05
f153ffc4-d848-4993-988a-31e16c688fbc,andragaming 9999,so cool,5,0,4.9.0-googleplay,4.9.0-googleplay,2025-08-10 03:15:53,,,Chess.com,Google Play,en,us,2026-04-17 17:55:05,2025-08-05
61ea18ba-ef71-46fc-b153-76ac1ea5230f,A Kami,Excellent chess,5,0,,,2025-08-10 00:17:27,,,Chess.com,Google Play,en,us,2026-04-17 17:55:05,2025-08-05
379c60ff-f099-428f-8447-815a219b6723,Ekam Bajwa,this game is wonderful and after a match show mistake,2,0,4.8.9-googleplay,4.8.9-googleplay,2025-08-09 16:22:29,Thanks for your comment. If you have feedback for us or suggestions on how the Chess.com app could be better please let us know. We want the app to be worth 5 stars for you!,2025-08-11 16:09:29,Chess.com,Google Play,en,us,2026-04-17 17:55:05,2025-08-05
2d061313-1977-4157-9db8-5c98c528343e,George,Love it man,5,0,,,2025-08-09 09:26:08,,,Chess.com,Google Play,en,us,2026-04-17 17:55:05,2025-08-05
25c01fa0-59f7-4efd-b315-09773328c7b0,Amjad,rlly good 👍,5,0,4.9.0-googleplay,4.9.0-googleplay,2025-08-09 07:04:41,,,Chess.com,Google Play,en,us,2026-04-17 17:55:05,2025-08-05
c000f1e1-a34c-4df0-9065-46b549846b14,Shivansh Tiwari,As good as it can get with online chess play,5,0,,,2025-08-08 19:35:12,We're glad you like the Chess.com app. Thank you for your 5 star review!,2025-08-08 19:37:43,Chess.com,Google Play,en,us,2026-04-17 17:55:05,2025-08-05
2a9f550e-9c44-425d-9b3a-f618a8f3ffdc,San Tun Naing,I don't miss this app,1,1,,,2025-08-08 19:26:16,"If you're experiencing any issues with the Chess.com app or have any suggestions for us, we are here to help! Please visit this link for assistance: www.chess.com/support",2025-08-09 22:16:18,Chess.com,Google Play,en,us,2026-04-17 17:55:05,2025-08-05
1c9afbc9-07f2-45be-99c8-757a2b64283d,Akbor Bhuya,this one star for removing self analysis,1,0,4.9.0-googleplay,4.9.0-googleplay,2025-08-08 14:48:04,"Self-Analysis is still available! After your game ends, simply close out the game result overlay, then tap on the magnifying glass icon at the top right of the screen to open Self-Analysis.",2025-08-08 17:00:08,Chess.com,Google Play,en,us,2026-04-17 17:55:05,2025-08-05
eb30435e-fe6a-48f0-abe5-a03c2223c118,Yu Yang Low,why you make game review feature pay to win 😭😭😭 (,1,0,4.9.0-googleplay,4.9.0-googleplay,2025-08-08 13:49:36,"Game Review is one of the very best tools to improve your chess, with personalized feedback on your games. You can review the critical moments of your games, correct errors, see Best Moves, and try alternate moves in Analysis mode. Don't forget we offer a free trial if you'd like to try out unlimited Game Review!",2025-08-08 17:05:21,Chess.com,Google Play,en,us,2026-04-17 17:55:05,2025-08-05
0fc06339-30b2-4a30-8af0-b8d3d50f4874,Hasan Afzalan,"Best platform for chess and have a lot of options, lessons and puzzles but all of them are limited and you should pay to use 😔",3,0,4.8.9-googleplay,4.8.9-googleplay,2025-08-08 07:32:11,"Thank you for this feedback. Don't forget we offer a free 7-day membership trial to test out Premium features! Make sure to sign up if you'd like to test out unlimited Puzzles and video Lessons, as well as Game Review analysis. We also offer three different membership tiers at monthly or annual rates.",2025-08-08 17:15:12,Chess.com,Google Play,en,us,2026-04-17 17:55:05,2025-08-05
1c96fc2f-c29d-4b0a-898c-fbe6f93e6af6,Ali Altayeb,Pure suffering but in a good way 👍,5,0,4.9.0-googleplay,4.9.0-googleplay,2025-08-08 01:32:43,,,Chess.com,Google Play,en,us,2026-04-17 17:55:05,2025-08-05
2d5c01ca-e042-4b55-880b-a9a56d758320,AmirAli A.a,best game for ever💥,5,0,4.8.9-googleplay,4.8.9-googleplay,2025-08-07 22:03:39,,,Chess.com,Google Play,en,us,2026-04-17 17:55:05,2025-08-05
737166c4-605e-44ac-9be6-23553161f2ae,Mainak,just love the brand.,5,0,4.9.0-googleplay,4.9.0-googleplay,2025-08-07 12:43:56,Thanks for choosing Chess.com!,2025-08-07 18:25:21,Chess.com,Google Play,en,us,2026-04-17 17:55:05,2025-08-05
7fc8e2e2-d541-40c2-8ec6-d425dd96a072,Daniel Makisudi,brilliant mind game,5,0,4.8.9-googleplay,4.8.9-googleplay,2025-08-07 08:44:42,,,Chess.com,Google Play,en,us,2026-04-17 17:55:05,2025-08-05
f560e60a-cacc-4177-92b8-1d2514769180,Samuel Pietro,the best app for play chess.,5,0,4.9.0-googleplay,4.9.0-googleplay,2025-08-07 02:51:12,,,Chess.com,Google Play,en,us,2026-04-17 17:55:05,2025-08-05
5c216326-e531-4100-a812-4d3ebe3f417e,Youssef Khamlichi,it's a perfect game for chess fans,5,0,4.9.0-googleplay,4.9.0-googleplay,2025-08-06 17:01:28,We're glad you think the Chess.com app is perfect. Thank you for your comment!,2025-08-07 18:34:04,Chess.com,Google Play,en,us,2026-04-17 17:55:05,2025-08-05
1656d1a5-bcab-44e7-bd48-6b6f282db110,Dylan kyle De torres,why my account got log out?,3,0,4.9.0-googleplay,4.9.0-googleplay,2025-08-06 14:33:25,"It's possible you were logged out after a recent update. If needed, you can reset your password on the login screen. Please visit this link for further assistance: www.chess.com/support",2025-08-07 00:02:35,Chess.com,Google Play,en,us,2026-04-17 17:55:05,2025-08-05
f7407ad8-c47d-4724-812d-1ae5b9cc55a1,Shweta Sharma,maintain your bots they are Abusing me,1,1,4.8.9-googleplay,4.8.9-googleplay,2025-08-06 11:18:44,"The Bots are meant to have fun and engaging messages, but you can disable this feature if you'd like. After selecting the Bot you'd like to play against, tap on the game mode at the bottom of the screen, then switch off ""Bot Chat"".",2025-08-07 00:06:26,Chess.com,Google Play,en,us,2026-04-17 17:55:05,2025-08-05
ecbf5956-cfc3-4868-ab7d-41db86e59832,Pulkit Kansal,one word Best,5,0,4.8.9-googleplay,4.8.9-googleplay,2025-08-05 17:06:14,,,Chess.com,Google Play,en,us,2026-04-17 17:55:05,2025-08-05
f249f6df-9975-4c0c-b4ab-db7eea3cbe08,Daksh Tiwari,best option for playing chess,5,0,,,2025-08-05 14:56:09,,,Chess.com,Google Play,en,us,2026-04-17 17:55:05,2025-08-05
79568860-d02a-428f-aec7-e55ee206fbe8,Maya,very good,5,0,4.8.7-googleplay,4.8.7-googleplay,2025-08-05 14:52:15,,,Chess.com,Google Play,en,us,2026-04-17 17:55:05,2025-08-05
076e50fa-639c-4cd0-b493-8ea1d87f015c,Ethan Lee,Chess is cool,5,0,4.8.9-googleplay,4.8.9-googleplay,2025-08-05 12:54:23,We're glad you like the Chess.com app. Thank you for your 5 star review!,2025-08-06 00:40:59,Chess.com,Google Play,en,us,2026-04-17 17:55:05,2025-08-05
ba1fe924-4fcb-45b0-881b-cfd6a2891037,Mackenzie Noon,"wonderful app, a little too expensive for the nice features for me.",5,0,4.8.9-googleplay,4.8.9-googleplay,2025-08-05 03:01:32,"We get it! You can absolutely play unlimited chess against opponents around the world, and that will always be free! If you'd like to try out Premium, we do offer a free trial, as well as monthly or annual plans at three different membership levels.",2025-08-05 02:58:27,Chess.com,Google Play,en,us,2026-04-17 17:55:05,2025-08-05
034849e8-cc5e-4c08-be24-66278f811868,Yassino Bira,the best,5,0,,,2025-08-04 15:48:24,,,Chess.com,Google Play,en,us,2026-04-17 17:55:05,2025-07-29
aa540b3f-b6f8-4768-9328-d7d318955458,Mohammad Joni Ahamed,Really appreciatable but the only disgusting thing is the subscription because as a citizen of third world country the subscription policy seems to me disgusting. Authority should maintains the cost for based on continent or region. Because there are lots of people unable to bear the cost.,1,0,4.8.9-googleplay,4.8.9-googleplay,2025-08-04 08:40:01,"Thank you for this feedback. We do offer adjusted pricing for specific countries and regions. For further assistance, please submit a request at: www.chess.com/support",2025-08-04 16:13:30,Chess.com,Google Play,en,us,2026-04-17 17:55:05,2025-07-29
da311fe8-84a6-4604-8cd5-370d3ca6972b,MD SUBAHAN RAZA,Absolutely brilliant game,4,0,4.8.9-googleplay,4.8.9-googleplay,2025-08-03 20:54:02,"Thanks for your review! If you have suggestions for us on how the Chess.com app could be better, please let us know. We want the app to be worthy of a 5-star rating to you! You can submit feedback at: www.chess.com/support",2025-08-04 17:02:12,Chess.com,Google Play,en,us,2026-04-17 17:55:05,2025-07-29
5ec06248-cc19-41a7-9a7d-0c9fc0adb157,Rajeev Kashyap,this game is good,5,0,4.9.0-googleplay,4.9.0-googleplay,2025-08-03 12:06:51,,,Chess.com,Google Play,en,us,2026-04-17 17:55:05,2025-07-29
b9a6aa8d-3edf-4322-ad9f-bcdbbaac4964,supriya das,I love this since I am playing this for 2 months it helped me a lot to learn also I cal challenge vishy anand and Magnus carlsen bot from here which is awesome,5,0,4.8.6-googleplay,4.8.6-googleplay,2025-08-03 03:07:58,,,Chess.com,Google Play,en,us,2026-04-17 17:55:05,2025-07-29
61205203-ffd7-4fc0-9e8a-a2c72283225f,Mostafa Elhadidy,the greatest chess site and app,5,0,4.9.0-googleplay,4.9.0-googleplay,2025-08-03 01:16:23,We're glad you think the Chess.com app is the best. Thank you for your review!,2025-08-04 19:06:51,Chess.com,Google Play,en,us,2026-04-17 17:55:05,2025-07-29
cd971f66-7dc4-4eee-9ddd-c725cec03856,Selim,"Could you please make the ""next move arrow button"" in review mode a bit bigger and further from the moves scroll item, it’s so easy to miss the arrow and press a move which makes it go far in the game. Thanks!",5,22,4.9.1-googleplay,4.9.1-googleplay,2025-08-02 21:39:57,"Thank you for this feedback on the Game Review interface and the ""Next Move"" button. We'll look into this!",2025-08-04 19:07:53,Chess.com,Google Play,en,us,2026-04-17 17:55:05,2025-07-29
837975eb-2180-4384-a668-e5e6004a66c2,Leonard Pastor,i went from 800 to 2k Elo over the Board thx to this app. love it!!!,5,0,4.8.9-googleplay,4.8.9-googleplay,2025-08-02 19:18:42,,,Chess.com,Google Play,en,us,2026-04-17 17:55:05,2025-07-29
1357f585-6c37-40d4-93c7-92e372669074,Abeer Dean (ADon_PC),Man it's time to stretch up ur brain! 🤣♥️..Best chess app please for the sake of God get it!,5,0,4.8.9-googleplay,4.8.9-googleplay,2025-08-02 17:05:59,,,Chess.com,Google Play,en,us,2026-04-17 17:55:05,2025-07-29
aff8e994-9783-414b-8fbb-4b906ca98faa,rani dwivedi,most liked game by me,5,0,4.8.9-googleplay,4.8.9-googleplay,2025-08-02 16:23:31,,,Chess.com,Google Play,en,us,2026-04-17 17:55:05,2025-07-29
26f190b9-14b6-4e49-9f2d-b3b8455a122b,mamodikeelizabeth magoro,it is not good,4,0,,,2025-08-01 22:52:40,"Thanks for your review! If you have suggestions for us on how the Chess.com app could be better, please let us know. We want the app to be worthy of a 5-star rating to you! You can submit feedback at: www.chess.com/support",2025-07-29 16:46:49,Chess.com,Google Play,en,us,2026-04-17 17:55:05,2025-07-29
ecaedd0c-a359-471d-8f05-784285018f5f,Yashvardhan Dev,for watching game review we have to pay that is not good bro,4,1,4.8.9-googleplay,4.8.9-googleplay,2025-08-01 19:26:43,"Thank you for this feedback. If you'd like to try out unlimited Game Review, we offer a free trial!",2025-08-04 16:59:04,Chess.com,Google Play,en,us,2026-04-17 17:55:05,2025-07-29
c2ee3fb3-0842-4837-aabd-33d927d51173,Serhii Sakal,"how to turn off bot Chat, persistent?",5,0,4.8.9-googleplay,4.8.9-googleplay,2025-08-01 15:36:16,"After tapping on the Bot you'd like to play against, tap on the game mode menu at the bottom of the screen. Next switch off the ""Bot Chat"" option. This setting will be maintained for all your future Bot games.",2025-08-01 15:31:29,Chess.com,Google Play,en,us,2026-04-17 17:55:05,2025-07-29
ffecb09e-2dc0-42b5-b025-83eb54d84fbb,salman thapa,best game ever..no ads outstanding,5,0,,,2025-08-01 13:29:45,,,Chess.com,Google Play,en,us,2026-04-17 17:55:05,2025-07-29
43ecd98e-fcf7-4058-9748-4840ce1ecb42,Faisal Faris Al-Bandar,"This is the chesscom app. I mean, it's the world's standard in online chess. The premium options are totally worth it.",5,3,4.8.9-googleplay,4.8.9-googleplay,2025-07-31 18:31:52,Thanks for an awesome review. We're glad you're enjoying playing and training on Chess.com!,2025-08-01 16:15:53,Chess.com,Google Play,en,us,2026-04-17 17:55:05,2025-07-29
ee00954a-2446-494b-9227-d0d0ce6b3454,MOHAMMED ABDUL SHAHERIYAR,great app love from India Hyderabad,5,0,4.8.9-googleplay,4.8.9-googleplay,2025-07-31 03:26:36,Thanks for choosing Chess.com!,2025-07-31 18:45:54,Chess.com,Google Play,en,us,2026-04-17 17:55:05,2025-07-29
ff5b0536-fe08-4581-8782-9363f8fadc85,Vicky Gilbert,Great for a novice like me but also for more experienced players.,5,0,4.8.8-googleplay,4.8.8-googleplay,2025-07-30 20:20:34,We're glad you find Chess.com useful for players of all levels. Thank you for your review!,2025-07-31 18:48:58,Chess.com,Google Play,en,us,2026-04-17 17:55:05,2025-07-29
548338af-781e-44b0-8a4e-2f4ec045b085,MD RAKIBUL HASAN,it’s a global platform,5,0,4.8.1-googleplay,4.8.1-googleplay,2025-07-30 10:35:08,,,Chess.com,Google Play,en,us,2026-04-17 17:55:05,2025-07-29
bc028245-f748-4f24-ad55-21e2d0b3c53a,Lancez Jaraplasan,"As I write this 5 star review, I am coming back.",5,0,4.7.2-googleplay,4.7.2-googleplay,2025-07-29 14:05:16,,,Chess.com,Google Play,en,us,2026-04-17 17:55:05,2025-07-29
69a33cb9-e83d-4133-bc07-1c484b95a800,Adamor Landingin,"good morning/evening This game is so beautiful, because of this, my chess game is improving, but I hope you can bring back the drawing line, we are just begging you because there are those who are poor who cannot afford to buy a chess set The computer is only for drawing lines so please please bring back the drawing lines I want to expand my chess skills this is the only one that can cure my problem please 🥺🥺",5,0,,,2025-07-29 14:02:47,Thank you for this suggestion about the ability to draw arrows on the chessboard. We're exploring this possibility for future updates.,2025-07-27 23:50:21,Chess.com,Google Play,en,us,2026-04-17 17:55:05,2025-07-29
9923b146-94e9-4f71-b80a-c77eb7d30e47,Tafadzwa I Gotora,This app is perfect. I recommend it to anyone who loves chess,5,0,4.8.8-googleplay,4.8.8-googleplay,2025-07-28 23:04:07,Thank you for recommending the Chess.com app. We appreciate your support!,2025-07-29 17:23:46,Chess.com,Google Play,en,us,2026-04-17 17:55:05,2025-07-22
518743f8-224c-481f-a580-df8f001e89b1,Thabang Motau,very good game,5,0,,,2025-07-28 21:32:46,,,Chess.com,Google Play,en,us,2026-04-17 17:55:05,2025-07-22
0f3a0801-40b8-4c97-b2e4-15bd187df721,Soumyadeep Majumder,best place to play chess,5,0,4.8.8-googleplay,4.8.8-googleplay,2025-07-28 19:24:42,,,Chess.com,Google Play,en,us,2026-04-17 17:55:05,2025-07-22
7233a32a-1540-48b6-bb62-5756a9c3f7cc,naren Ex,excellent game,5,0,4.8.8-googleplay,4.8.8-googleplay,2025-07-28 08:24:49,,,Chess.com,Google Play,en,us,2026-04-17 17:55:05,2025-07-22
c5683691-d7ac-44d2-989f-061cec821982,Pirooz Parhizjavan,really great🤩🤩❤❤💙,5,0,,,2025-07-27 21:07:33,,,Chess.com,Google Play,en,us,2026-04-17 17:55:05,2025-07-22
9e04e198-54cb-4dcc-bdd2-50a6bf11670f,Liam Gathungu,to be honest the game has been great thus far. Only one hiccup. When I decide to switch between apps when I'm playing an online match even if just for a few seconds the game concludes that I've abandoned and it's really upsetting especially when I was winning. You guys need to adjust the timings for this.You would rather even allow the game time to clock 0 rather than assuming that the game got abandoned.,3,1,4.8.8-googleplay,4.8.8-googleplay,2025-07-27 20:00:26,"Sorry for the difficulties! A game may end early if a disconnection occurs, which is designed to prevent players from waiting unnecessarily if an opponent has left the game. However, it should be possible to reconnect within 10% of the initial game time. Please visit this link to contact us for assistance if needed: www.chess.com/support",2025-07-27 21:13:35,Chess.com,Google Play,en,us,2026-04-17 17:55:05,2025-07-22
f2db1a44-2f39-4f61-af5f-440e06c70202,Christin Varghese,When AI is gona loose a match. They declare the match as a Draw,1,0,,,2025-07-27 19:15:12,"It sounds like a stalemate occurred! A stalemate is a special rule in chess where a player has no legal move but has not been checkmated, causing the game to be ruled a draw. Check out this great article for more information and examples of stalemates: www.chess.com/terms/stalemate-chess",2025-07-28 23:42:08,Chess.com,Google Play,en,us,2026-04-17 17:55:05,2025-07-22
4c875bad-b75b-43b3-b8c7-3f5f6f537056,Ethan Bennett,great way to get better,5,0,4.8.8-googleplay,4.8.8-googleplay,2025-07-27 17:39:56,,,Chess.com,Google Play,en,us,2026-04-17 17:55:05,2025-07-22
1e593391-4a4c-4ab4-84bb-57648e8ce722,venis werry,ofc it's the best Chess app!,5,0,4.8.8-googleplay,4.8.8-googleplay,2025-07-27 17:24:36,,,Chess.com,Google Play,en,us,2026-04-17 17:55:05,2025-07-22
d3dbe245-71f6-41eb-b466-d18133f6dc85,Sangita Baishya Devi,best for practise,5,0,4.8.5-googleplay,4.8.5-googleplay,2025-07-27 15:34:41,,,Chess.com,Google Play,en,us,2026-04-17 17:55:05,2025-07-22
8f61db61-5d7b-4cb0-b866-1bb7f883c08c,Sankarshanananda Swami,It's a wonderful app and nice interface.,4,0,4.8.8-googleplay,4.8.8-googleplay,2025-07-27 03:14:50,We're glad you like the Chess.com app! Would you consider giving us 5 stars? We appreciate your support!,2025-07-27 23:10:39,Chess.com,Google Play,en,us,2026-04-17 17:55:05,2025-07-22
f154d864-735e-46a2-80d7-4f27f20533e0,Melvin Smith,Great app,5,0,4.8.9-googleplay,4.8.9-googleplay,2025-07-27 02:53:04,,,Chess.com,Google Play,en,us,2026-04-17 17:55:05,2025-07-22
fc9aad68-3013-4a8d-8452-d919169d9a4e,OBAMA YANG,"it have everything you need to learn, to play, to explore and moreover...",5,0,4.8.7-googleplay,4.8.7-googleplay,2025-07-26 20:24:07,Chess is the gymnasium for the mind. Thanks for choosing Chess.com!,2025-07-28 00:19:14,Chess.com,Google Play,en,us,2026-04-17 17:55:05,2025-07-22
5317bd2f-6303-4004-948f-e1d9b5895dab,PRITHWIS KABI,good I have fun with this app and it also user friendly,4,0,4.8.8-googleplay,4.8.8-googleplay,2025-07-26 12:49:48,Thank you for your comment. We want the app to be not just okay but amazing! Please visit www.chess.com/support if you need assistance or if you'd like to share feedback with us. We're here to help!,2025-07-27 23:02:28,Chess.com,Google Play,en,us,2026-04-17 17:55:05,2025-07-22
a0fbcd11-1a33-4f29-b766-1edcd452d69f,Imade Fritzie,honestly I like this game,5,0,4.8.8-googleplay,4.8.8-googleplay,2025-07-26 12:45:17,,,Chess.com,Google Play,en,us,2026-04-17 17:55:05,2025-07-22
70424b02-9d70-454b-a009-ae2fb7c09f9d,Meagan,This is the app for chess.,5,0,4.8.0-googleplay,4.8.0-googleplay,2025-07-26 05:13:37,,,Chess.com,Google Play,en,us,2026-04-17 17:55:05,2025-07-22
1e5777f7-c6e5-4776-9b1f-51a4d288033d,Killaphor _The _ Poet,Best Chess game ever. That's all I can say..... Thank me later. 😎👉👉,5,0,4.8.7-googleplay,4.8.7-googleplay,2025-07-26 00:26:00,We're glad you think the Chess.com app is the best. Thank you for your review!,2025-07-29 16:59:43,Chess.com,Google Play,en,us,2026-04-17 17:55:05,2025-07-22
dd2ae804-ebb9-4d5b-9141-ff27ce485ebb,Ian Canaday,"doing a real fun thing as of late. not letting me move my pieces and keeps telling me I can't move my king out of a spot while in check. the square will blink red and give me a audible no, you can't move there sound, about half a dozen times until eventually letting me move to said square because it is a legal move. I'm timing out and losing multiple games because of this. it happens under different circumstances as well. I'll say it now, I dont know how to not feel like I'm being sabotaged.",1,3,4.8.9-googleplay,4.8.9-googleplay,2025-07-26 00:08:40,"If you're experiencing any issues with the Chess.com app or have any suggestions for us, we are here to help! Please visit this link for assistance: www.chess.com/support",2025-07-26 22:06:31,Chess.com,Google Play,en,us,2026-04-17 17:55:05,2025-07-22
3c03d329-e9f3-47e5-8bb2-0b61954e09f0,Mohammad Zaheen,not working properly,2,0,4.8.8-googleplay,4.8.8-googleplay,2025-07-24 16:58:07,"If you're experiencing any issues with the Chess.com app or have any suggestions for us, we are here to help! Please visit this link for assistance: www.chess.com/support",2025-07-25 21:57:49,Chess.com,Google Play,en,us,2026-04-17 17:55:05,2025-07-22
933397c6-db5e-4422-aae0-0ff24a9f00d3,Md Aheed Zafar 9Aroll12,very good,5,0,4.8.7-googleplay,4.8.7-googleplay,2025-07-24 15:37:50,,,Chess.com,Google Play,en,us,2026-04-17 17:55:05,2025-07-22
74ddd13e-a764-4773-bea9-636f22fe0ca2,M .Abishek,good and interesting to play,5,0,4.8.7-googleplay,4.8.7-googleplay,2025-07-24 12:45:09,,,Chess.com,Google Play,en,us,2026-04-17 17:55:05,2025-07-22
2dcde075-0517-4430-bb4d-c5d897710ecc,Arnold Angeles,It's great way to train chess,5,0,4.8.7-googleplay,4.8.7-googleplay,2025-07-24 11:45:52,,,Chess.com,Google Play,en,us,2026-04-17 17:55:05,2025-07-22
e2d87554-6567-4ee0-ac98-30b44e04715c,Aryan Pandita,stress game,5,0,4.7.6-googleplay,4.7.6-googleplay,2025-07-23 17:00:12,,,Chess.com,Google Play,en,us,2026-04-17 17:55:05,2025-07-22
d345e40a-3d17-4e9c-b0d4-861193d81f0c,Bharat Kumar,Must have for chess enthusiasts,5,0,4.8.7-googleplay,4.8.7-googleplay,2025-07-23 07:38:13,,,Chess.com,Google Play,en,us,2026-04-17 17:55:05,2025-07-22
026252bf-8799-473b-9db4-2ccac9c7f75d,Salahuddin Al Ayyubi,"great app, learn chess through it",4,0,4.8.7-googleplay,4.8.7-googleplay,2025-07-23 04:54:28,"Thanks for your review! If you have suggestions for us on how the Chess.com app could be better, please let us know. We want the app to be worthy of a 5-star rating to you! You can submit feedback at: www.chess.com/support",2025-07-23 18:31:10,Chess.com,Google Play,en,us,2026-04-17 17:55:05,2025-07-22
7b843958-faf1-4241-887b-e8a8a8f8dc95,Julian Zipper,perfect chess app,5,0,4.8.0-googleplay,4.8.0-googleplay,2025-07-22 18:21:18,,,Chess.com,Google Play,en,us,2026-04-17 17:55:05,2025-07-22
bd7d21fb-871e-4461-a648-a663738730ac,Bang Robert,This is the best global chess app ever,5,0,4.7.2-googleplay,4.7.2-googleplay,2025-07-22 16:03:47,We're glad you think the Chess.com app is the best. Thank you for your review!,2025-07-24 17:31:18,Chess.com,Google Play,en,us,2026-04-17 17:55:05,2025-07-22
2ff260b4-85e8-465b-8166-e8e1b9319299,Enkhjargal Sambuu,so good,5,0,4.8.7-googleplay,4.8.7-googleplay,2025-07-22 07:14:32,,,Chess.com,Google Play,en,us,2026-04-17 17:55:05,2025-07-22
7f988da6-c3ce-4ee6-8408-04afabed48ea,random x,Very enjoyable.,4,0,4.8.1-googleplay,4.8.1-googleplay,2025-07-22 05:18:40,"Thanks for your review! If you have suggestions for us on how the Chess.com app could be better, please let us know. We want the app to be worthy of a 5-star rating to you! You can submit feedback at: www.chess.com/support",2025-07-22 23:52:17,Chess.com,Google Play,en,us,2026-04-17 17:55:05,2025-07-22
83bcf55f-aed6-496e-b789-04447b9676d7,Sarfaraz Husain,useless app,1,0,4.8.0-googleplay,4.8.0-googleplay,2025-07-21 21:35:17,"If you're experiencing any issues with the Chess.com app or have any suggestions for us, we are here to help! Please visit this link for assistance: www.chess.com/support",2025-07-21 21:51:01,Chess.com,Google Play,en,us,2026-04-17 17:55:05,2025-07-15
0053f1d5-ada2-4844-8225-da1646fbf3e2,Vikas M,"Even after reviewing a game from our friends we can't able to see, nothing is free, Download lichess",1,0,4.6.20-googleplay,4.6.20-googleplay,2025-07-21 14:23:48,"We've updated this functionality to prevent manipulation, but you can try out unlimited Game Review with the free trial! Our team is also looking into adding the option to allow all players to view Game Reviews for titled players.",2025-07-22 23:28:33,Chess.com,Google Play,en,us,2026-04-17 17:55:05,2025-07-15
28b49169-d082-4de4-bf31-28cb306b9825,Larry Beane III,Great game,5,0,4.8.7-googleplay,4.8.7-googleplay,2025-07-21 02:37:42,,,Chess.com,Google Play,en,us,2026-04-17 17:55:05,2025-07-15
afa1f9d3-4440-4c7b-8aee-7967eb06a0ae,MOHAMED Zakaria,best game of all time...but why are game reviews are not for free?!,4,0,4.8.7-googleplay,4.8.7-googleplay,2025-07-20 22:01:55,"Game Review is one of the very best tools to improve your chess, with personalized feedback on your games. You can review the critical moments of your games, correct errors, see Best Moves, and try alternate moves in Analysis mode. Don't forget we offer a free trial if you'd like to try out unlimited Game Review!",2025-07-22 23:45:14,Chess.com,Google Play,en,us,2026-04-17 17:55:05,2025-07-15
bc6c783b-3a2e-4340-b12c-b7ab1803060a,Mayank Shekhar,A great platform for like minded people..App has all feature to improve yourself. Kudos team,5,0,,,2025-07-20 15:03:53,We're glad Chess.com has everything you're looking for. Thank you for your review!,2025-07-23 22:11:05,Chess.com,Google Play,en,us,2026-04-17 17:55:05,2025-07-15
1043294e-2432-4368-af8b-e8398e48f67d,Nayna Joshi,this is the best chess game I've played,5,0,,,2025-07-20 12:21:01,,,Chess.com,Google Play,en,us,2026-04-17 17:55:05,2025-07-15
4bd8cc4d-d0f4-4f03-aa71-06292276485c,Bharat Garg,The beauty of the move lies not in its appearance but in the thought behind it,5,0,4.8.7-googleplay,4.8.7-googleplay,2025-07-19 20:38:16,Thanks for sharing the passion for chess. We're glad to have you on Chess.com!,2025-07-23 21:54:35,Chess.com,Google Play,en,us,2026-04-17 17:55:05,2025-07-15
44d932e3-c159-4442-8c4a-c8845c7055f9,Deepak Kumar,awesome 😎,4,0,4.8.5-googleplay,4.8.5-googleplay,2025-07-19 20:08:47,"Thanks for your review! If you have suggestions for us on how the Chess.com app could be better, please let us know. We want the app to be worthy of a 5-star rating to you! You can submit feedback at: www.chess.com/support",2025-07-22 23:52:31,Chess.com,Google Play,en,us,2026-04-17 17:55:05,2025-07-15
7c542742-6d7b-4778-91a6-290ef7b4bbdf,Indunil Srimali,nice to start chess,5,0,4.8.8-googleplay,4.8.8-googleplay,2025-07-19 19:04:17,,,Chess.com,Google Play,en,us,2026-04-17 17:55:05,2025-07-15
29b726f2-ea1b-4a18-b2cb-130b3ee0b56b,Sobur Ali,i like chess,5,0,4.8.7-googleplay,4.8.7-googleplay,2025-07-19 10:24:51,,,Chess.com,Google Play,en,us,2026-04-17 17:55:05,2025-07-15
c811bdba-d37d-42c7-b465-cd6248b979c6,Jeff Potts,Exercises your brain!,5,0,4.8.8-googleplay,4.8.8-googleplay,2025-07-18 18:23:48,,,Chess.com,Google Play,en,us,2026-04-17 17:55:05,2025-07-15
7f1e58ea-8f47-4038-a685-fb9a77897dc5,Jiger Patel,BEST CHESS GAME BUT I DIDN'T GET 600 RATING WHEN I DEFEAT JIMMY,5,0,4.8.6-googleplay,4.8.6-googleplay,2025-07-18 17:52:52,Thank you for this feedback. Your personal ratings are established by playing chess against other people online. Here is a quick article with more information: https://support.chess.com/en/articles/8566476-how-do-ratings-work-on-chess-com,2025-07-19 01:36:06,Chess.com,Google Play,en,us,2026-04-17 17:55:05,2025-07-15
a7d6289b-052a-4aa1-ab90-b73e4bdfd249,Amol Ghuge,very nice,5,0,4.8.7-googleplay,4.8.7-googleplay,2025-07-18 17:38:13,,,Chess.com,Google Play,en,us,2026-04-17 17:55:05,2025-07-15
20a64560-1c09-4b46-bae6-642aac86842a,won wony,fun and also great way to practice on bed instead of slouching on a chair,5,0,4.8.7-googleplay,4.8.7-googleplay,2025-07-18 16:50:01,,,Chess.com,Google Play,en,us,2026-04-17 17:55:05,2025-07-15
04b3cf92-3079-4e5a-a37d-f2035e3ebc38,Sinija Shihas,Outstandingly perfect,5,0,4.8.7-googleplay,4.8.7-googleplay,2025-07-18 15:47:56,We're glad you think the Chess.com app is perfect. Thank you for your comment!,2025-07-19 01:34:40,Chess.com,Google Play,en,us,2026-04-17 17:55:05,2025-07-15
302485e0-9f3b-47f0-91a4-bc9726e49ff5,Aung Kaung Set,all star,5,0,4.8.7-googleplay,4.8.7-googleplay,2025-07-18 06:23:59,,,Chess.com,Google Play,en,us,2026-04-17 17:55:05,2025-07-15
5682eb84-f719-45cf-96aa-eb66de9319bb,Mohotasim Fuwad,"I can't log in with google. Whenever I try to log in with google it shows me ,""Sorry,we are having trouble logging in with your google account.""Tho I am already logged into my windows using google. Honorable mention my google account is supervised by my parents Google id.((I fixed it on my own))",2,0,4.8.8-googleplay,4.8.8-googleplay,2025-07-17 20:56:58,"We're glad that problem logging in via Google has been resolved. If there's anything else at all we can help you with in on Chess.com, please visit: www.chess.com/support",2025-07-19 01:10:36,Chess.com,Google Play,en,us,2026-04-17 17:55:05,2025-07-15
7c955e08-93f3-4f79-9599-d37d9d96a900,Bongani,"Awesome platform to play chess, try it out.",5,0,4.8.7-googleplay,4.8.7-googleplay,2025-07-17 16:14:56,We're glad you like the Chess.com app. Thank you for your 5 star review!,2025-07-17 23:50:21,Chess.com,Google Play,en,us,2026-04-17 17:55:05,2025-07-15
e6569ada-60d6-4b12-b8df-6bfe43a4ae28,Joandry Perrine,best chess app,5,0,4.8.7-googleplay,4.8.7-googleplay,2025-07-17 07:55:50,,,Chess.com,Google Play,en,us,2026-04-17 17:55:05,2025-07-15
6ceccf33-2364-4e28-b0e3-dd6375b34966,Abderrahim Salhi,too expensive,1,0,4.8.6-googleplay,4.8.6-googleplay,2025-07-16 20:17:50,"Thank you for this feedback. If you're interested in Premium membership, we offer three different membership plans at both annual or monthly rates, so there is an option for every budget! If you'd like to test out the amazing training features like video Lessons and Game Review, don't forget we offer a free trial!",2025-07-17 18:30:51,Chess.com,Google Play,en,us,2026-04-17 17:55:05,2025-07-15
30165e9e-3fe1-4e7a-9628-7695e3ab12da,Amongooser,does what it needs to do and adds more useful and fun features so it doesn't get boring.,5,0,4.8.7-googleplay,4.8.7-googleplay,2025-07-16 20:00:15,Thank you for this feedback. We'll keep adding great new features and optimizing existing ones. Thanks for choosing Chess.com!,2025-07-17 23:39:48,Chess.com,Google Play,en,us,2026-04-17 17:55:05,2025-07-15
1c0e335d-6fcc-4f23-b40f-3f6d8efe5c2d,Ani B,Too slow speed It hanged most of the time. After 6 years also the same problem. too slow.even after updating time to time,1,1,4.8.7-googleplay,4.8.7-googleplay,2025-07-15 15:54:04,"Sorry for the difficulties! We are working on major server expansions to continue to optimize connectivity for our players around the world. In the meantime, if the problem persists after verifying your network connection, please visit this link for further assistance: www.chess.com/support",2025-07-16 17:27:00,Chess.com,Google Play,en,us,2026-04-17 17:55:05,2025-07-15
6490fdd1-684d-4099-a52e-1f5e4225fc61,Nagula Vaishali,great best,5,0,4.8.6-googleplay,4.8.6-googleplay,2025-07-15 12:22:32,,,Chess.com,Google Play,en,us,2026-04-17 17:55:05,2025-07-15
cd8384a1-8ba3-497e-a955-82b85f717b9a,Ruveta Phuswuo,it really help me to learn chess quickly.,5,0,4.8.1-googleplay,4.8.1-googleplay,2025-07-14 22:46:52,Chess is the gymnasium for the mind. Thanks for choosing Chess.com!,2025-07-14 23:39:21,Chess.com,Google Play,en,us,2026-04-17 17:55:05,2025-07-08
175c384d-bb8c-4ad1-87ba-96d8ca7d80e2,D Quiney,a stalemate should be declared after 10 moves not 50.,1,0,4.8.5-googleplay,4.8.5-googleplay,2025-07-14 04:59:39,"There can be some surprising ways to achieve a draw in chess. Besides a draw by agreement, there are also draws by stalemate, threefold repetition, or insufficient material. Please take a look at this article for in-depth explanations of each type of draw: www.chess.com/terms/draw-chess",2025-07-14 23:12:01,Chess.com,Google Play,en,us,2026-04-17 17:55:05,2025-07-08
76aae4d5-e1e1-4402-aa03-5c0330f3208c,Christopher Padua Laude,awesome,5,0,4.8.6-googleplay,4.8.6-googleplay,2025-07-13 18:51:07,,,Chess.com,Google Play,en,us,2026-04-17 17:55:05,2025-07-08
d4185c02-cfbf-45bd-9f23-fcc1a055de25,Sibte,Great game ever,5,0,4.8.6-googleplay,4.8.6-googleplay,2025-07-13 18:43:40,,,Chess.com,Google Play,en,us,2026-04-17 17:55:05,2025-07-08
dede7134-b1c4-43ab-b257-f675d774727d,João Maurício Burin,"When someone else analyses my game, I no longer can see the game detailed analysis. Pety update, another paywall.",3,0,4.8.6-googleplay,4.8.6-googleplay,2025-07-13 18:32:29,"Thank you for this feedback. You can have unlimited game analysis with Platinum or Diamond membership! Basic members can still do one analysis per day, and we offer a free 7-day free Diamond membership trial if you'd like to test out unlimited Game Review.",2025-07-13 19:44:29,Chess.com,Google Play,en,us,2026-04-17 17:55:05,2025-07-08
d9244049-ee44-44e8-9755-09ed5d54f835,Rajdeep Kandar,very nice...classic feeling...good sound effects...overall great!,5,0,4.8.6-googleplay,4.8.6-googleplay,2025-07-13 14:36:05,We're glad you like the Chess.com app. Thank you for your 5 star review!,2025-07-17 19:51:03,Chess.com,Google Play,en,us,2026-04-17 17:55:05,2025-07-08
00a96caa-3479-4881-95f3-5658213da50f,Rakesh,disabled my fair account for no reason,1,0,,,2025-07-13 14:01:26,"If your account has been disabled, please check your email inbox for a closure notice with an explanation about your Chess.com account status and how to proceed. You may visit this link for further assistance: www.chess.com/support",2025-07-13 16:24:29,Chess.com,Google Play,en,us,2026-04-17 17:55:05,2025-07-08
013df21f-b729-4dae-b8f8-319bd8a3d3b5,JISHNU MANNA,this is the probably the best chess game though I don't exactly like It in game purchases same with this game but still without premium everything rather than more bots and skins this game is free and one of the only game with muiltiplayer feature though I would be happy also if the circles of where is the pieces of going to were of a brighter like green colour and when there is check something I don't even notice so add a warning when there is check and which piece is doing it overall great!,5,0,4.8.6-googleplay,4.8.6-googleplay,2025-07-13 11:55:24,"Thank you for this detailed feedback. We're working to add these options for more Themes and in-game check warnings on the app. Make sure to take advantage of the free premium membership trial if you haven't already. You can test out all the training tools we have to offer on Chess.com, for free!",2025-07-17 19:49:14,Chess.com,Google Play,en,us,2026-04-17 17:55:05,2025-07-08
a1388e32-09f3-4950-9b4b-046f9b270eaa,Joseph Catapang,I like playing with my self,4,0,4.8.5-googleplay,4.8.5-googleplay,2025-07-11 15:31:26,"Thanks for your review! If you have suggestions for us on how the Chess.com app could be better, please let us know. We want the app to be worth 5 stars for you! You can submit feedback at: www.chess.com/support",2025-07-11 18:03:32,Chess.com,Google Play,en,us,2026-04-17 17:55:05,2025-07-08
c64a602d-29c4-49a5-820c-1c894f13fb28,Evander Jonathan,sometimes I always got black,1,0,4.8.6-googleplay,4.8.6-googleplay,2025-07-11 15:17:00,"Your color in the game is selected randomly. However, canceling games frequently with one color will result in the system pairing you with that color more often. You can choose your color in unranked games, games versus Friends, or in games versus the Bots!",2025-07-11 17:25:32,Chess.com,Google Play,en,us,2026-04-17 17:55:05,2025-07-08
9787d11b-bcf2-4e74-bef9-160306de6753,Tinovonga Dindingwe,Next level experience,5,0,4.8.6-googleplay,4.8.6-googleplay,2025-07-10 09:16:53,,,Chess.com,Google Play,en,us,2026-04-17 17:55:05,2025-07-08
ce4a00e6-f5cd-4246-a262-2dee51f4485c,Oscar Ellerbe,Hands down the best chess app available.,5,0,4.8.6-googleplay,4.8.6-googleplay,2025-07-10 01:55:28,We're glad you think the Chess.com app is the best. Thank you for your review!,2025-07-11 18:12:29,Chess.com,Google Play,en,us,2026-04-17 17:55:05,2025-07-08
658ee6b9-3d1f-4f8d-a5fe-60611b9ea5fa,Aymane bay,professional,5,0,4.8.6-googleplay,4.8.6-googleplay,2025-07-09 23:32:23,,,Chess.com,Google Play,en,us,2026-04-17 17:55:05,2025-07-08
561e8f40-480d-485d-90e7-dad298359058,YĒẞH ẞHÅRMÃ,I started playing chess from this app and now I'm a state level player. Thank you so much for this change in my life,5,0,4.8.6-googleplay,4.8.6-googleplay,2025-07-09 17:28:09,Amazing progress! Keep taking your chess skills to the next level on Chess.com!,2025-07-09 18:44:10,Chess.com,Google Play,en,us,2026-04-17 17:55:05,2025-07-08
f7eb6e3f-8f57-4dbf-b390-91b7ec8ca227,KULDIP JAWARE,Great app.....,5,0,4.8.3-googleplay,4.8.3-googleplay,2025-07-09 13:43:07,,,Chess.com,Google Play,en,us,2026-04-17 17:55:05,2025-07-08
8dc84956-2e6e-4b14-887f-ea89c1224435,Safwan Moideen,get more friends to play chess in online and also we can play offline with bots,5,0,4.8.3-googleplay,4.8.3-googleplay,2025-07-09 13:28:09,We're glad you're having fun playing chess on the Chess.com app. Thank you for your comment!,2025-07-11 18:15:51,Chess.com,Google Play,en,us,2026-04-17 17:55:05,2025-07-08
8e170fb5-95f8-49f0-baa7-bae3d92bf42b,Kristina Houston,"Fun, helpful, and entertaining. I teach a chess club and encourage my students to use the coach feature. They really enjoy it, and it helps me improve my game as well. 😊👍",5,0,4.8.6-googleplay,4.8.6-googleplay,2025-07-09 13:00:56,"Thanks for an awesome review. It's great to hear you find the tools on Chess.com useful as a teacher, and that your students are enjoying the new Play Coach option. Keep honing your skills and playing great chess!",2025-07-09 18:39:35,Chess.com,Google Play,en,us,2026-04-17 17:55:05,2025-07-08
68ad26bb-c835-48a3-ac18-b1127a71733e,Arsham Sehat,perfect 👌,5,0,4.8.5-googleplay,4.8.5-googleplay,2025-07-09 06:29:05,,,Chess.com,Google Play,en,us,2026-04-17 17:55:05,2025-07-08
216a10b6-f861-4d33-aaef-4a364b41cd77,Esart,play chess recommended,5,0,4.8.6-googleplay,4.8.6-googleplay,2025-07-08 18:12:52,,,Chess.com,Google Play,en,us,2026-04-17 17:55:05,2025-07-08
55ab17c2-b892-4900-8054-4803c1879308,Dallas,add local 2 player so I can play a friend on the same phone across from each other,5,0,4.8.5-googleplay,4.8.5-googleplay,2025-07-08 17:53:41,This is available on the app! Two people can play a local game of chess on the same device using the menu: Play>More>Play in Person. Please give it a try and let us know what you think!,2025-07-08 15:22:13,Chess.com,Google Play,en,us,2026-04-17 17:55:05,2025-07-08
22a738ad-de9e-492a-beb2-ff5e2f527914,Pragti Sisodiya,good game,5,0,,,2025-07-08 11:51:10,,,Chess.com,Google Play,en,us,2026-04-17 17:55:05,2025-07-08
d18c9c3e-227e-421d-80c9-c7b6d66e06af,Krutika Mendjoge,good game,5,0,4.8.3-googleplay,4.8.3-googleplay,2025-07-08 11:42:11,,,Chess.com,Google Play,en,us,2026-04-17 17:55:05,2025-07-08
2743d96a-a948-4e87-9ad1-566f61509a39,Anthony Andrews,"Avoid at all cost. Site is full of cheaters, so you lose more then you should",1,1,4.8.6-googleplay,4.8.6-googleplay,2025-07-08 06:49:35,"Stopping cheating is one of our absolute highest priorities at Chess.com. We know how important this is to keeping the game fair, so we analyze hundreds of millions of games each month using state-of-the-art detection methods. Any account found to be cheating is immediately closed: www.chess.com/article/view/chesscom-update-june-2025#FairPlay",2025-07-08 15:04:54,Chess.com,Google Play,en,us,2026-04-17 17:55:05,2025-07-08
c783f141-2cbc-4260-b543-c46c6da90754,erich ps,server is troublesome..,3,0,4.8.6-googleplay,4.8.6-googleplay,2025-07-07 19:52:39,"Sorry for the interruption! Near the time of your review we experienced a server outage, but we acted quickly to resolve it. If you're still experiencing any connection issues on the app, please visit this link for help: www.chess.com/support",2025-07-07 21:15:53,Chess.com,Google Play,en,us,2026-04-17 17:55:05,2025-07-01
d46fba22-5182-464f-95a8-072f50ff4a6d,PD Dhar,l was not able to login not good respose,1,0,,,2025-07-07 15:21:27,"Please try resetting your password on the login screen. If that doesn't work, visit this link for assistance, and we'll help you get back on Chess.com as soon as possible: www.chess.com/support",2025-07-07 21:29:56,Chess.com,Google Play,en,us,2026-04-17 17:55:05,2025-07-01
509a09ff-f8e5-42b4-81e8-1885182eeeab,erfan roghani,I am addicted to this game. helllp,5,0,4.8.5-googleplay,4.8.5-googleplay,2025-07-07 01:29:30,"Chess can be very absorbing by nature, so it's important to take breaks sometimes! On most Android devices there is an option to set time limits for app usage. Tap on: Settings > Digital Wellbeing > Chess > Set timer. If you'd like to discuss healthy gameplay habits or share suggestions visit: www.chess.com/support",2025-07-08 17:39:25,Chess.com,Google Play,en,us,2026-04-17 17:55:05,2025-07-01
308f9039-131b-47d8-b5ae-ca9571880592,Angelo Mnisi,perfect app for chess players,5,0,,,2025-07-06 23:17:22,We're glad you think the Chess.com app is perfect. Thank you for your comment!,2025-07-08 17:38:24,Chess.com,Google Play,en,us,2026-04-17 17:55:05,2025-07-01
4c2a2ad1-97bb-422a-924b-88860232604f,Scor gaming YT,* I think there is need to give some free courses of chess because this game of chess not play only adult there are many children to play this game and reason also some lack of money but i also love this game*,5,0,4.8.3-googleplay,4.8.3-googleplay,2025-07-06 10:10:27,"Thank you for this feedback. With a free account you can complete one video Lesson per week, but all Lessons are unlocked with any level of Premium membership. We offer a free 7-day membership trial if you'd like to try out unlimited Lessons!",2025-07-08 17:30:28,Chess.com,Google Play,en,us,2026-04-17 17:55:05,2025-07-01
8fa84831-45c7-49a2-a637-6edab695ac08,SANDHYA TIWARI,The best thing I saw,5,0,4.8.5-googleplay,4.8.5-googleplay,2025-07-06 04:50:13,,,Chess.com,Google Play,en,us,2026-04-17 17:55:05,2025-07-01
e13a8874-adfa-4148-a288-374ae5d16401,Gobinda Sutradhar,very good app for learning and playing chess,5,0,,,2025-07-05 10:34:37,,,Chess.com,Google Play,en,us,2026-04-17 17:55:05,2025-07-01
53ba4685-fed4-4287-98df-1f97de8d504e,Krish Krish,it is great chess training game,5,0,4.8.2-googleplay,4.8.2-googleplay,2025-07-04 17:15:27,,,Chess.com,Google Play,en,us,2026-04-17 17:55:05,2025-07-01
6eb5f4fa-73aa-4ebe-b0c8-eb3b7384245a,bikram tamang,it's the bestest app,5,0,4.8.5-googleplay,4.8.5-googleplay,2025-07-04 05:17:29,,,Chess.com,Google Play,en,us,2026-04-17 17:55:05,2025-07-01
ecb16150-a88b-47b5-8629-a0cf20909c21,XeopsClann,"Overall Good But 1 problem. On Mobile, After the game ends and when i click ""x"" to close the game review, it goes back to the starting position of the game which is frustrating because it needs to stay at finished position after the game. (whether its checkmate stalemate draw or etc.) But instead it takes itself to starting position and then i have to manually resort to the finishing position by tapping move orders above. Please Fix this issue. The game needs to stay at the finish when it ends.",5,0,,,2025-07-03 20:34:06,Thank you for this detailed feedback. It makes sense that you would prefer the game to remain at the end position after closing the Game Review or the post-game display. We'll look into this!,2025-07-04 16:39:52,Chess.com,Google Play,en,us,2026-04-17 17:55:05,2025-07-01
0c9a86af-d37b-433b-8b09-e305168c0444,Verin Rao,some things should be changed. before updating the we use them . like before we use self analysis game after win / losse .,5,0,4.8.5-googleplay,4.8.5-googleplay,2025-07-03 16:26:13,"Self-Analysis is still available! After your game ends, simply close out the game result overlay, then tap on the magnifying glass icon at the top right of the screen to open Self-Analysis. If you had a different concern or a suggestion for us, please submit feedback at: www.chess.com/support",2025-07-04 16:35:49,Chess.com,Google Play,en,us,2026-04-17 17:55:05,2025-07-01
be6bcb98-1007-4f64-b928-fb31a9c9ab74,Sonu Dhandiya,good game,5,0,4.8.3-googleplay,4.8.3-googleplay,2025-07-03 16:24:12,,,Chess.com,Google Play,en,us,2026-04-17 17:55:05,2025-07-01
abc5b0b6-bf15-4df2-974e-4ded4852562a,Benyamin Paamon,why do you have to pay for everything and why do the bots just make the same move that is so bad. its almost a good game,1,0,4.8.5-googleplay,4.8.5-googleplay,2025-07-03 11:43:08,"We have more than 80 chess Bots to play against, and they have unique playing styles and difficulty levels. If you'd like to try out unlimited Bots along with other great features like Lessons and Game Review, there is a free trial, and we're currently offering a 50% discount on all Premium memberships!",2025-07-03 23:40:44,Chess.com,Google Play,en,us,2026-04-17 17:55:05,2025-07-01
4ea7c10a-52f0-40e0-b2a2-6edab2068c80,Kourosh,great app,5,0,4.8.1-googleplay,4.8.1-googleplay,2025-07-01 23:24:39,,,Chess.com,Google Play,en,us,2026-04-17 17:55:05,2025-07-01
1bd1bf9b-ffe0-417c-88ef-14493280d377,Hermatone Krop,Very nice app. if only you added more payment options apart from card. Preferably MPESA and Airtel money,5,0,4.8.5-googleplay,4.8.5-googleplay,2025-07-01 08:24:47,"Thank you for this feedback. Additional payment methods are available when subscribing on the Chess.com website. Here is a link to our membership page if you're interested: www.chess.com/membership. By the way, for our Summer Sale we're currently offering a 50% discount on all Premium memberships!",2025-07-01 18:33:41,Chess.com,Google Play,en,us,2026-04-17 17:55:05,2025-07-01
d6257ca7-0983-428c-8f1d-e9a9aa89ff28,Jonathan Denton,Good puzzles and great platform to play a lot of chess...,5,0,4.8.5-googleplay,4.8.5-googleplay,2025-07-01 06:32:04,We're glad you're having fun playing chess and solving puzzles on the Chess.com app. Thank you for your comment!,2025-07-01 18:30:02,Chess.com,Google Play,en,us,2026-04-17 17:55:05,2025-07-01
ce7c84b4-25a2-4fe4-b970-207984bdee79,sulaiman mukhtar,chess variants like crazy house will be a nice addition on mobile too,5,0,4.7.1-googleplay,4.7.1-googleplay,2025-07-01 05:21:42,"Thank you for this feedback. We hope to add variants like Crazyhouse in the future! In the meantime, you can play Chess 960 on the app using the menu: Play > More >Custom > Standard > Chess 960",2025-07-01 18:28:48,Chess.com,Google Play,en,us,2026-04-17 17:55:05,2025-07-01
b4332d07-b484-4ae7-a7fe-856335e50e84,Prince Ntombela,"This app is so great when it comes to puzzles and meeting people, just perfect, thank you chess. Com",5,0,4.8.3-googleplay,4.8.3-googleplay,2025-07-01 03:11:09,We're glad you're having fun solving chess puzzles and meeting people on the Chess.com app. Thank you for your comment!,2025-07-01 18:26:29,Chess.com,Google Play,en,us,2026-04-17 17:55:05,2025-07-01
69da7a46-5aa1-4aa3-9cba-b33f010f7afc,Alfie Barrow,very nice,5,0,,,2025-06-30 22:19:48,,,Chess.com,Google Play,en,us,2026-04-17 17:55:05,2025-06-24
212ef22e-5081-41ad-9607-78bf1cb02953,Vernon Daigle,"don't get the app, online is better",3,0,4.8.3-googleplay,4.8.3-googleplay,2025-06-30 22:05:05,"If you're experiencing any issues with the Chess.com app or have any suggestions for us, we are here to help! Please visit this link for assistance: www.chess.com/support",2025-07-01 17:24:47,Chess.com,Google Play,en,us,2026-04-17 17:55:05,2025-06-24
40836586-3b16-4bbf-be0e-62d2b60a756e,Jatin Kumar,These chess games are brilliant The game is 2D but hard matches help you to improve your game,4,0,4.8.3-googleplay,4.8.3-googleplay,2025-06-30 19:50:27,"We're glad you're enjoying playing and improving your chess skills on Chess.com. Make sure to try out the Staunton chess board theme, which is a 3D design! You can find it by tapping on More > Themes > Staunton.",2025-07-01 17:57:07,Chess.com,Google Play,en,us,2026-04-17 17:55:05,2025-06-24
671e9834-9590-4478-a28f-6dc2c50c5893,Oana-Roxana Matei,Love it it's usfel,5,0,4.8.5-googleplay,4.8.5-googleplay,2025-06-30 19:37:37,,,Chess.com,Google Play,en,us,2026-04-17 17:55:05,2025-06-24
9ec85dca-a5af-4413-8690-92b06a6b6ff7,Talal Haddara,تطبيق رائع,5,0,4.8.3-googleplay,4.8.3-googleplay,2025-06-30 16:14:38,,,Chess.com,Google Play,en,us,2026-04-17 17:55:05,2025-06-24
f98de23d-3b2d-4b66-b1d6-eb60a64aa10f,Vijay Kumar,atleast 5 free game analysis,3,0,4.8.5-googleplay,4.8.5-googleplay,2025-06-30 15:21:59,"Thank you for this feedback. If you'd like to try out unlimited Game Review, we offer a free trial. For our Summer Sale we're currently offering a 50% discount on all Premium memberships!",2025-06-30 16:25:03,Chess.com,Google Play,en,us,2026-04-17 17:55:05,2025-06-24
c90cee72-594e-4386-86b2-6b1cfa7c7eff,Murali Krishnan,i am playing stone tier puzzle. there's a bug after 8th stage there is no task message just shows black or white without task i cannot play right move. kindly check it,1,0,4.8.5-googleplay,4.8.5-googleplay,2025-06-30 09:49:01,"Sorry for the difficulties with your Puzzle tier getting stuck. If the problem persists after reinstalling the app, please submit a bug report at: www.chess.com/support. We'll review your report and work to resolve any error as soon as possible.",2025-06-30 16:32:10,Chess.com,Google Play,en,us,2026-04-17 17:55:05,2025-06-24
f989ddf1-2f4b-4e3a-9451-1845ef919705,Pannaben Sadhu,best game,5,0,4.8.0-googleplay,4.8.0-googleplay,2025-06-30 08:11:51,,,Chess.com,Google Play,en,us,2026-04-17 17:55:05,2025-06-24
83bba5b3-4382-4cb1-af68-927a18a5bd1b,Kiruban Shan,Game Ratings Are Oneside Decision&Fake,1,1,4.8.3-googleplay,4.8.3-googleplay,2025-06-30 06:33:27,"With the rating system on Chess.com, your rating evolves over time as a function of wins, losses and draws relative to opponents' ratings. This lets you track your progress over time and allows you to find equally matched-opponents. Check out this article for more info: support.chess.com/en/articles/8566476-how-do-ratings-work-on-chess-com",2025-06-30 17:01:30,Chess.com,Google Play,en,us,2026-04-17 17:55:05,2025-06-24
08f83126-2b50-4a69-820f-796f049f260c,Derek Kormendy,cant chat other then that best chess app available,1,0,4.8.3-googleplay,4.8.3-googleplay,2025-06-30 03:07:30,"This may relate to account activation, which is required to be able to chat or send friend requests. Check out this quick article for information on how to activate your account: https://support.chess.com/en/articles/9834467-how-can-i-activate-my-account",2025-06-30 16:40:21,Chess.com,Google Play,en,us,2026-04-17 17:55:05,2025-06-24
827ef017-ee10-46d9-94c5-6ad8afbb5642,Aishmit Mekap,very good app,5,0,4.8.2-googleplay,4.8.2-googleplay,2025-06-30 02:15:45,,,Chess.com,Google Play,en,us,2026-04-17 17:55:05,2025-06-24
c9156b63-d5ac-4695-8bd6-ff8e99a75467,Miura Terry,I don't like how it has one lesson a day everyday and you can only do one. What if I'm a noob and don't know how to play? I'll have to wait for lessons everyday! That's just annoying when you want to jump in but can't because you don't know how.,2,2,4.8.3-googleplay,4.8.3-googleplay,2025-06-30 00:40:05,"If you're just picking up chess, we offer free video lessons that teach you the rules and setup of the game. You can check those out in the menu: Learn > Lesson Library > Guide > New to Chess. To unlock all Lessons, we offer a free trial, and there is a 50% discount on all Premium memberships for our Summer Sale!",2025-06-30 16:45:10,Chess.com,Google Play,en,us,2026-04-17 17:55:05,2025-06-24
8f80d5db-2c24-4a10-857f-f3b26664d00c,Prabhjeet Singh,good for students,5,0,4.8.3-googleplay,4.8.3-googleplay,2025-06-30 00:00:24,,,Chess.com,Google Play,en,us,2026-04-17 17:55:05,2025-06-24
f6c8af64-380c-42c3-944d-0956d24358a4,M7MOOD AS GAMERS,why did you go for the free queen? when you can clearly see checkmate in 17,1,0,4.8.4-googleplay,4.8.4-googleplay,2025-06-29 23:32:58,"If you're experiencing any issues with the Chess.com app or have any suggestions for us, we are here to help! Please visit this link for assistance: www.chess.com/support",2025-06-30 16:45:16,Chess.com,Google Play,en,us,2026-04-17 17:55:05,2025-06-24
5a6abf25-95a9-46f2-bb98-7c5b2bffddbf,Marvel Manalu,gg catur,5,0,4.8.5-googleplay,4.8.5-googleplay,2025-06-29 18:37:30,,,Chess.com,Google Play,en,us,2026-04-17 17:55:05,2025-06-24
2fb569e9-ff81-48f5-b60e-ddee9d334bf8,Narender Kumar,very good app for becoming like magnus lol,5,0,,,2025-06-29 16:53:06,We're glad that the Chess.com app has helped you improve your chess skills. Thanks for your review!,2025-06-29 21:48:05,Chess.com,Google Play,en,us,2026-04-17 17:55:05,2025-06-24
69a80473-2683-4458-bddc-28b400f77893,Atharv Munde,my chess teacher,5,0,4.8.3-googleplay,4.8.3-googleplay,2025-06-29 16:26:33,,,Chess.com,Google Play,en,us,2026-04-17 17:55:05,2025-06-24
77e381c5-1808-43bb-8717-3c89b23c38e3,Alexander Royal,nice 👍,5,0,,,2025-06-29 07:19:17,,,Chess.com,Google Play,en,us,2026-04-17 17:55:05,2025-06-24
dedc560d-e8b7-48f6-87e3-789175baafa9,chandrakanti kumari,gooooooddddd,5,0,4.8.5-googleplay,4.8.5-googleplay,2025-06-29 07:10:20,,,Chess.com,Google Play,en,us,2026-04-17 17:55:05,2025-06-24
43da7351-04ed-4d90-8ee3-7d7771995263,Yassine Qebouche,great when bored,5,0,4.8.3-googleplay,4.8.3-googleplay,2025-06-29 00:37:15,,,Chess.com,Google Play,en,us,2026-04-17 17:55:05,2025-06-24
7c17c5a5-db31-4496-9503-e371a613a0a2,My View Studios,my time running very fast,4,0,4.8.0-googleplay,4.8.0-googleplay,2025-06-28 18:14:09,"Sorry for the difficulties! Issues with the game clock can occur due to latency. Please try deleting and reinstalling the app, and if the latency continues, visit this link for further assistance: www.chess.com/support",2025-06-30 17:26:47,Chess.com,Google Play,en,us,2026-04-17 17:55:05,2025-06-24
2b3d7c39-18e0-46f2-8a02-24b848296d9f,Thanush Menon,good chass,5,0,,,2025-06-28 15:47:13,,,Chess.com,Google Play,en,us,2026-04-17 17:55:05,2025-06-24
8ff9ec78-65a5-42ad-9b1f-df1a85eef0cd,Priyamvada,Very good,5,0,,,2025-06-28 13:33:02,,,Chess.com,Google Play,en,us,2026-04-17 17:55:05,2025-06-24
eff73cd4-d691-464c-afef-1f64857d9e8a,niceth james maningo,I learned alot from this is game made me a champion and I will never forget that thank you for the app I never have been a champion without it this app is where I fist started playing chess I still remember it hehe I wish I can go back to the days and again thank you so much,5,0,4.6.40-googleplay,4.6.40-googleplay,2025-06-28 12:47:30,"Thanks for an awesome review. We're glad you're enjoying Chess.com, and keep taking your chess skills to the next level!",2025-06-30 18:12:09,Chess.com,Google Play,en,us,2026-04-17 17:55:05,2025-06-24
c2a310a6-7349-43f0-ab04-cf3186977471,Anuj,it feel better when i play chess.,4,0,4.8.3-googleplay,4.8.3-googleplay,2025-06-28 12:10:22,"Thanks for your review! If you have suggestions for us on how the Chess.com app could be better, please let us know. We want the app to be worth 5 stars for you! You can submit feedback at: www.chess.com/support",2025-06-30 17:31:51,Chess.com,Google Play,en,us,2026-04-17 17:55:05,2025-06-24
f8cd48fd-6e1f-429f-b8b8-e0a2b3111568,Ester Nalishebo,it's not bad,3,0,4.7.7-googleplay,4.7.7-googleplay,2025-06-28 10:48:39,Thanks for your comment. If you have feedback for us or suggestions on how the Chess.com app could be better please let us know. We want the app to be worth 5 stars for you!,2025-06-29 14:20:32,Chess.com,Google Play,en,us,2026-04-17 17:55:05,2025-06-24
e705ad7b-560f-4055-94ed-54c672a24627,Shashwat's World,"its good,but its a bit p2w for better service,which i kinda hate",5,0,,,2025-06-28 09:55:07,"For our Summer sale, we're currently offering a 50% discount on all Premium memberships! If you're interested, you can subscribe by tapping on the Membership option right in the Chess.com app. This promotion is only available for a limited time, so make sure to sign up before it's too late!",2025-06-30 18:09:43,Chess.com,Google Play,en,us,2026-04-17 17:55:05,2025-06-24
aefe602b-7246-4ba8-b0ee-699e1bdc1107,Eduardo Calle Huamantinco,"Nice game, when do you upload the second one.",5,0,4.8.3-googleplay,4.8.3-googleplay,2025-06-27 17:23:21,"Thank you for your comment. It's possible to play Chess 960 on the app, which is a fun variant where the starting position is randomized. This option can be found in the menu: Play > More >Custom > Standard > Chess 960.",2025-06-27 23:28:07,Chess.com,Google Play,en,us,2026-04-17 17:55:05,2025-06-24
80461a12-e8ca-434f-a249-36ef3f189d2f,Siamak Khoshniat (Aralon),very nice,5,0,4.8.3-googleplay,4.8.3-googleplay,2025-06-27 04:09:51,,,Chess.com,Google Play,en,us,2026-04-17 17:55:05,2025-06-24
dabcc4db-06ca-45d8-8604-518883ee6b81,Cliff Close,It's pay to win in an annoying way.,4,0,4.8.3-googleplay,4.8.3-googleplay,2025-06-27 02:19:33,"We offer premium subscriptions, but with a free account you'll still have limited access to Puzzles, Lessons, and Game Review, and playing chess on Chess.com will always be free. There is a also a free trial if you'd like to test out unlimited training features, and we're currently offering a 50% discount on all membership plans!",2025-06-27 22:37:51,Chess.com,Google Play,en,us,2026-04-17 17:55:05,2025-06-24
2703073c-9101-43c1-9bae-325454873c91,nilesh suryawanshi,This is a very nice app ..,5,0,4.8.4-googleplay,4.8.4-googleplay,2025-06-26 19:03:30,,,Chess.com,Google Play,en,us,2026-04-17 17:55:05,2025-06-24
ea7879da-98c6-4619-ad32-80fbabb0afc2,عبدالعزيز المدني,للتحليل يجب أن تشترك حركة خبيثة,3,0,4.8.3-googleplay,4.8.3-googleplay,2025-06-26 17:12:56,نحن هنا لمساعدتك في حل أي مشكلة تواجهها في تطبيق Chess.com، أو إذا كانت لديك اقتراحات لنا! يرجى الاتصال بنا وسنرد عليك في أقرب وقت ممكن: www.chess.com/support,2025-06-27 22:05:06,Chess.com,Google Play,en,us,2026-04-17 17:55:05,2025-06-24
0dfe8fb3-3b82-4783-982c-d364d220c396,Peter Kovacs,"While you're still learning chess and just starting out, I’d strongly recommend avoiding this app. It’s not well moderated, so if you're rated around 400, you'll frequently run into cheaters or much stronger players rated over 800 who will easily overwhelm you. Playing as a guest makes it even worse. It honestly feels like players rated over 1000 are just here to boost their egos by dominating complete beginners. Pretty pathetic.",1,4,,,2025-06-26 16:52:15,"Stopping cheating is one of our absolute highest priorities at Chess.com. We know how important this is to keeping the game fair, so we analyze hundreds of millions of games each month using state-of-the-art detection methods. Any account found to be cheating is immediately closed: www.chess.com/article/view/chesscom-update-june-2025#FairPlay",2025-06-27 22:06:25,Chess.com,Google Play,en,us,2026-04-17 17:55:05,2025-06-24
b17b9f80-d657-43ef-84fc-258a54c3d84e,Jay Baraiya,GOOD GAME. 👍,4,0,4.8.1-googleplay,4.8.1-googleplay,2025-06-26 15:04:28,"Thanks for your review! If you have suggestions for us on how the Chess.com app could be better, please let us know. We want the app to be worth 5 stars for you! You can submit feedback at: www.chess.com/support",2025-06-27 22:50:27,Chess.com,Google Play,en,us,2026-04-17 17:55:05,2025-06-24
cc053ecf-71f4-44c5-8390-4a4bad2cb726,Ratna Saha,I am very pleased with this game. This is the best game for development intelligence. This app taught chess very beautifully.,5,0,4.8.3-googleplay,4.8.3-googleplay,2025-06-26 13:25:43,Chess is the gymnasium for the mind. Thanks for choosing Chess.com!,2025-06-27 23:00:39,Chess.com,Google Play,en,us,2026-04-17 17:55:05,2025-06-24
88d97334-3a39-47f1-949b-b382103ea22a,Bakare Adewale,"Very horrible app, auto-resigns you when you're winning, too many glitches that makes playing games on it deeply regrettable.",1,0,4.6.31-googleplay,4.6.31-googleplay,2025-06-26 13:00:20,"Sorry for the difficulties! A game may end early if a disconnection occurs. If that's happening frequently, please try deleting and reinstalling the app, as well as confirming the stability of the Wifi or data connection. For further assistance, visit: www.chess.com/support",2025-06-27 22:11:37,Chess.com,Google Play,en,us,2026-04-17 17:55:05,2025-06-24
5e706191-859b-48a5-a1c3-90f924507a96,Prevhal Ramsaran,"editing my review as i got feedback, i only want to delete games from facing other players, games against bot is fine, but seeing the loses everytime you log in sucks, add a feature to show or not show the archive",1,0,4.8.3-googleplay,4.8.3-googleplay,2025-06-25 15:04:16,Thank you for this feedback. We'll consider adding a setting to allow players to hide the game archive on their homepage.,2025-06-26 00:26:57,Chess.com,Google Play,en,us,2026-04-17 17:55:05,2025-06-24
4f869f2c-b6fe-402e-8ce7-4b0d959b34f1,Berouas Ider,"they banned your account just because people get mad they lost or you are actually a good player, so watch out, don't put any money on this app. I sent an appeal, and I didn't get a response, they asking to admit and creat new account or im permently banned, which is not True I'm just good player who playing chess for 15years now",1,0,4.8.1-googleplay,4.8.1-googleplay,2025-06-24 22:32:55,"We only close accounts when a violation of our policies has been detected. However, if you believe your account was closed in error, you can contest the closure by submitting this appeal form: https://go.chess.com/fair-play-appeal",2025-06-23 23:09:53,Chess.com,Google Play,en,us,2026-04-17 17:55:05,2025-06-24
e262ffef-5af3-44fe-a02d-aaec6cf333ca,Soumik Ghosh,now it has become too money minded everything is now requiring a payment,4,0,4.8.2-googleplay,4.8.2-googleplay,2025-06-24 20:57:19,"We offer premium subscriptions, but with a free account you'll still have limited access to Puzzles, Lessons, and Game Review, and playing chess on Chess.com will always be free. There is a also a free trial if you'd like to test out unlimited training features!",2025-06-24 21:54:55,Chess.com,Google Play,en,us,2026-04-17 17:55:05,2025-06-24
178d0b6d-6306-43ad-acbf-f629a372ec94,yabsera bruk,best app to learn chess.,5,0,4.8.2-googleplay,4.8.2-googleplay,2025-06-24 20:22:01,,,Chess.com,Google Play,en,us,2026-04-17 17:55:05,2025-06-24
acdda5e2-7261-4f6a-8944-3fd56ea1e3e5,El-shaddai Adejuwon,If the game doesn't have strong servers why the heck would you include Auto resign. Do you have any idea how annoying it is to lose back to back because of Auto resign. even in cases were you can still clearly win within 2min,2,0,4.8.2-googleplay,4.8.2-googleplay,2025-06-24 17:51:00,"Sorry for the trouble! We're constantly working on server optimizations to offer stable connectivity for players around the world. Please try deleting and reinstalling the app, and you can visit this link for further assistance: www.chess.com/support",2025-06-24 17:57:40,Chess.com,Google Play,en,us,2026-04-17 17:55:05,2025-06-24
15fd3c5d-9fa7-4245-bd92-ec600d09ed4e,Ramsa Pali,intresting game,5,0,4.8.2-googleplay,4.8.2-googleplay,2025-06-24 15:44:44,,,Chess.com,Google Play,en,us,2026-04-17 17:55:05,2025-06-24
cd040648-511b-4543-9eec-e83bde077cbc,Shalu Jain,best for learning and become gm in chess,5,0,4.6.25_oldLcc-googleplay,4.6.25_oldLcc-googleplay,2025-06-24 13:52:49,,,Chess.com,Google Play,en,us,2026-04-17 17:55:05,2025-06-24
278bcbf6-d544-4e5b-983e-5f901e0b964f,Md shahadat,"this app is very good for beginner chess player. cuz, Its have many way to learning chess and analysing.",5,0,4.8.2-googleplay,4.8.2-googleplay,2025-06-24 09:04:41,Thank you for this feedback. Keep taking your chess skills to the next level!,2025-06-25 00:46:03,Chess.com,Google Play,en,us,2026-04-17 17:55:05,2025-06-24
56e8c195-4888-465d-bca9-9594064ce7ff,Vishal Kumar,Best platform for playing chess!,5,0,4.8.2-googleplay,4.8.2-googleplay,2025-06-24 06:12:23,,,Chess.com,Google Play,en,us,2026-04-17 17:55:05,2025-06-24
cd137cd3-7919-4938-b816-0c2e0c5eeb58,Mayuri Paral,testing doesn't grow faster,3,0,4.8.2-googleplay,4.8.2-googleplay,2025-06-24 04:11:59,Please contact us and let us know more about this issue. We're here to help! You can reach our dedicated Support team here: www.chess.com/support,2025-06-24 18:18:35,Chess.com,Google Play,en,us,2026-04-17 17:55:05,2025-06-24
2f807193-7b0e-439a-9a6d-256928b1e3f4,Erjon Gruda,love it,5,0,4.8.2-googleplay,4.8.2-googleplay,2025-06-23 22:26:14,,,Chess.com,Google Play,en,us,2026-04-17 17:55:05,2025-06-17
35f147a2-f960-4b48-94c0-b970f67df066,Yossef Emad,It is a very good game,5,0,4.8.3-googleplay,4.8.3-googleplay,2025-06-23 20:47:44,,,Chess.com,Google Play,en,us,2026-04-17 17:55:05,2025-06-17
706f43d9-7078-4b77-b31e-ceef1ad4c8ca,Frank Devine,The worst kind of chess app in the market. Players are constantly cheating. I don't know how they do it but they are doing it. F5 pawn gets taken by E5 pawn. D4 pawn gets taken by D5 pawn. It is ridiculous. once or twice is acceptable so long as they clear it up. It had happened 4 times in the last 1 week (23.06.25). Take it down playstore.,1,3,4.8.2-googleplay,4.8.2-googleplay,2025-06-23 20:03:43,"This relates to a special move called ""en passant"". It can be very surprising the first time you see it. For more on this unique rule of chess, please take a look at this article: www.chess.com/terms/en-passant",2025-06-23 22:32:22,Chess.com,Google Play,en,us,2026-04-17 17:55:05,2025-06-17
7bf94bcd-09c8-414f-a614-a864ad65391f,Deepika Jain,It's good and also online with no ads,5,0,4.8.2-googleplay,4.8.2-googleplay,2025-06-23 20:01:38,,,Chess.com,Google Play,en,us,2026-04-17 17:55:05,2025-06-17
15e2c345-f184-4248-aeb5-72a54706cb7e,Roman Karki,good way to freak out,5,0,4.8.2-googleplay,4.8.2-googleplay,2025-06-23 15:21:38,,,Chess.com,Google Play,en,us,2026-04-17 17:55:05,2025-06-17
fd202eaf-ee7c-4e14-ac3f-22b37f655bbd,Testaccount,Add more furry bots plz >~<,4,0,,,2025-06-23 08:31:35,"We'll have more fun, featured Bot characters each month. Stay tuned!",2025-06-24 22:04:52,Chess.com,Google Play,en,us,2026-04-17 17:55:05,2025-06-17
595a15a9-34da-41a6-a625-c7fe33e1c219,SALE Balaguravaiah (Balwinraj),It is very frustrating even though it shows and i have a good internet connection while playing online It doesn't even inform the problem and automatically abandon my game and i lost many matches like that please try to fix it,5,0,4.8.2-googleplay,4.8.2-googleplay,2025-06-23 02:49:18,"Sorry for the difficulties! We are working on major server expansions to continue to optimize connectivity for our players around the world. In the meantime, if the problem persists after verifying your network connection, please visit this link for further assistance: www.chess.com/support",2025-06-24 18:36:09,Chess.com,Google Play,en,us,2026-04-17 17:55:05,2025-06-17
b5db111a-8f5e-456e-a8b2-b31b39e8a67f,فؤاد العبادي,لعبة جميلة جدآ,5,0,,,2025-06-23 00:52:39,,,Chess.com,Google Play,en,us,2026-04-17 17:55:05,2025-06-17
c843cae9-849a-442c-a9f5-ae2b3c54618e,Isaac Scales,Amazing game review. However I think they should increase it to 3 free game reviews a day,5,0,4.8.2-googleplay,4.8.2-googleplay,2025-06-22 23:30:48,"Thank you for this feedback. If you'd like to try out unlimited Game Review, we offer a free trial!",2025-06-25 00:28:05,Chess.com,Google Play,en,us,2026-04-17 17:55:05,2025-06-17
c5f6b0cf-3ec1-40f8-9dec-b90d06981ab5,Zaman Arain,"As an enthusiastic chess player, I totally admire this app for providing its users with a huge range of bots as well as a well organized app.",5,0,4.8.2-googleplay,4.8.2-googleplay,2025-06-22 22:38:38,We're glad you're having fun playing chess vs. the Bots on the Chess.com app. Thank you for your comment!,2025-06-25 00:27:54,Chess.com,Google Play,en,us,2026-04-17 17:55:05,2025-06-17
cbbf3a03-18ac-498b-a655-2c1b4a2e2823,My game Game,Really good for beginners,5,0,4.8.2-googleplay,4.8.2-googleplay,2025-06-22 22:29:26,,,Chess.com,Google Play,en,us,2026-04-17 17:55:05,2025-06-17
516bb5c3-51b8-46ed-b4b0-b30fdfc703f9,Elliot Harerimana,boring,1,0,,,2025-06-22 16:04:47,"Chess can be an exciting game! If you'd like to give it another try, make sure to go for a 3-minute or 5-minute chess game for a fast-paced and thrilling option!",2025-06-23 23:00:20,Chess.com,Google Play,en,us,2026-04-17 17:55:05,2025-06-17
4d827e4a-0cae-468e-b3b1-422ee4072e48,Ayan Sasmal,good 👍,5,0,4.8.2-googleplay,4.8.2-googleplay,2025-06-22 15:24:58,,,Chess.com,Google Play,en,us,2026-04-17 17:55:05,2025-06-17
946c3cab-32eb-4309-bee1-221e5013e894,Achinta Maji,don't take money,4,0,4.8.2-googleplay,4.8.2-googleplay,2025-06-22 11:53:34,"We offer premium subscriptions, but with a free account you'll still have limited access to Puzzles, Lessons, and Game Review, and playing chess on Chess.com will always be free. There is a also a free trial if you'd like to test out unlimited training features!",2025-06-24 22:09:53,Chess.com,Google Play,en,us,2026-04-17 17:55:05,2025-06-17
d8c42413-6bf2-4d4d-988a-0b1979d4a66a,Jovan Kwong,everything about this game is okay but since I'm a begginer i chose to play with a bot. but whenever I'm going to win the bot suddenly offers a draw. and I can't decline it. resulting in me never winning since they'll just force me into a draw when the bot is gonna lose. this happened about 10 times straight already.,2,0,,,2025-06-22 08:27:38,"It sounds like a stalemate occurred! A stalemate is a special rule in chess where a player has no legal move but has not been checkmated, causing the game to be ruled a draw. Check out this great article for more information and examples of stalemates: www.chess.com/terms/stalemate-chess",2025-06-23 23:12:23,Chess.com,Google Play,en,us,2026-04-17 17:55:05,2025-06-17
8bf464a9-bbe8-4b82-8c02-0579ae654bb6,atushi ghuchait,there was no had any free courses,4,0,4.8.2-googleplay,4.8.2-googleplay,2025-06-22 07:01:56,"Thank you for this feedback. With a free account you can complete one video Lesson per week, but all Lessons are unlocked with any level of Premium membership. We offer a free 7-day membership trial if you'd like to try out unlimited Lessons!",2025-06-24 22:11:04,Chess.com,Google Play,en,us,2026-04-17 17:55:05,2025-06-17
8e0185bd-8bfa-4da8-9b93-3b3ee7587746,Shengwei Lim,nice game,5,0,,,2025-06-22 05:51:51,,,Chess.com,Google Play,en,us,2026-04-17 17:55:05,2025-06-17
97f47010-ac01-44e5-84f8-8956e1c04879,Ashish,Great. must have app for chess players. Best for beginners,5,0,4.8.2-googleplay,4.8.2-googleplay,2025-06-21 23:42:07,Thank you for recommending the Chess.com app. We appreciate your support!,2025-06-25 00:13:32,Chess.com,Google Play,en,us,2026-04-17 17:55:05,2025-06-17
4ab7f864-ce55-47a4-8671-5abf36cbb3da,Brandon Gabrelcik,"the app is great for chess. It sometimes can get glitchy when watching matches, but good overall",4,0,4.8.2-googleplay,4.8.2-googleplay,2025-06-21 16:32:57,"Thank you for this feedback. If the issue with watching matches persists, please send us a quick bug report at: www.chess.com/support. We'll make sure any error gets fixed as soon as possible!",2025-06-24 22:15:48,Chess.com,Google Play,en,us,2026-04-17 17:55:05,2025-06-17
78f77d63-4599-42da-84fc-6ad20502326d,Karynne Rease,"You, All, Are: Awesome And Phenomenal!",5,0,4.8.2-googleplay,4.8.2-googleplay,2025-06-20 21:13:31,Your support means a lot to us. Thanks for choosing Chess.com!,2025-06-24 23:54:21,Chess.com,Google Play,en,us,2026-04-17 17:55:05,2025-06-17
fd460808-098d-43ef-a030-57c50a1839ee,Keshab Khanal,good game for all time,4,0,,,2025-06-20 14:28:25,"Thanks for your review! If you have suggestions for us on how the Chess.com app could be better, please let us know. We want the app to be worth 5 stars for you! You can submit feedback at: www.chess.com/support",2025-06-20 14:37:35,Chess.com,Google Play,en,us,2026-04-17 17:55:05,2025-06-17
1c370eba-adb9-4c1a-bc22-6cf99f526ab4,Ralph Taylor,my favorite app,5,0,4.8.1-googleplay,4.8.1-googleplay,2025-06-20 14:05:04,,,Chess.com,Google Play,en,us,2026-04-17 17:55:05,2025-06-17
902d54dd-f5f4-4003-90fe-b30aa694732c,Tanaka Teekae,Good 👍,5,0,,,2025-06-20 12:42:26,,,Chess.com,Google Play,en,us,2026-04-17 17:55:05,2025-06-17
9812b2fa-87af-4525-8ecf-a44927b84ba6,Haobijam Netrajit,it made my iq more than enstine,4,0,4.8.1-googleplay,4.8.1-googleplay,2025-06-20 12:02:31,"Chess is the gymnasium for the mind. Thanks for choosing Chess.com, and let us know how we can earn that 5th star!",2025-06-20 14:29:34,Chess.com,Google Play,en,us,2026-04-17 17:55:05,2025-06-17
daca71c3-693d-4514-ad5d-3a9a30c12d65,Nitin Sharma,good game,5,0,,,2025-06-20 05:30:07,,,Chess.com,Google Play,en,us,2026-04-17 17:55:05,2025-06-17
6b309594-ea58-4a7c-a5cd-1a483771dec8,Saqlain momin,brilliant people game,3,0,4.8.1-googleplay,4.8.1-googleplay,2025-06-19 19:13:38,If you have feedback for us or suggestions on how the Chess.com app could be better please let us know. We want the app to be worth 5 stars for you!,2025-06-20 14:14:48,Chess.com,Google Play,en,us,2026-04-17 17:55:05,2025-06-17
16d743b7-7a67-47cc-a287-31d505a750da,amit bose,So bad app. all players play with engine. A player played a game which me on this game the man has 99.7% accuracy in the endgame. Please fix the problem,1,2,4.8.2-googleplay,4.8.2-googleplay,2025-06-19 19:01:10,"We analyze hundreds of millions of games each month, and any account found to be cheating is immediately closed! You can get a glimpse into our moderation efforts through account closure stats in monthly reports like this one: www.chess.com/article/view/chesscom-update-june-2025#FairPlay",2025-06-20 14:15:11,Chess.com,Google Play,en,us,2026-04-17 17:55:05,2025-06-17
6afcd50a-bdf0-40a1-83ee-d6ffc0bf90ef,Abhi Gupta,great game to learn and play,5,0,4.8.1-googleplay,4.8.1-googleplay,2025-06-19 17:30:47,,,Chess.com,Google Play,en,us,2026-04-17 17:55:05,2025-06-17
2c5907da-6518-4df0-8eb1-5c49b702edc9,Paweł Mielniczek,far too expensive but functions close to perfect,4,0,4.8.2-googleplay,4.8.2-googleplay,2025-06-19 10:25:06,"Thank you for this feedback. If you're interested in Premium membership, we offer three different membership plans at both annual or monthly rates, so there is an option for every budget! If you'd like to test out the amazing training features like video Lessons and Game Review, don't forget we offer a free trial!",2025-06-19 18:09:49,Chess.com,Google Play,en,us,2026-04-17 17:55:05,2025-06-17
02966461-241c-4f39-b80a-abb61fbf7b1d,Rob Reed,tons of bugs been a member since 2012,1,0,4.8.2-googleplay,4.8.2-googleplay,2025-06-19 10:01:02,"If you're experiencing any issues with the Chess.com app or have any suggestions for us, we are here to help! Please visit this link for assistance: www.chess.com/support",2025-06-19 17:44:30,Chess.com,Google Play,en,us,2026-04-17 17:55:05,2025-06-17
cad99f78-3b85-485e-98ee-e5a6729e7377,Jerrold Hennrich,Great game always action,5,0,4.8.1-googleplay,4.8.1-googleplay,2025-06-19 01:26:18,,,Chess.com,Google Play,en,us,2026-04-17 17:55:05,2025-06-17
ed417b34-58aa-4832-bd28-1b32b1363763,عمرو العفير,bretty good,5,0,4.8.1-googleplay,4.8.1-googleplay,2025-06-18 19:23:58,,,Chess.com,Google Play,en,us,2026-04-17 17:55:05,2025-06-17
678cc528-4613-4d9b-9ec0-f9eba7b280de,RickRollerSkates,Perfect,5,0,4.8.1-googleplay,4.8.1-googleplay,2025-06-18 11:12:28,,,Chess.com,Google Play,en,us,2026-04-17 17:55:05,2025-06-17
90660646-2239-43f6-9bf2-4ff15bd226d2,Lastone Sintambo,Best chess app,5,0,4.8.1-googleplay,4.8.1-googleplay,2025-06-18 08:21:56,,,Chess.com,Google Play,en,us,2026-04-17 17:55:05,2025-06-17
4b0b2441-15f6-4d63-814d-43ae9204101b,Jakub Rubáš,"Recently way too many lags and disconnects, efficiently ruining the fun from playing bullet or blitz.",3,0,4.8.1-googleplay,4.8.1-googleplay,2025-06-17 22:58:39,"Sorry for the difficulties! We are working on major server expansions to continue to optimize connectivity for our players around the world. In the meantime, if the problem persists after verifying your network connection, please visit this link for further assistance: www.chess.com/support",2025-06-18 14:29:35,Chess.com,Google Play,en,us,2026-04-17 17:55:05,2025-06-17
f6b1128a-1790-4f66-b32b-ba0aa52b9b4d,Anand Ojha,it is good for learning chess and playing online but it has some problem like someday I was playing chess peacefully but after playing my movie it automatically resigned my game,4,0,4.8.2-googleplay,4.8.2-googleplay,2025-06-17 17:02:41,"Sorry for the difficulties! A game may end early if a disconnection occurs. If that's happening frequently, please try deleting and reinstalling the app, as well as confirming the stability of the Wifi or data connection. For further assistance, visit: www.chess.com/support",2025-06-17 21:53:22,Chess.com,Google Play,en,us,2026-04-17 17:55:05,2025-06-17
0f62abc6-308f-46da-aa5c-ea577cf8f2de,Victor Otieno,Simply the best😌,5,0,4.8.1-googleplay,4.8.1-googleplay,2025-06-17 16:04:30,,,Chess.com,Google Play,en,us,2026-04-17 17:55:05,2025-06-17
e78b73b8-d5eb-44c2-99ad-d85c48bd5e5a,MUHAMMAD IKMAL SAFWAN,"This gane help me , for my overthinking hahahah",5,0,,,2025-06-17 10:08:55,,,Chess.com,Google Play,en,us,2026-04-17 17:55:05,2025-06-17
146ec731-f988-41b6-8585-758a4b2b51fc,Suresh Baskey,my time pass,5,0,4.8.1-googleplay,4.8.1-googleplay,2025-06-17 10:07:49,,,Chess.com,Google Play,en,us,2026-04-17 17:55:05,2025-06-17
9ea16032-11bc-4355-abe2-2e344d339606,Ebenezer Twum,mind rocking 😜,4,0,4.8.1-googleplay,4.8.1-googleplay,2025-06-17 09:27:48,We're glad you like the Chess.com app. If you have feedback for us or suggestions on how the Chess.com app could be better please let us know. We want the app to be worth 5 stars for you!,2025-06-17 21:57:54,Chess.com,Google Play,en,us,2026-04-17 17:55:05,2025-06-17
4e7e58de-1284-47ff-9834-22fba1bfb0c6,Robel Hugo,this app is awesome,5,0,4.8.1-googleplay,4.8.1-googleplay,2025-06-17 01:55:22,,,Chess.com,Google Play,en,us,2026-04-17 17:55:05,2025-06-17
4a816a09-3edc-4913-9e42-b84785d9204d,nkululeko rangula,quite interesting!,5,0,4.8.1-googleplay,4.8.1-googleplay,2025-06-17 00:23:22,,,Chess.com,Google Play,en,us,2026-04-17 17:55:05,2025-06-17
b07b7549-20ef-4f51-97ad-8f00736d5310,Donald Hailombe,I personally think that this is the best chess game/app that any beginner can start with 👍,5,0,,,2025-06-16 20:05:59,We're glad you think the Chess.com app is the best. Thank you for your review!,2025-06-20 16:23:44,Chess.com,Google Play,en,us,2026-04-17 17:55:05,2025-06-10
8d949042-b577-4fbd-97fa-6d1efa44a7bf,Ritu bhandari,Best game,5,0,4.8.1-googleplay,4.8.1-googleplay,2025-06-16 18:40:51,,,Chess.com,Google Play,en,us,2026-04-17 17:55:05,2025-06-10
5dbc6ce3-dd9b-401f-b64a-6bbf0c44820e,Brody,amazing app bot helps me.... umm learn,5,0,4.8.1-googleplay,4.8.1-googleplay,2025-06-15 22:40:15,,,Chess.com,Google Play,en,us,2026-04-17 17:55:05,2025-06-10
4d018350-3c6b-46cd-bf55-d3b958472c58,Aviggyan Mandal,perfect 👍👍👍,5,0,4.8.1-googleplay,4.8.1-googleplay,2025-06-15 18:54:38,,,Chess.com,Google Play,en,us,2026-04-17 17:55:05,2025-06-10
0dd0cc3e-1ef6-4f3f-853e-e0840360615c,Henry Africa,great app. teaches you to play better Chess,5,0,4.8.1-googleplay,4.8.1-googleplay,2025-06-15 17:23:27,,,Chess.com,Google Play,en,us,2026-04-17 17:55:05,2025-06-10
608593ef-81df-4f88-930d-0286a27c8f43,Frederick Leyland,Very good interface and overall experience. The only reason I don't rate it 5 is because I don't think it has everything that the website has. Still great though.,4,0,4.8.1-googleplay,4.8.1-googleplay,2025-06-15 15:02:47,"Thanks for this feedback. We will continue to work on adding more great features from the Chess.com website to the app! If there is a feature you would particularly like to see added, please let us know. Your input matters to us!",2025-06-17 22:05:43,Chess.com,Google Play,en,us,2026-04-17 17:55:05,2025-06-10
625bc92b-affa-4290-9805-1f16c05d9060,Ren Bento,the worst my child hated it,1,0,4.8.1-googleplay,4.8.1-googleplay,2025-06-15 11:04:47,"If you're experiencing any issues with the Chess.com app or have any suggestions for us, we are here to help! Please visit this link for assistance: www.chess.com/support",2025-06-16 23:52:54,Chess.com,Google Play,en,us,2026-04-17 17:55:05,2025-06-10
7e7212e7-c2ef-45ae-9a92-6665512d768a,Devyansh Pandey,App is crashing,1,0,,,2025-06-15 07:47:53,"Sorry for the difficulties! Please try deleting and reinstalling the app, and for further assistance you can contact us at: www.chess.com/support",2025-06-16 23:57:05,Chess.com,Google Play,en,us,2026-04-17 17:55:05,2025-06-10
16c767d4-3f65-4caf-8e94-f074dbf1c100,uttam kumar,this game is so good chess😊,5,0,4.8.1-googleplay,4.8.1-googleplay,2025-06-15 07:25:01,,,Chess.com,Google Play,en,us,2026-04-17 17:55:05,2025-06-10
802c2498-f799-41b9-a50a-e04ee1722e98,Varun Dangi,super best !!!!!! app in the universe,5,0,4.8.1-googleplay,4.8.1-googleplay,2025-06-15 06:15:46,,,Chess.com,Google Play,en,us,2026-04-17 17:55:05,2025-06-10
7715e708-e614-45f3-bd40-0aa4b3e4f8d9,Griffin Axling,"great app both for learning and playing, I'm in the high 500s and climbing",5,0,4.8.1-googleplay,4.8.1-googleplay,2025-06-15 01:15:08,,,Chess.com,Google Play,en,us,2026-04-17 17:55:05,2025-06-10
3fe45daa-cc3a-4b84-ba22-3eebeb513d01,Oladipo Olatunji,Well Done!!,5,0,4.8.1-googleplay,4.8.1-googleplay,2025-06-14 21:20:50,,,Chess.com,Google Play,en,us,2026-04-17 17:55:05,2025-06-10
f16e489b-cc79-450f-af8a-24844f5fd112,Anchit Tyagi,the best chess game as well.as.opportunist game ever,5,0,4.8.1-googleplay,4.8.1-googleplay,2025-06-14 16:39:39,,,Chess.com,Google Play,en,us,2026-04-17 17:55:05,2025-06-10
2efbd011-0390-4513-b310-96e439789778,rohit_247_ Office,better better app to learn chess and play,4,0,4.8.1-googleplay,4.8.1-googleplay,2025-06-14 11:56:05,"Thanks for your review! If you have suggestions for us on how the Chess.com app could be better, please let us know. We want the app to be worth 5 stars for you! You can submit feedback at: www.chess.com/support",2025-06-18 14:50:38,Chess.com,Google Play,en,us,2026-04-17 17:55:05,2025-06-10
862a97e6-748e-4c98-b5ec-39a13eb6e4e2,Gcobisa Stofile,Goated🐐,5,0,4.8.1-googleplay,4.8.1-googleplay,2025-06-14 11:35:25,,,Chess.com,Google Play,en,us,2026-04-17 17:55:05,2025-06-10
10ad0d2e-bc94-4cd9-b1de-5f467bce150c,Fredrick M. Sila,Good one.,5,0,4.8.1-googleplay,4.8.1-googleplay,2025-06-14 08:08:34,,,Chess.com,Google Play,en,us,2026-04-17 17:55:05,2025-06-10
008bca96-5d56-4ffc-bd5f-1b5276b3fd45,Flynn Dickens,amazing I beat my siblings coz they bad,5,0,4.8.1-googleplay,4.8.1-googleplay,2025-06-14 00:47:26,,,Chess.com,Google Play,en,us,2026-04-17 17:55:05,2025-06-10
7ca44bbc-183d-4829-8350-d98f6e5a910d,Govind,Good experience.,5,0,4.8.1-googleplay,4.8.1-googleplay,2025-06-13 19:17:23,,,Chess.com,Google Play,en,us,2026-04-17 17:55:05,2025-06-10
e5e568b4-4530-4ed9-a681-855aca12b107,Thshiv Yadav,the best game,5,0,4.8.1-googleplay,4.8.1-googleplay,2025-06-13 18:54:40,,,Chess.com,Google Play,en,us,2026-04-17 17:55:05,2025-06-10
f835d4e4-fe87-4289-9a1e-2e63bdeb5de6,Jayu Patil,"very good game so proboiz or any other youtuber like mr beast or chess yoituber or gamerfleet, techno bhaiya or any indian youtuber can play",5,0,4.8.1-googleplay,4.8.1-googleplay,2025-06-13 18:44:14,,,Chess.com,Google Play,en,us,2026-04-17 17:55:05,2025-06-10
90b6f100-e708-455a-a0a3-d4bbdcefc458,Ronie Cajan,edi wow,5,0,4.8.1-googleplay,4.8.1-googleplay,2025-06-13 17:58:30,,,Chess.com,Google Play,en,us,2026-04-17 17:55:05,2025-06-10
89d62d61-3756-43c5-81ce-db244709a92c,Alvin Lucky,I love this game so much,5,0,4.7.7-googleplay,4.7.7-googleplay,2025-06-13 12:50:44,Thanks for sharing the passion for chess. We're glad to have you on Chess.com!,2025-06-20 15:42:23,Chess.com,Google Play,en,us,2026-04-17 17:55:05,2025-06-10
27f083c6-34f9-4c56-ac6d-fec3c2b33a0f,kyle descenna,cheaters everywhere,1,1,4.8.1-googleplay,4.8.1-googleplay,2025-06-13 03:56:53,"We analyze hundreds of millions of games each month, and any account found to be cheating is immediately closed! You can get a glimpse into our moderation efforts through account closure stats in monthly reports like this one: www.chess.com/article/view/chesscom-update-june-2025#FairPlay",2025-06-13 21:53:24,Chess.com,Google Play,en,us,2026-04-17 17:55:05,2025-06-10
c9d956a5-0e86-41c6-a989-083d6265d8e4,Deepu Verma,very good,5,0,4.8.1-googleplay,4.8.1-googleplay,2025-06-12 09:10:31,,,Chess.com,Google Play,en,us,2026-04-17 17:55:05,2025-06-10
fadaac13-5884-4f07-9007-aa3630e3db2e,Yash Vanzara,best app for chess but give more free features pls,5,0,4.8.0-googleplay,4.8.0-googleplay,2025-06-11 15:26:52,,,Chess.com,Google Play,en,us,2026-04-17 17:55:05,2025-06-10
3c0cdfd5-0d26-4a51-9b67-53189edc2b07,Jerry Jongay (Toto Jey),"I can learn more from Chess this moment, because all of my understandings, fellow members...loves to play ""chess"" in many tournaments including me...and I'm sure that will work once the kids aging from four(4-upward) can learn more too...Im giving my full support for this game, for me, playing chess is 1 of my favorites... enhance myself to much more and more capacities capable to understand life...",5,2,4.8.1-googleplay,4.8.1-googleplay,2025-06-11 12:24:12,,,Chess.com,Google Play,en,us,2026-04-17 17:55:05,2025-06-10
8d1c41b5-a90e-4529-b9b0-6c638731da2a,Hasen Dje,very nice,5,0,4.8.1-googleplay,4.8.1-googleplay,2025-06-11 00:02:54,,,Chess.com,Google Play,en,us,2026-04-17 17:55:05,2025-06-10
04409228-0a97-48b0-b5f7-80c184115249,Anushka Priya,very nice app to learn chess ♟️👌,5,0,4.6.37-googleplay,4.6.37-googleplay,2025-06-10 20:48:24,,,Chess.com,Google Play,en,us,2026-04-17 17:55:05,2025-06-10
6f41032c-abc8-4784-b0f6-40c91ab714d2,z O,Great game,5,0,4.8.0-googleplay,4.8.0-googleplay,2025-06-10 18:59:29,,,Chess.com,Google Play,en,us,2026-04-17 17:55:05,2025-06-10
3ddecc23-8f6b-4f25-9a0d-400a21d974e0,FB GEMER,Very good,5,1,4.8.1-googleplay,4.8.1-googleplay,2025-06-10 11:45:48,,,Chess.com,Google Play,en,us,2026-04-17 17:55:05,2025-06-10
28af5a1e-6aa8-4742-88a7-5cf71ec5f53c,Arjun Singh,very nice,5,0,4.8.1-googleplay,4.8.1-googleplay,2025-06-10 11:37:56,,,Chess.com,Google Play,en,us,2026-04-17 17:55:05,2025-06-10
d65e3982-1201-4061-ada8-93f875af8aa5,Kenling Taja,"good game, no more comments",4,0,4.8.1-googleplay,4.8.1-googleplay,2025-06-10 09:30:08,"Thanks for your review! If you have suggestions for us on how the Chess.com app could be better, please let us know. We want the app to be worth 5 stars for you! You can submit feedback at: www.chess.com/support",2025-06-19 18:29:03,Chess.com,Google Play,en,us,2026-04-17 17:55:05,2025-06-10
344e8247-2997-4a12-88e0-5696d713691b,Melvin Naval,very nice and chill game,5,0,4.8.1-googleplay,4.8.1-googleplay,2025-06-10 08:16:43,,,Chess.com,Google Play,en,us,2026-04-17 17:55:05,2025-06-10
69f9f4eb-b5a2-4469-a272-ee3d33a2ef91,N2Joker,great app for learning!! I went from 800 to 1600 in a day!!! I love the hint system to teach you what moves are smart.,5,0,4.8.1-googleplay,4.8.1-googleplay,2025-06-10 05:18:55,Amazing progress! Keep taking your chess skills to the next level on Chess.com!,2025-06-13 23:00:37,Chess.com,Google Play,en,us,2026-04-17 17:55:05,2025-06-10
7f86524a-6f08-48e3-9031-81c1cd86d2e7,Mohammed Alkebsi,It's chess,5,0,4.8.1-googleplay,4.8.1-googleplay,2025-06-10 04:54:12,,,Chess.com,Google Play,en,us,2026-04-17 17:55:05,2025-06-10
dfc78487-1d9b-48dd-9010-6093ede1e963,zophie Akkidas,this game is awesome for chess lovers. I've been playing this for a year. I got into novice player.,5,0,4.8.1-googleplay,4.8.1-googleplay,2025-06-09 23:07:11,,,Chess.com,Google Play,en,us,2026-04-17 17:55:05,2025-06-03
ba437e61-8fe7-4d0e-9ed3-314e0426143c,Nazim Hussian,good game but they should introduce 10+5 second like option too,3,0,4.8.0-googleplay,4.8.0-googleplay,2025-06-09 21:02:53,"Thank you for this feedback. We'll consider adding 10|5 as a preset option! In the meantime, you can created 10|5 games using the Custom menu. Tap on Play, then tap on the duration already shown, and tap More.",2025-06-10 18:24:16,Chess.com,Google Play,en,us,2026-04-17 17:55:05,2025-06-03
7e1d1569-14f8-49f1-9dba-4511e4ff7f96,Lucas Ramey,I think it's cooooool. cuz it teaches me kewl stuffffffff.,5,0,4.7.6-googleplay,4.7.6-googleplay,2025-06-09 20:19:37,,,Chess.com,Google Play,en,us,2026-04-17 17:55:05,2025-06-03
789ac8fb-4ea2-4131-9853-7608507f1a61,soheil,the best chess app,5,0,4.8.0-googleplay,4.8.0-googleplay,2025-06-09 08:57:49,,,Chess.com,Google Play,en,us,2026-04-17 17:55:05,2025-06-03
e1fc24b1-d7b3-436a-8818-0bd463ae2d0f,soudeep dey,good app to practice and sharpen up your techniques,5,0,4.8.1-googleplay,4.8.1-googleplay,2025-06-09 00:18:41,,,Chess.com,Google Play,en,us,2026-04-17 17:55:05,2025-06-03
770ee473-e4f0-4368-ad1f-6149de900331,Taylor H,Running into a lot of issues trying to produce analysis after games on mobile.,4,0,4.8.1-googleplay,4.8.1-googleplay,2025-06-08 23:04:23,"We're so sorry for the interruption in your chess! This loading problem with the app should now be fully resolved. We'll do our utmost to prevent further interruptions, and if you need help with the app, please visit: www.chess.com/support",2025-06-13 22:34:43,Chess.com,Google Play,en,us,2026-04-17 17:55:05,2025-06-03
b1916dce-8b2b-483f-9f8d-179e1cecb0e4,Abdo BAB,The best chess app,5,0,4.8.0-googleplay,4.8.0-googleplay,2025-06-08 22:11:21,,,Chess.com,Google Play,en,us,2026-04-17 17:55:05,2025-06-03
8a58be10-4b20-492a-92a4-b035a1686517,Elim Lim,great game og for sure,5,0,,,2025-06-08 22:06:59,,,Chess.com,Google Play,en,us,2026-04-17 17:55:05,2025-06-03
b3651958-e97c-457b-a0ab-1d5d306dff8b,Ayman Abaza,awsome,5,0,4.8.1-googleplay,4.8.1-googleplay,2025-06-08 21:17:59,,,Chess.com,Google Play,en,us,2026-04-17 17:55:05,2025-06-03
4ab28b0e-19c2-47a4-9702-e03d28ec5a4e,chetan nira,one simple word is best app other than other App,5,0,4.8.1-googleplay,4.8.1-googleplay,2025-06-08 20:06:01,,,Chess.com,Google Play,en,us,2026-04-17 17:55:05,2025-06-03
cea920bc-fa4f-4531-a937-5cdd37c4052e,Uttam Shinde,it is the best chess playing platform and I genuinely appreciate the makers of the app,5,0,4.8.0-googleplay,4.8.0-googleplay,2025-06-08 18:28:46,We greatly appreciate your support. Thanks for choosing Chess.com!,2025-06-13 22:32:01,Chess.com,Google Play,en,us,2026-04-17 17:55:05,2025-06-03
76ef0dc0-5f2a-433c-9af8-ffc0d30b99b2,Devjeet Dey,to much cheaters,3,0,4.8.1-googleplay,4.8.1-googleplay,2025-06-08 18:14:09,"We analyze hundreds of millions of games each month, and any account found to be cheating is immediately closed! You can get a glimpse into our moderation efforts through account closure stats in monthly reports like this one: www.chess.com/article/view/chesscom-update-june-2025#FairPlay",2025-06-10 17:49:49,Chess.com,Google Play,en,us,2026-04-17 17:55:05,2025-06-03
e433dc26-2480-4686-ad35-a6606a081994,Rajesh Rai,very nice 👌,5,0,4.8.1-googleplay,4.8.1-googleplay,2025-06-08 12:23:31,,,Chess.com,Google Play,en,us,2026-04-17 17:55:05,2025-06-03
8505663c-78f7-485c-a38f-8067fd4e5064,Doug Bohrtz,This is a great app for playing opponents from all over the world,5,0,4.8.1-googleplay,4.8.1-googleplay,2025-06-08 08:44:56,,,Chess.com,Google Play,en,us,2026-04-17 17:55:05,2025-06-03
860434c6-d702-42f0-8587-b70d16102170,Abel Tekla,"I Want The Feature That Tells You That If The Move Is Brilliant,Great,blunder Etc. Back It Was Free But Now It Only Appears With Game Review",5,0,,,2025-06-07 11:57:36,,,Chess.com,Google Play,en,us,2026-04-17 17:55:05,2025-06-03
9f8c1c71-1984-4b10-bd4b-4d8a7c77e3f4,Valentino Makhubela,Thought I'd never find the perfect game of all time.I am loving this and i used to say chess is a very complicated game but as soon as you understand it BOOM your gone,5,0,4.7.8-googleplay,4.7.8-googleplay,2025-06-07 09:47:16,We're glad you're having fun playing chess on the Chess.com app. Thank you for your comment!,2025-06-12 22:50:49,Chess.com,Google Play,en,us,2026-04-17 17:55:05,2025-06-03
c15f48d1-6d84-4c04-877f-8a1bd5c22c12,Vivek Jha,Great app but is too persistent in pushing for premium.,5,0,4.8.0-googleplay,4.8.0-googleplay,2025-06-07 01:19:13,"Thank you for this feedback. We like to let players know about the amazing training tools we have to offer (and the free trial!), but you can absolutely play chess with friends and new opponents around the world, and that will always be free.",2025-06-07 00:39:36,Chess.com,Google Play,en,us,2026-04-17 17:55:05,2025-06-03
73e24ffc-2a1e-498a-adba-bf999dd5b609,Ashutosh Rao,Bring some new Graphics and features..,4,0,4.8.1-googleplay,4.8.1-googleplay,2025-06-06 22:17:50,"We're always updating the Chess.com app, and you can count on more great new features and design updates to come!",2025-06-07 00:50:48,Chess.com,Google Play,en,us,2026-04-17 17:55:05,2025-06-03
2de85246-63ad-482f-876e-34cadd4ee17e,andres bustos,awesome 👍🏾,5,0,4.8.1-googleplay,4.8.1-googleplay,2025-06-05 19:04:24,,,Chess.com,Google Play,en,us,2026-04-17 17:55:05,2025-06-03
fe29f26a-49a7-4253-85c2-5efc8ce159f9,Naomi Miriari,is very nice,5,0,4.8.1-googleplay,4.8.1-googleplay,2025-06-05 18:01:21,,,Chess.com,Google Play,en,us,2026-04-17 17:55:05,2025-06-03
105913cb-5b0f-445d-abf1-8f89faa0e3a6,rosemary wambui,Great Game,5,0,,,2025-06-05 17:45:27,,,Chess.com,Google Play,en,us,2026-04-17 17:55:05,2025-06-03
8b2247df-8bd5-461a-97e5-d8cc38fce3bf,A K,Great infrastructure for playing chess online. Number one App that I recommend. As I am an International master it is better app I recommend.,5,0,4.8.0-googleplay,4.8.0-googleplay,2025-06-05 17:04:36,Thank you for recommending the Chess.com app. We appreciate your support!,2025-06-07 00:33:30,Chess.com,Google Play,en,us,2026-04-17 17:55:05,2025-06-03
236edaf3-a17e-4526-a44b-99499ce62a36,Johari Luciano Musa,"chess pieces fall but, the game continues. THIS IS IMPRESSIVE AND LEARNING EXCERCISE!",5,0,4.8.0-googleplay,4.8.0-googleplay,2025-06-05 13:05:25,,,Chess.com,Google Play,en,us,2026-04-17 17:55:05,2025-06-03
95d2b5e7-9c9b-479c-95b5-feadc4aee032,Hind krishna ff shorts (Hind krishna ff shorts),this game is so good 👍,5,0,4.7.7-googleplay,4.7.7-googleplay,2025-06-05 09:36:16,,,Chess.com,Google Play,en,us,2026-04-17 17:55:05,2025-06-03
43773109-1548-4a51-930a-78b94441e4ee,Sameer Rehman,Awesome,5,0,4.8.0-googleplay,4.8.0-googleplay,2025-06-04 21:34:02,Members like you make Chess.com possible! Thank you! :),2025-06-04 21:45:44,Chess.com,Google Play,en,us,2026-04-17 17:55:05,2025-06-03
7c3cb474-abca-4ef2-8132-01ccbe1f956f,Rakib Uz zaman,great app,5,0,4.8.1-googleplay,4.8.1-googleplay,2025-06-04 17:38:39,,,Chess.com,Google Play,en,us,2026-04-17 17:55:05,2025-06-03
81f373c9-7577-4b0c-be20-61d0e2964b73,Hussein Hassan,the best chess game I have ever played,5,0,4.8.0-googleplay,4.8.0-googleplay,2025-06-04 15:25:22,We're glad you think the Chess.com app is the best. Thank you for your review!,2025-06-06 00:13:20,Chess.com,Google Play,en,us,2026-04-17 17:55:05,2025-06-03
9a0ccebb-6852-43f9-a788-bd2530517b09,Pratima Ray,it's good and increases our mind set and it can be teaches us good decision maker 🙏🙏🙏,5,0,4.8.0-googleplay,4.8.0-googleplay,2025-06-04 09:47:30,,,Chess.com,Google Play,en,us,2026-04-17 17:55:05,2025-06-03
5c5a119e-29c4-4ddb-aa9b-e65c7494b538,巧鱼巧鱼,good game,5,0,4.8.1-googleplay,4.8.1-googleplay,2025-06-04 08:18:47,,,Chess.com,Google Play,en,us,2026-04-17 17:55:05,2025-06-03
e5974e98-e249-42cb-ace5-21e541563325,Fred Maseko,It is excellent. There are ratings for your level. There are daily puzzles you can learn from. There are strategies on which you can use to win. Overall it's good you can also play both online and offline.,5,1,4.8.0-googleplay,4.8.0-googleplay,2025-06-03 23:54:26,We're glad you're enjoying all the Chess.com app has to offer. Thank you for your review!,2025-06-05 23:49:25,Chess.com,Google Play,en,us,2026-04-17 17:55:05,2025-06-03
36b04dc7-fd84-45c6-bc01-300b4e84aaa1,Lucas Cheah Dong Lun,W game,5,0,4.8.0-googleplay,4.8.0-googleplay,2025-06-03 21:08:19,,,Chess.com,Google Play,en,us,2026-04-17 17:55:05,2025-06-03
fda9a8a3-e79d-4d8c-af74-c3361f8086f5,Komi Mafabatho-Khonou,beat chess game ever,3,0,4.8.0-googleplay,4.8.0-googleplay,2025-06-03 17:02:09,Thanks for your review! If you have feedback for us or suggestions on how the Chess.com app could be better please let us know. We want the app to be worth 5 stars for you! You can visit this link to contact us: www.chess.com/support,2025-06-03 19:52:19,Chess.com,Google Play,en,us,2026-04-17 17:55:05,2025-06-03
0acb55db-fdc6-46a0-9fe2-0b9b082affd9,Craig Mwendwa,"The app is great, with splendid features and many players to play against from different countries.All I would ask is to increase the number of lessons one can learn in a day when they haven't subscribed to premium",5,0,4.8.0-googleplay,4.8.0-googleplay,2025-06-03 10:29:23,Thank you for this feedback. Don't forget that all Lessons and unlimited Puzzles are unlocked with any level of Premium membership. We offer a free 7-day membership trial if you're interested!,2025-06-05 23:30:34,Chess.com,Google Play,en,us,2026-04-17 17:55:05,2025-06-03
b65597ae-b4ed-4714-9729-396a6a9f3758,Ghhc Dfh,best app 😭,5,0,,,2025-06-03 09:28:59,,,Chess.com,Google Play,en,us,2026-04-17 17:55:05,2025-06-03
2fe5d3f2-8c8d-492f-89cc-f1a21d71fac5,Samson Steven,Nice game,5,0,4.8.0-googleplay,4.8.0-googleplay,2025-06-03 08:36:48,,,Chess.com,Google Play,en,us,2026-04-17 17:55:05,2025-06-03
25a7dbc4-bf05-4481-8243-8436aef8dcf2,Barjesh Jhariya,very nice,5,0,4.8.0-googleplay,4.8.0-googleplay,2025-06-03 06:37:40,,,Chess.com,Google Play,en,us,2026-04-17 17:55:05,2025-06-03
fee3d769-db7f-4dce-a9d6-ef10f7567efc,Dave Gandy,Great app,4,0,4.8.0-googleplay,4.8.0-googleplay,2025-06-03 04:09:59,Thanks for your comment. If you have feedback for us or suggestions on how the Chess.com app could be better please let us know. We want the app to be worth 5 stars for you!,2025-06-05 23:28:00,Chess.com,Google Play,en,us,2026-04-17 17:55:05,2025-06-03
e71f2076-62b3-4005-9855-657779a40ced,Nick Zindorf,"Great app. I can see the progress I'm making in my game. I enjoy the puzzles, and the option to play against bots or humans. I use the free version, so some things are limited to once a day, once a week, etc., otherwise I think I would improve faster. Not a fan of subscriptions though, so slow and steady I suppose.",4,1,4.8.0-googleplay,4.8.0-googleplay,2025-06-03 00:16:48,"Thank you for this great feedback. If you're interested in Premium membership, we offer three different membership plans at both annual or monthly rates, so there is an option for every budget! If you'd like to test out the amazing training features like video Lessons and Game Review, don't forget we offer a free trial!",2025-06-07 00:21:35,Chess.com,Google Play,en,us,2026-04-17 17:55:05,2025-06-03
f8042c36-f167-4422-afcf-da41621af77f,Esraa Esraa,love it fr,5,0,,,2025-06-02 18:39:33,,,Chess.com,Google Play,en,us,2026-04-17 17:55:05,2025-05-27
85feea35-f230-403e-88e5-8011674432e7,Nasasira Ronald,creme de la creme 🍮,5,0,4.6.25_oldLcc-googleplay,4.6.25_oldLcc-googleplay,2025-06-02 12:16:58,,,Chess.com,Google Play,en,us,2026-04-17 17:55:05,2025-05-27
c617f2f8-4253-4546-a767-c160b6cfe491,Hariette Bañez,I'm addicted to it,5,0,4.8.0-googleplay,4.8.0-googleplay,2025-06-02 07:57:26,,,Chess.com,Google Play,en,us,2026-04-17 17:55:05,2025-05-27
6947b88a-5def-497e-aef9-6013ca0caec3,Anthony Wright,best chess app ever you will fined it verry hard to get a better app anywhere.,5,1,4.8.0-googleplay,4.8.0-googleplay,2025-06-01 19:09:07,,,Chess.com,Google Play,en,us,2026-04-17 17:55:05,2025-05-27
cb99f7dd-a2eb-450c-ad4f-514232166ee1,DIP MADHU,This game is very good.It is update our mind..,5,0,,,2025-06-01 05:51:21,,,Chess.com,Google Play,en,us,2026-04-17 17:55:05,2025-05-27
c22476a8-e8bf-4f32-9697-34c18a96e054,Zeus James Molina,the best of the best,5,0,4.8.0-googleplay,4.8.0-googleplay,2025-06-01 02:01:18,,,Chess.com,Google Play,en,us,2026-04-17 17:55:05,2025-05-27
e58ec092-c164-412e-a39f-430e2239a96a,Devangi,block kr dinde aa pieces,1,0,4.8.0-googleplay,4.8.0-googleplay,2025-05-31 14:37:25,"If you're experiencing any issues with the Chess.com app or have any suggestions for us, we are here to help! Please visit this link for assistance: www.chess.com/support",2025-06-03 18:53:42,Chess.com,Google Play,en,us,2026-04-17 17:55:05,2025-05-27
ef64c63d-11f3-4692-affc-5fabcf0d6be0,DHRUV Chavda,really good,5,0,4.7.8-googleplay,4.7.8-googleplay,2025-05-31 10:01:32,,,Chess.com,Google Play,en,us,2026-04-17 17:55:05,2025-05-27
8de41c4b-81eb-4c78-b895-67eaaec757d5,Muhammad V.R,pritee fun,5,0,4.8.0-googleplay,4.8.0-googleplay,2025-05-30 12:24:26,,,Chess.com,Google Play,en,us,2026-04-17 17:55:05,2025-05-27
e0cf7289-ce32-47a1-97c7-cd32cf46619a,Bijal Shah,"I love this game, It helps me to improve in chess ♟️.",5,0,,,2025-05-30 10:07:04,We're glad you're enjoying playing and improving your chess skills on Chess.com!,2025-06-05 00:37:55,Chess.com,Google Play,en,us,2026-04-17 17:55:05,2025-05-27
4de0f407-2431-44f7-8a99-287fa26b317d,Jayashree Mhatre,My favourite app ever!!!,5,0,4.8.0-googleplay,4.8.0-googleplay,2025-05-29 14:34:03,We're glad the Chess.com app is your favorite. Thank you for your review!,2025-05-29 17:32:57,Chess.com,Google Play,en,us,2026-04-17 17:55:05,2025-05-27
7e20a33f-d747-46c0-9289-49bbfa28062d,Joe,good !!,5,0,4.8.0-googleplay,4.8.0-googleplay,2025-05-29 02:45:42,,,Chess.com,Google Play,en,us,2026-04-17 17:55:05,2025-05-27
f6048aeb-ba40-4fa6-b3b6-cf7f348a709f,Nathan Horton,lol chez,5,0,4.8.0-googleplay,4.8.0-googleplay,2025-05-28 23:50:41,,,Chess.com,Google Play,en,us,2026-04-17 17:55:05,2025-05-27
ab80a0e5-f379-4cb9-8305-d828b9930d80,Noor Mohamed,best game,5,0,4.8.0-googleplay,4.8.0-googleplay,2025-05-28 06:13:08,,,Chess.com,Google Play,en,us,2026-04-17 17:55:05,2025-05-27
7badeb71-a95d-4fa4-add4-bb4dc0aa5e73,zaki halim,the best game ever,5,0,4.7.8-googleplay,4.7.8-googleplay,2025-05-27 23:15:28,,,Chess.com,Google Play,en,us,2026-04-17 17:55:05,2025-05-27
c3b25844-1b72-4111-8c68-95d3e6ce1ca2,Zakaria Mhamdi,Hopefully there's 4-player in the app soon,4,0,4.8.0-googleplay,4.8.0-googleplay,2025-05-27 21:24:51,"We are thinking about adding four-player chess in the future! In the meantime, you can play 4PC on the Chess.com website at: www.chess.com/variants",2025-05-28 22:09:58,Chess.com,Google Play,en,us,2026-04-17 17:55:05,2025-05-27
45694953-2897-4041-b64d-cb3da92a7f4f,Michael,play it to be wise and genius,5,0,4.8.0-googleplay,4.8.0-googleplay,2025-05-27 19:16:08,,,Chess.com,Google Play,en,us,2026-04-17 17:55:05,2025-05-27
5cd4ab22-dd1c-448a-9f90-28ab582979a2,WhiX,müthiş,5,0,4.8.0-googleplay,4.8.0-googleplay,2025-05-27 09:24:42,,,Chess.com,Google Play,en,us,2026-04-17 17:55:05,2025-05-27
948b4b92-b63d-45d7-b6d7-e9bbf47241c2,Brandy Ringleb,"I miss you too, chess",5,0,4.7.4-googleplay,4.7.4-googleplay,2025-05-27 03:37:26,,,Chess.com,Google Play,en,us,2026-04-17 17:55:05,2025-05-27
82fdc3e0-3e8d-4ee9-9641-b42ca9825669,Jared Gibson,The social/clubs side of the app needs some work (maybe when it's more popular). But it's overall very good!,5,0,4.8.0-googleplay,4.8.0-googleplay,2025-05-27 00:58:06,Thank you for this feedback. We'll look into expanding functionality of the Clubs as well as other social sections like Forums on the app!,2025-05-28 21:45:15,Chess.com,Google Play,en,us,2026-04-17 17:55:05,2025-05-27
0e8e2af1-f16d-436a-af7c-1a38b7d8fa1d,Michael Swart,A very good app.,5,0,4.8.0-googleplay,4.8.0-googleplay,2025-05-26 20:13:35,,,Chess.com,Google Play,en,us,2026-04-17 17:55:05,2025-05-20
a0218cec-e9eb-40cb-8961-19f835f394be,Nan A,Absolute beginner. Learning loads combined with Duolingo chess. Really enjoying it.,5,0,4.8.0-googleplay,4.8.0-googleplay,2025-05-26 15:18:30,Awesome! Keep taking your chess skills to the next level!,2025-05-28 21:36:04,Chess.com,Google Play,en,us,2026-04-17 17:55:05,2025-05-20
5e6f7db7-89aa-4022-9b02-3305b43189e9,John paul Monserate,"everything is good until I long press someone profile pic in League Leaderboard because I want to know his statistics but his profile pic stock on my screen and I can't touch anything so I tried to long press my power off button but the screen can't be touch but the Power off pops up so I do is I take out my sim card and put it back so I can restart my phone, Please Fix It... I will bring my 5 star rate if this already fixed... Thank you",2,0,4.7.5-googleplay,4.7.5-googleplay,2025-05-26 06:06:49,Sorry for the difficulties with the app crashing or getting stuck when pressing on another player's avatar. We'll look into this!,2025-05-26 18:07:17,Chess.com,Google Play,en,us,2026-04-17 17:55:05,2025-05-20
75d88780-d97c-434d-bd20-95124077d841,Nethu Mallawa,I dont wanna have to pay for the bare minimum,3,0,4.8.0-googleplay,4.8.0-googleplay,2025-05-25 19:23:44,"With a free account, you have limited access to Premium training tools, including one Game Review per day and three Lessons per week. If you'd like to try out all the training tools, we offer a free trial!",2025-05-26 18:17:01,Chess.com,Google Play,en,us,2026-04-17 17:55:05,2025-05-20
8987d6c1-516b-4c6b-9fa3-af5b3168720c,Prince Kingsley,"great experience, except my tournament score and stats don't show",3,0,,,2025-05-25 18:46:33,Please contact us and let us know more about this issue. We're here to help! You can reach our dedicated Support team here: www.chess.com/support,2025-05-26 18:17:21,Chess.com,Google Play,en,us,2026-04-17 17:55:05,2025-05-20
71b937ab-bae9-43b4-91b7-2f5105598609,Kalavathi Kala,This is one of the best chess game in mobile must try,5,0,,,2025-05-25 18:16:49,,,Chess.com,Google Play,en,us,2026-04-17 17:55:05,2025-05-20
4a81e8f3-cc77-4a2f-9cbc-e00b3d32a035,Hi-d Beck,its boring,1,0,4.8.0-googleplay,4.8.0-googleplay,2025-05-25 18:05:21,"Chess can be an exciting game! If you'd like to give it another try, make sure to go for a 3-minute or 5-minute chess game for a fast-paced and thrilling option!",2025-05-26 18:18:21,Chess.com,Google Play,en,us,2026-04-17 17:55:05,2025-05-20
2f80fac6-b742-4302-9a6b-24c0780989b1,Shwapno Chowdhury,Good games for me 👍🏻,5,0,4.8.0-googleplay,4.8.0-googleplay,2025-05-25 08:16:59,,,Chess.com,Google Play,en,us,2026-04-17 17:55:05,2025-05-20
4f69162f-bfe7-4577-b200-725292d6785e,Gayla Adapon,this app is amazing,5,0,4.8.0-googleplay,4.8.0-googleplay,2025-05-25 06:38:08,We're glad you like the Chess.com app. Thank you for your 5 star review!,2025-05-28 00:22:39,Chess.com,Google Play,en,us,2026-04-17 17:55:05,2025-05-20
2270978d-d4a8-4f68-b80a-9c261ad58e1e,KENZY KENZY,is my Best gam,5,0,,,2025-05-24 21:08:25,,,Chess.com,Google Play,en,us,2026-04-17 17:55:05,2025-05-20
3d5f7d67-2733-41da-9288-e789c41a58e6,juan cisneros,great game & always players online,5,0,4.8.0-googleplay,4.8.0-googleplay,2025-05-24 20:44:51,,,Chess.com,Google Play,en,us,2026-04-17 17:55:05,2025-05-20
75f8679d-9d86-4792-9fed-bc7c7448ded6,Johnathan Pieters,pretty good. althoigh they could be a bit nicer with the subscription promts,4,0,,,2025-05-23 22:25:55,"Thank you for this feedback. If you're interested in Premium membership, we offer three different membership plans at both annual or monthly rates, so there is an option for every budget! If you'd like to test out the amazing training features like video Lessons and Game Review, don't forget we offer a free trial!",2025-05-27 23:37:45,Chess.com,Google Play,en,us,2026-04-17 17:55:05,2025-05-20
67f5593e-3e3e-4666-ae3e-60d9d86cc428,Prince Gomes,To be honest it feels that you are on the top of the world when you win a couple of games but it is fluffing depressing when you loose. So yeah it's damn addictive and damn good at the same time.,5,0,4.8.0-googleplay,4.8.0-googleplay,2025-05-23 19:07:28,,,Chess.com,Google Play,en,us,2026-04-17 17:55:05,2025-05-20
236b1b6d-69d5-4a4c-b92d-bf78842d888f,Omkar Singh,nice 🙂,5,0,4.8.0-googleplay,4.8.0-googleplay,2025-05-23 14:24:59,,,Chess.com,Google Play,en,us,2026-04-17 17:55:05,2025-05-20
d8da4b99-29b8-4111-9717-1bff20744401,Nasrin Fathima,very nice 👍👍,5,0,4.8.0-googleplay,4.8.0-googleplay,2025-05-22 20:39:15,,,Chess.com,Google Play,en,us,2026-04-17 17:55:05,2025-05-20
bef7bae3-9307-483d-9642-7d756616d00d,Nick Monser,having a decent time learning and playing,5,0,4.8.0-googleplay,4.8.0-googleplay,2025-05-22 15:45:05,,,Chess.com,Google Play,en,us,2026-04-17 17:55:05,2025-05-20
f76275fb-28c5-488d-ba27-137e80c45b7c,Noob Hungry,This app helps me learn more about chess and I can pick my own leveled bot to match how good I am !!,5,0,4.8.0-googleplay,4.8.0-googleplay,2025-05-22 01:53:11,We're glad you're having fun playing chess against the Bots on the Chess.com app. Thank you for your comment!,2025-05-22 18:56:00,Chess.com,Google Play,en,us,2026-04-17 17:55:05,2025-05-20
ad258e39-2821-4932-943f-225916886443,islam Belaib,高い思考力に依存し、あなたを特別な存在にする美しく複雑なゲーム,5,0,,,2025-05-22 00:36:54,チェスは知性のジムです。Chess.comをご利用いただきありがとうございます！,2025-05-22 18:35:34,Chess.com,Google Play,en,us,2026-04-17 17:55:05,2025-05-20
3e956698-0a60-4d4f-8782-299b460829fb,jyothi.amirapu,kk but need features for movile,3,0,,,2025-05-21 13:29:21,"Thanks for this feedback. We will continue to work on adding more great features from the Chess.com website to the app. If you have any specific requests, please let us know at: www.chess.com/support",2025-05-21 18:36:45,Chess.com,Google Play,en,us,2026-04-17 17:55:05,2025-05-20
d1cb7a99-92ee-420f-863e-2d2ae07e265e,Bhakti Tingane,this is a nice game,3,0,,,2025-05-21 11:09:21,Thanks for your comment. If you have feedback for us or suggestions on how the Chess.com app could be better please let us know. We want the app to be worth 5 stars for you!,2025-05-21 18:48:06,Chess.com,Google Play,en,us,2026-04-17 17:55:05,2025-05-20
86b25812-8544-4110-848a-800c079cb519,Abdulsamad Giwa,only giving 4 stars cause I don't have access to variants,4,0,4.7.8-googleplay,4.7.8-googleplay,2025-05-21 10:39:32,"Thank you for your comment. It's possible to play Chess960 on the app, which is a fun variant where the starting position is randomized. This option can be found in the menu: Play>More>Custom>Standard>Chess960. We hope to add more variants in the future!",2025-05-22 17:05:24,Chess.com,Google Play,en,us,2026-04-17 17:55:05,2025-05-20
438ee09f-a7c1-43e9-b0ac-41713b3eaea8,mokhtar alshormani,i like it,5,0,4.6.11_oldLcc-googleplay,4.6.11_oldLcc-googleplay,2025-05-20 23:01:04,,,Chess.com,Google Play,en,us,2026-04-17 17:55:05,2025-05-20
a6326faa-c849-462f-b87e-7b8e78dff690,Carlo Sucgang,first time playing with timer. Like it.,5,0,4.7.8-googleplay,4.7.8-googleplay,2025-05-20 15:56:48,,,Chess.com,Google Play,en,us,2026-04-17 17:55:05,2025-05-20
fb231c86-79ba-463b-ab07-04fa13dfbe95,Shahla Aghamohamadi,this app is amazing for all the chess lovers from the beginner to.....,5,0,4.8.0-googleplay,4.8.0-googleplay,2025-05-20 14:34:40,,,Chess.com,Google Play,en,us,2026-04-17 17:55:05,2025-05-20
8fcc0e85-97b3-4f34-aac3-cd16ab009b2d,Rayhaan Choudhary,"great app for chess lovers and people to learn chess play from, almost every one in the chess o sphere is in on here, app has a view games section where in we can watch others while they play, lots of other features as well, beginners and experts can play alike , yet to unlock the paid for features and make further, better use of it,",4,0,4.7.0-googleplay,4.7.0-googleplay,2025-05-20 13:02:07,"We're glad you're having fun playing chess and watching top players' games on the Chess.com app. If you'd like to try out amazing training tools like Game Review, we offer a free trial!",2025-05-22 16:49:09,Chess.com,Google Play,en,us,2026-04-17 17:55:05,2025-05-20
aeada1b9-1c23-42a6-ba28-c70b7a805d65,Roseann Muthama,no bad experience in my side I love the app so far ☺️,5,0,4.7.8-googleplay,4.7.8-googleplay,2025-05-20 12:49:49,We're glad you like the Chess.com app. Thank you for your 5 star review!,2025-05-22 16:48:36,Chess.com,Google Play,en,us,2026-04-17 17:55:05,2025-05-20
ae46b53d-b6ba-4813-a591-3bf0629d9514,Quantam Explorer,Fun... good...cheesy.,5,0,4.6.27-googleplay,4.6.27-googleplay,2025-05-20 12:47:54,,,Chess.com,Google Play,en,us,2026-04-17 17:55:05,2025-05-20
6934a83e-b56f-470e-a4b1-2037309085cf,_OlekS_,Spoko gra. Dobrze zrobiona. Polecam gorąco!,5,0,4.7.8-googleplay,4.7.8-googleplay,2025-05-20 12:05:16,Dziękujemy za polecenie aplikacji Chess.com. Doceniamy Twoje wsparcie!,2025-05-22 16:48:34,Chess.com,Google Play,en,us,2026-04-17 17:55:05,2025-05-20
dcda3a20-8a76-44d1-bd6d-3cf0e5afe242,Abhijit more,not bas,2,0,,,2025-05-20 10:31:14,"If you're experiencing any issues with the Chess.com app or have any suggestions for us, we are here to help! Please visit this link for assistance: www.chess.com/support",2025-05-20 14:28:14,Chess.com,Google Play,en,us,2026-04-17 17:55:05,2025-05-20
a98c902b-296b-442d-8ac5-a7a97bc63cd3,Arnav Kumar,"i like it, have been using it for a year now. But I wish we could change our username whenever we wanted to. Also, it would be great if we don't lose elo if the game gets abandoned due to network issues, it's frustrating to lose elo even when you were supposed to win",5,3,4.8.0-googleplay,4.8.0-googleplay,2025-05-20 07:09:28,"Thank you for this feedback. Leaving games causes Elo loss, since otherwise players could disconnect on purpose to avoid losing Elo in lost game positions. Still, we'll keep reviewing this system for optimizations. You can change your username if you login to Chess.com in a web browser and visit the main settings page here: www.chess.com/settings",2025-05-22 16:32:19,Chess.com,Google Play,en,us,2026-04-17 17:55:05,2025-05-20
c47e4afc-2da8-43ca-8c5b-7775e92153ea,Ethan Ubas,9.3/10,5,0,4.7.7-googleplay,4.7.7-googleplay,2025-05-20 04:42:07,,,Chess.com,Google Play,en,us,2026-04-17 17:55:05,2025-05-20
77b3cb25-2fd0-4fcb-b4ce-42dcf36bc0e0,Reuben,Such a great chess game! I came into this game in 2024 and had never played chess and now I understand the rules and (id like to say) am really good at it! the only thing is that I wish u could play it where it doesn't show u Ur options on a certain game mode so it's more on skill than luck,5,0,4.8.0-googleplay,4.8.0-googleplay,2025-05-19 23:58:56,"We're glad you're having fun learning chess on the Chess.com app. If you'd like to display the display of available moves, you can turn off the setting ""Show legal moves"" in the menu: More > Settings > Board",2025-05-22 16:20:51,Chess.com,Google Play,en,us,2026-04-17 17:55:05,2025-05-13
25106612-616a-4225-a66d-1b8847bfad5b,leavemore mwinde,good game,5,0,4.8.0-googleplay,4.8.0-googleplay,2025-05-19 20:32:56,,,Chess.com,Google Play,en,us,2026-04-17 17:55:05,2025-05-13
978367aa-0172-4edf-a787-cbff59f277cb,Mohammed Brika,it's a good game 🎯,5,0,4.7.6-googleplay,4.7.6-googleplay,2025-05-19 20:11:55,,,Chess.com,Google Play,en,us,2026-04-17 17:55:05,2025-05-13
627f319d-fa6f-4039-b309-42f1c6a32585,Ezekiel jordan Nadasen,"I’m writing to express my frustration regarding the repeated disabling of my account. I understand that my first account was banned for resignation abuse — I accept responsibility for that and I genuinely did not know it was against the rules at the time. However, once I realized it was not allowed, I corrected my behavior and have never done it again. I have since used multiple accounts, but I want to make it clear that I have never cheated on any of them. I only play fairly and simply enjoy",1,0,4.8.0-googleplay,4.8.0-googleplay,2025-05-19 15:15:21,"We only close accounts when a violation of our policies has been detected. However, if you believe your account was closed in error, you can contest the closure by submitting this appeal form: https://go.chess.com/fair-play-appeal",2025-05-19 17:29:27,Chess.com,Google Play,en,us,2026-04-17 17:55:05,2025-05-13
feab409c-f3bb-4c81-beaf-01eb4d6b5bc3,Ong Kim Kui,Its A Great game,5,0,4.8.0-googleplay,4.8.0-googleplay,2025-05-19 14:36:40,,,Chess.com,Google Play,en,us,2026-04-17 17:55:05,2025-05-13
561ee0c7-9f42-4cf3-a934-a19767709a3d,Seeta Vishwakarma,it's a nice app for chess,5,0,4.7.8-googleplay,4.7.8-googleplay,2025-05-19 07:20:55,,,Chess.com,Google Play,en,us,2026-04-17 17:55:05,2025-05-13
4e9348b3-08f9-445d-9aa6-3f025113e423,edu edus,very good app to play chess,5,0,4.7.8-googleplay,4.7.8-googleplay,2025-05-19 00:04:07,,,Chess.com,Google Play,en,us,2026-04-17 17:55:05,2025-05-13
a11aff73-2680-4d4a-b184-da68757798ce,liviu mazuru,best chess game top 1,5,0,4.6.18-googleplay,4.6.18-googleplay,2025-05-18 22:12:03,,,Chess.com,Google Play,en,us,2026-04-17 17:55:05,2025-05-13
c6a782e3-df57-4fe5-9217-77bef4f92277,Jobrani Miniar,it was great.. I'm really obsessed with this game..,5,0,,,2025-05-18 21:40:35,,,Chess.com,Google Play,en,us,2026-04-17 17:55:05,2025-05-13
ebd2d52d-7fc2-406c-926e-02c4eaacab4f,Leba Henzo Nitouth Curtis,"waouh je suis franchement étonné, j'ai joué un match avec un adversaire en ligne, 15 min, et en pleine partie il s'arrête de jouer, et le temps ne fait que passer, jusqu'à le temps fini, et devinez quoi, on m'informe que j'ai perdu. c'est heu... comment dire, énervant. 😡😡😡😡",1,0,4.7.8-googleplay,4.7.8-googleplay,2025-05-18 21:37:04,Veuillez nous excuser pour l'erreur du chronomètre dans votre partie. Veuillez nous envoyer un rapport de bogue sur l'adresse suivante : www.chess.com/support. Nous examinerons votre rapport et nous efforcerons de résoudre l'erreur dans les plus brefs délais.,2025-05-19 17:40:02,Chess.com,Google Play,en,us,2026-04-17 17:55:05,2025-05-13
7ba4f677-072d-4c92-acf7-158f3568b3ee,Sekamatte Adrian,good app,5,0,4.8.0-googleplay,4.8.0-googleplay,2025-05-18 21:03:50,,,Chess.com,Google Play,en,us,2026-04-17 17:55:05,2025-05-13
2fdd3b62-8f14-421d-82a2-43a935cef3db,Niteen Sangamnere,❤️ I ❤️ love❤️ Playing ❤️ Chess❤️,5,0,4.4.8-googleplay,4.4.8-googleplay,2025-05-18 20:18:39,,,Chess.com,Google Play,en,us,2026-04-17 17:55:05,2025-05-13
0c4492be-ae9a-42e2-a5d4-670dffb0a83a,Jessica Podolsky,"I like the ease of using the app, along with the many features to simplify and also enrich the experience of use.",5,2,4.7.8-googleplay,4.7.8-googleplay,2025-05-18 15:43:44,,,Chess.com,Google Play,en,us,2026-04-17 17:55:05,2025-05-13
cf931791-9c92-476f-ad1c-3c9aca3a05d8,Punyesh Jain,Life Changing Game,5,0,4.7.8-googleplay,4.7.8-googleplay,2025-05-18 10:37:42,,,Chess.com,Google Play,en,us,2026-04-17 17:55:05,2025-05-13
823c3ead-cae2-4da4-a57f-b9e597b1142f,Muhammad Zaffry Mohamad Zamri,so good,5,0,4.7.8-googleplay,4.7.8-googleplay,2025-05-17 15:42:37,,,Chess.com,Google Play,en,us,2026-04-17 17:55:05,2025-05-13
a15dec6a-528d-4ba3-afab-5aae1497ba5e,Thanos kun,pls detec cheating in chess game,4,0,4.6.29-googleplay,4.6.29-googleplay,2025-05-17 08:19:19,"We have the most advanced cheating detection systems in the world of chess! If you have suspect a player of cheating, please report it by tapping their avatar, which will quickly trigger further review. We immediately remove any account found to be cheating, and rating points are returned to opponents.",2025-05-22 15:52:34,Chess.com,Google Play,en,us,2026-04-17 17:55:05,2025-05-13
efe68547-697c-4a6a-b81b-5e613497db05,Favour Udosen,you should make the tutorial free,3,0,4.7.8-googleplay,4.7.8-googleplay,2025-05-16 22:56:28,Thank you for this feedback. Don't forget that all Lessons and unlimited Puzzles are unlocked with any level of Premium membership. We offer a free 7-day membership trial if you're interested!,2025-05-20 14:41:13,Chess.com,Google Play,en,us,2026-04-17 17:55:05,2025-05-13
5e37c399-9520-4db1-bb8a-53b3b592e0ce,Jxoxo,"Chess is good for you, Lock in.",5,0,4.7.6-googleplay,4.7.6-googleplay,2025-05-16 21:05:38,,,Chess.com,Google Play,en,us,2026-04-17 17:55:05,2025-05-13
d31135f6-362f-47f3-8e67-76155d627dc1,Sherdor Murodjonov,please add more time for resign,1,0,,,2025-05-16 15:20:59,"Sorry for the difficulties! A game may end early if a disconnection occurs, which is designed to prevent players from waiting unnecessarily if an opponent has left the game. However, it should be possible to reconnect within 10% of the initial game time. Please visit this link to contact us for assistance if needed: www.chess.com/support",2025-05-16 15:49:45,Chess.com,Google Play,en,us,2026-04-17 17:55:05,2025-05-13
f9ec7355-7b6e-48f3-856d-84f1220b8b5e,Hossam Hetita,Full of cheaters & engines and the app doesn't take any actions towards them,1,0,4.8.0-googleplay,4.8.0-googleplay,2025-05-16 11:24:29,"We analyze hundreds of millions of games each month, and any account found to be cheating is immediately closed. Moderation stats are posted in monthly reports like this one: www.chess.com/article/view/chesscom-update-may-2025#FairPlay",2025-05-16 15:52:19,Chess.com,Google Play,en,us,2026-04-17 17:55:05,2025-05-13
69b1a70c-1c03-45c1-acaf-43c18c906fb9,bhaiguddu 2004,not bad,4,0,4.7.8-googleplay,4.7.8-googleplay,2025-05-16 08:31:21,,,Chess.com,Google Play,en,us,2026-04-17 17:55:05,2025-05-13
d8453173-4268-4ea7-8d78-5be0527a7757,Rekha Kamble,It's a good app and I like it it's perfect for all age people good experiences with this app 🥇this is the perfect for this app 👍,5,0,4.6.39-googleplay,4.6.39-googleplay,2025-05-14 19:54:27,,,Chess.com,Google Play,en,us,2026-04-17 17:55:05,2025-05-13
fceba707-782b-4595-9eb7-f0c4c98364ea,Shamiul Bashar,User friendly and real experience,5,0,4.7.8-googleplay,4.7.8-googleplay,2025-05-13 21:35:50,,,Chess.com,Google Play,en,us,2026-04-17 17:55:05,2025-05-13
77c08246-cb54-4b2a-85ea-fa66242db0e4,Welson Taro,best platform to learn chess.. great..,5,0,4.7.8-googleplay,4.7.8-googleplay,2025-05-13 19:42:11,,,Chess.com,Google Play,en,us,2026-04-17 17:55:05,2025-05-13
c236d142-5db0-4654-935a-9b3600376c35,Димитър Димитров,Very nice game!,5,0,4.7.8-googleplay,4.7.8-googleplay,2025-05-13 18:49:12,,,Chess.com,Google Play,en,us,2026-04-17 17:55:05,2025-05-13
250ed395-3da2-459c-9372-5e9728e56b5e,Archana Athalye,great 👍,5,0,4.7.8-googleplay,4.7.8-googleplay,2025-05-13 17:18:59,,,Chess.com,Google Play,en,us,2026-04-17 17:55:05,2025-05-13
e28e4a24-8169-4936-a1b0-34ded42f7c10,Krabac Amos,I'm losing games in the name of abandonment. this isn't cool can someone fix it. I can't enjoy it anymore.,1,0,4.7.7-googleplay,4.7.7-googleplay,2025-05-13 15:56:47,"Sorry for the difficulties! A game may end early if a disconnection occurs. If that's happening frequently, please try deleting and reinstalling the app, as well as confirming the stability of the Wifi or data connection. You can visit www.chess.com/support for further assistance!",2025-05-13 22:17:00,Chess.com,Google Play,en,us,2026-04-17 17:55:05,2025-05-13
85cf7a96-30c0-414e-b38a-a16f0c6a0ded,Im Muslim,Good 5 star sure,5,0,4.7.1-googleplay,4.7.1-googleplay,2025-05-13 11:24:37,,,Chess.com,Google Play,en,us,2026-04-17 17:55:05,2025-05-13
34bca132-cd99-45c8-a268-dfff06e59ab9,Akshat Warrier,pls increase the number of puzzles in free account,4,0,4.7.8-googleplay,4.7.8-googleplay,2025-05-13 10:56:08,"Thank you for your comment. Don't forget that unlimited Puzzles are included with any level of Premium membership, and we offer a free trial if you want to test out Premium!",2025-05-16 17:59:25,Chess.com,Google Play,en,us,2026-04-17 17:55:05,2025-05-13
b52c7254-c7a8-447a-bd0e-5d965e46b083,James Rodriguez-Hughes,"inlike it. you know what would be REALLY cool? if you could choose to pick up a game from a puzzle, with a equally challenged bot :)",4,0,4.7.8-googleplay,4.7.8-googleplay,2025-05-13 08:31:34,,,Chess.com,Google Play,en,us,2026-04-17 17:55:05,2025-05-13
f91afcde-c983-483c-b7c0-ee6ef427e706,Deepak Bhatt,lags too much. server error unlimited. hackers also are their.,1,0,,,2025-05-13 05:14:49,"Sorry for the interruption in your chess games! We've released an update with some significant optimizations to help minimize latency, timer errors, and losses by disconnection. Please ensure to update the app in the Google Play store. We'll keep working to make the game experience the best it can be!",2025-05-14 18:47:19,Chess.com,Google Play,en,us,2026-04-17 17:55:05,2025-05-13
a5c29ed9-b6a8-4381-a3f5-190fc397bb25,King,"Well its a good app in terms of playing online people in your same rankings but if you're internet service is bad then dont play until you find a better spot,if you dont then you might cost games that you could have won.",4,0,4.7.8-googleplay,4.7.8-googleplay,2025-05-13 02:44:51,,,Chess.com,Google Play,en,us,2026-04-17 17:55:05,2025-05-13
90f65af6-aa1f-4fdd-8f26-abc7ece4c323,Datu Prince Utto,nice games,5,0,4.7.7-googleplay,4.7.7-googleplay,2025-05-12 05:27:01,,,Chess.com,Google Play,en,us,2026-04-17 17:55:05,2025-05-06
bd9136f7-9736-4304-bdf2-7e0bee694209,Mr soulaimane Bassidi,I am playing chess sometimes it's an amazing app to improve your stratigic thinking. it's helping me a lot,5,0,4.7.5-googleplay,4.7.5-googleplay,2025-05-11 23:35:55,,,Chess.com,Google Play,en,us,2026-04-17 17:55:05,2025-05-06
f698ec6a-eb5c-4ce2-833c-a69b4fedec51,Bijumon Joseph,not working satisfactorily some times the app getting stucked even if there is internet is normal especially after each updates the app is getting worst,1,0,4.7.8-googleplay,4.7.8-googleplay,2025-05-11 21:00:22,Please contact us and let us know more about this issue. We're here to help! You can reach our dedicated Support team here: www.chess.com/support,2025-05-11 21:21:16,Chess.com,Google Play,en,us,2026-04-17 17:55:05,2025-05-06
c0956596-22de-4df2-bdad-fc422d80fe05,Walid Hasan,this chess app Very good,5,0,4.7.8-googleplay,4.7.8-googleplay,2025-05-11 19:03:31,,,Chess.com,Google Play,en,us,2026-04-17 17:55:05,2025-05-06
1f64f7f0-7780-41a2-a2c7-89de09729e1b,Kiran Ojha,i am facing a lot of problems here the timer of opponent has been stop and it is his turn .he is not even pulling a move and his timer also gets stop .how the timer of both player could stop at the same time ? i have to wait for him for hours to pull a move??? why not Auto abort ?,1,0,4.7.7-googleplay,4.7.7-googleplay,2025-05-10 08:10:20,"Sorry for the interruption in your chess games! We've released an update with some significant optimizations to help minimize latency, timer errors, and losses by disconnection. Please ensure to update the app in the Google Play store. We'll keep working to make the game experience the best it can be!",2025-05-14 18:48:01,Chess.com,Google Play,en,us,2026-04-17 17:55:05,2025-05-06
5e79ca5d-9697-458b-af63-67261ee6e954,chandresh yadav,best for playing and developing skills and sharpning minds.,5,0,4.7.7-googleplay,4.7.7-googleplay,2025-05-09 15:11:36,,,Chess.com,Google Play,en,us,2026-04-17 17:55:05,2025-05-06
d5bbf271-85a7-4796-b29a-0804bcdc9fc9,S S,i instantly became magnus,5,0,,,2025-05-08 14:13:03,,,Chess.com,Google Play,en,us,2026-04-17 17:55:05,2025-05-06
382366f1-ec45-4722-8de1-ee03c1bc1f02,Faith Tupos,I didn't know this game before but I saw on tiktok that (try chess it's fun) so I play and a few weaks later I know how to play this game⭐⭐⭐,5,0,,,2025-05-07 03:25:36,,,Chess.com,Google Play,en,us,2026-04-17 17:55:05,2025-05-06
371826ba-dafb-414a-a6fd-08564c643f6a,Kurniadi Putra,it's broken,1,0,4.7.7-googleplay,4.7.7-googleplay,2025-05-06 15:47:18,,,Chess.com,Google Play,en,us,2026-04-17 17:55:05,2025-05-06
dce0a928-8608-4b55-acbf-6dcfb8e249b4,Sarthak Mehta,great for chess 😭💀🙏,5,0,4.7.7-googleplay,4.7.7-googleplay,2025-05-06 04:17:39,,,Chess.com,Google Play,en,us,2026-04-17 17:55:05,2025-05-06
3ae7a07f-7afb-496b-87df-4cd0474e0229,Wael Mobark,bad in connection,1,0,4.7.7-googleplay,4.7.7-googleplay,2025-05-05 11:09:47,"Sorry for the interruption in your chess games! We've released an update with some significant optimizations to help minimize latency, timer errors, and losses by disconnection. Please ensure to update the app in the Google Play store. We'll keep working to make the game experience the best it can be!",2025-05-14 18:49:30,Chess.com,Google Play,en,us,2026-04-17 17:55:05,2025-04-29
553ae611-0001-41f3-877c-85f4c0fbcde0,Vishal Singh,worst app full of cheaters.,1,0,4.7.7-googleplay,4.7.7-googleplay,2025-05-04 15:01:49,,,Chess.com,Google Play,en,us,2026-04-17 17:55:05,2025-04-29
b54f7fe4-82d0-4e72-8f57-81b665b6fd66,Eric D,all chess 24/7 ! 😎,5,0,4.7.8-googleplay,4.7.8-googleplay,2025-05-03 17:48:50,,,Chess.com,Google Play,en,us,2026-04-17 17:55:05,2025-04-29
b1badd89-085f-455d-b25c-7fc6977c597e,Lone Ellingsgaard Isaksen,it's a great chess game good for starting to play,5,0,4.7.7-googleplay,4.7.7-googleplay,2025-05-02 14:41:18,,,Chess.com,Google Play,en,us,2026-04-17 17:55:05,2025-04-29
6481c9ec-16b3-453a-8d3b-6e58e578c1f6,Urmila Gaur,on the way to 1000,5,0,4.7.7-googleplay,4.7.7-googleplay,2025-05-02 12:04:48,,,Chess.com,Google Play,en,us,2026-04-17 17:55:05,2025-04-29
29093438-ca9a-4137-9c0d-85100e603fd0,samuel warden,"it is hard to find your way around the app, but it is still very good for chess",4,0,4.7.6-googleplay,4.7.6-googleplay,2025-05-01 15:16:58,Thanks for your review! If you have feedback for us or suggestions on how the Chess.com app could be better please let us know. We want the app to be worth 5 stars for you! You can visit this link to contact us: www.chess.com/support,2025-05-02 19:06:33,Chess.com,Google Play,en,us,2026-04-17 17:55:05,2025-04-29
d00b09c4-115a-4d8f-8a31-e1d89375905e,Suraj,"good experience, even ads are just poster type very impressive.",4,0,4.7.6-googleplay,4.7.6-googleplay,2025-05-01 06:20:54,"Thank you for this feedback. Ads not only help us keep games and other aspects of Chess.com free, but they also allow us to implement new features and to create the best events in the chess world! For an ad-free experience as well as access to amazing training tools like Lessons and Game Review, make sure to sign up for the free trial!",2025-05-22 16:47:29,Chess.com,Google Play,en,us,2026-04-17 17:55:05,2025-04-29
b32ef41d-ae48-4ed7-bafb-6bc132c7c5f7,Eric Mariscotes,nice app,5,0,,,2025-04-30 08:49:32,,,Chess.com,Google Play,en,us,2026-04-17 17:55:05,2025-04-29
904cb5f7-9e29-4a00-b785-a7efb08a7926,Rasesh Best,I love this 💞,5,0,4.7.7-googleplay,4.7.7-googleplay,2025-04-30 04:08:51,,,Chess.com,Google Play,en,us,2026-04-17 17:55:05,2025-04-29
fce3a221-49e3-4153-8026-bfa115595fb6,Harsh Upadhyay40_,I am learning new openings 😄,4,0,4.7.5-googleplay,4.7.5-googleplay,2025-04-28 14:03:54,We're glad you're having fun learning chess on the Chess.com app. Thank you for your comment!,2025-05-02 00:23:11,Chess.com,Google Play,en,us,2026-04-17 17:55:05,2025-04-22
68698d15-4821-4b14-b992-285a4259b4d1,William Kass,"app asked for review, app gets 1 star",1,0,4.7.6-googleplay,4.7.6-googleplay,2025-04-28 05:55:16,"If you're experiencing any issues with the Chess.com app or have any suggestions for us, we are here to help! Please visit this link for assistance: www.chess.com/support",2025-04-30 16:36:16,Chess.com,Google Play,en,us,2026-04-17 17:55:05,2025-04-22
44ccdb63-7dcb-42fe-8227-766bc25ded14,محمد امين اكرمي,This game is awesome 👌🏻 💙❤️👍🏻🙌🏻🙋🏻‍♂️🇩🇪🇮🇷🎉🎉🎉,5,0,4.7.5-googleplay,4.7.5-googleplay,2025-04-27 23:31:55,"Make sure to try out the Staunton chess board theme, which is a 3D design! You can find it by tapping on More > Themes > Staunton.",2025-03-21 22:20:43,Chess.com,Google Play,en,us,2026-04-17 17:55:05,2025-04-22
946518c9-1790-4e24-ab5f-59c3afe06049,Robin James,Perfect game experience and learning,5,0,4.7.6-googleplay,4.7.6-googleplay,2025-04-27 18:37:44,,,Chess.com,Google Play,en,us,2026-04-17 17:55:05,2025-04-22
93066939-d6e2-4722-81d1-8e67bd229552,Fairusnazri Md Sallih,my mind is blown from my opponents oppenings,5,0,4.7.7-googleplay,4.7.7-googleplay,2025-04-27 06:26:12,,,Chess.com,Google Play,en,us,2026-04-17 17:55:05,2025-04-22
3116feeb-23b8-4e0a-9ffc-7e6ea4d9c356,rama verma,excellent,5,0,4.7.6-googleplay,4.7.6-googleplay,2025-04-26 18:16:46,,,Chess.com,Google Play,en,us,2026-04-17 17:55:05,2025-04-22
3d5510a7-81f4-4254-8915-0a086a422338,Saksham Singh,worst game and service team....banned me without any reason as I was able to learn much quicker than my elo as it was a old account.....and didn't even listened to my appeal...gross app...go to lichess it's far way better,1,0,4.7.1-googleplay,4.7.1-googleplay,2025-04-26 01:55:10,"We only close accounts when a violation of our policies has been detected. However, if you believe your account was closed in error, you can contest the closure by submitting this appeal form: https://go.chess.com/fair-play-appeal",2025-04-30 16:28:14,Chess.com,Google Play,en,us,2026-04-17 17:55:05,2025-04-22
c855e2c8-b517-48ad-83a1-a40a0d5b842c,Wisdom Nelson,changed my life,5,0,4.7.2-googleplay,4.7.2-googleplay,2025-04-24 13:48:35,,,Chess.com,Google Play,en,us,2026-04-17 17:55:05,2025-04-22
6ea42e5a-1e80-43b3-ae13-d0e760c33ae1,Agaba Adolf,Wonderful,5,0,4.7.5-googleplay,4.7.5-googleplay,2025-04-24 01:00:01,,,Chess.com,Google Play,en,us,2026-04-17 17:55:05,2025-04-22
844f99d2-8371-401b-bf62-df2b25926d89,Indri Fitriana,"a great game witch allow people to get better at chess by doing puzzle, lesson, play bots, and playing with other",5,3,4.7.6-googleplay,4.7.6-googleplay,2025-04-23 14:35:24,,,Chess.com,Google Play,en,us,2026-04-17 17:55:05,2025-04-22
33efc5d4-cdcb-4e7c-9420-dfd0ada29eaf,Bailey Leeper,Solid game. I only wish it was like the old windows chess that was 3d,5,0,4.7.6-googleplay,4.7.6-googleplay,2025-04-23 10:01:34,"Make sure to try out the Staunton chess board theme, which is a 3D design! You can find it by tapping on More > Themes > Staunton.",2025-04-30 18:05:08,Chess.com,Google Play,en,us,2026-04-17 17:55:05,2025-04-22
e4e8fb54-0b2f-4c60-a725-5a5c92f725bd,Cd Sharma,it's the best platform ever I have become a good player,5,0,4.7.6-googleplay,4.7.6-googleplay,2025-04-23 07:24:31,,,Chess.com,Google Play,en,us,2026-04-17 17:55:05,2025-04-22
7e3225f5-04a4-46e6-a308-a2968a337974,Vansh,Very good platform for chess players as this provide competition to 1v1 to any player under his or her rating and puzzles are very usefull to develop gradually your skills..,4,0,4.7.5-googleplay,4.7.5-googleplay,2025-04-23 06:02:20,Thanks for an awesome review. We're glad you're enjoying Chess.com!,2025-04-30 18:06:52,Chess.com,Google Play,en,us,2026-04-17 17:55:05,2025-04-22
6464b26f-452e-447f-986e-d50e9980ce58,Lauma Anzii,Great app. Useful and fun 👍,3,0,4.7.4-googleplay,4.7.4-googleplay,2025-04-22 15:53:47,Thanks for your review! If you have feedback for us or suggestions on how the Chess.com app could be better please let us know. We want the app to be worth 5 stars for you! You can visit this link to contact us: www.chess.com/support,2025-04-22 18:45:59,Chess.com,Google Play,en,us,2026-04-17 17:55:05,2025-04-22
7790604a-2953-4679-8b39-dbfa4c2888eb,Osjsnsijd Shsjjsnd,"So glitchy, my opponent had 7 seconds and I also had 8 , I made a move in 0.5 or less then my opponent didn't make any move and ran out of time I should have won but it showed I ran out of time instead of my opponent this happens almost everytime and makes the game unpalayable Lichess is better no glitches like these",1,0,,,2025-04-21 12:01:18,"Sorry for the difficulties! It's possible that your submission of a move in the game might be interrupted if a disconnection occurs. We're doing our utmost to optimize server connectivity, and we can offer some tips to optimize your local network and device at: support.chess.com/en/articles/8652402-how-can-i-optimize-my-online-chess-performance",2025-04-22 18:55:54,Chess.com,Google Play,en,us,2026-04-17 17:55:05,2025-04-15
1040105f-1db9-4268-9f90-14bfd07f39aa,Sanskar Shelke,Amazing platform to grow our chess skills I thought every chess player must try this,5,0,4.7.6-googleplay,4.7.6-googleplay,2025-04-21 08:47:33,,,Chess.com,Google Play,en,us,2026-04-17 17:55:05,2025-04-15
5e8f2c9b-c4fa-4950-be1b-7133442ace03,Sabelo Masombuka,nca way to take a study break.,4,0,4.7.6-googleplay,4.7.6-googleplay,2025-04-20 18:11:31,,,Chess.com,Google Play,en,us,2026-04-17 17:55:05,2025-04-15
85720f7c-3739-4b2a-a060-833b77ded11d,Richard Maluwa,Maybe one day I will play an international chess game,5,0,4.7.6-googleplay,4.7.6-googleplay,2025-04-20 18:05:33,,,Chess.com,Google Play,en,us,2026-04-17 17:55:05,2025-04-15
eece0fee-65d5-471e-9d38-fee8c7e32d9c,Kartar Singh,it's amazing ❤️,5,0,4.7.6-googleplay,4.7.6-googleplay,2025-04-20 05:14:32,,,Chess.com,Google Play,en,us,2026-04-17 17:55:05,2025-04-15
35700972-e63d-48a4-8b55-013fa187c566,Scovia Ayebazibwe,this is the best app,5,0,4.7.2-googleplay,4.7.2-googleplay,2025-04-18 21:01:36,,,Chess.com,Google Play,en,us,2026-04-17 17:55:05,2025-04-15
c6fb1615-cd8a-4868-b88d-4b162d74c38c,Kellie Platt,unfair matchmaking,1,0,,,2025-04-18 18:15:53,You can filter games by opponent rating using the menu: Play > More > Custom game. Your rating filter will take effect for all your future games.,2025-04-22 19:28:57,Chess.com,Google Play,en,us,2026-04-17 17:55:05,2025-04-15
16dd012c-e256-45e7-951a-8ce7b5961642,Logan Mckenzie,"Really good game, good for practice👍",5,0,4.7.6-googleplay,4.7.6-googleplay,2025-04-18 15:44:46,,,Chess.com,Google Play,en,us,2026-04-17 17:55:05,2025-04-15
85889f08-7d8a-4e72-a1f3-c4264b196571,Narendra Nath,best chess app to improve the game,5,0,4.7.5-googleplay,4.7.5-googleplay,2025-04-18 15:06:38,Thank you for this feedback. Keep taking your chess skills to the next level!,2025-04-18 17:23:06,Chess.com,Google Play,en,us,2026-04-17 17:55:05,2025-04-15
5f38f951-78fa-4805-9c2f-b18d6da4136a,Kr Neki,this app suck,1,0,,,2025-04-17 10:48:09,"If you're experiencing any issues with the Chess.com app or have any suggestions for us, we are here to help! Please visit this link for assistance: www.chess.com/support",2025-04-17 18:05:59,Chess.com,Google Play,en,us,2026-04-17 17:55:05,2025-04-15
80c3acb3-8a42-4c74-8f5b-c528461cfdc9,Liu Bov,That is awesome app and overall well programmed! I'm enjoying it and learning a lot!,5,0,4.7.4-googleplay,4.7.4-googleplay,2025-04-16 03:10:06,We're glad you like the Chess.com app's design. Thank you for your comment!,2025-04-16 22:02:19,Chess.com,Google Play,en,us,2026-04-17 17:55:05,2025-04-15
08c17da4-65d8-4ae7-afb8-fd8e7c9dbb18,Pooja Pooja,best game,5,0,4.7.5-googleplay,4.7.5-googleplay,2025-04-15 08:34:54,,,Chess.com,Google Play,en,us,2026-04-17 17:55:05,2025-04-15
2e35da77-ba37-4de9-a04d-f856b52fda51,Aagam Jain,Best platform to learn chess ♟️,5,0,4.7.5-googleplay,4.7.5-googleplay,2025-04-15 07:11:04,We're glad you think the Chess.com app is the best. Thank you for your review!,2025-04-17 18:28:38,Chess.com,Google Play,en,us,2026-04-17 17:55:05,2025-04-15
6d7f0c86-6177-4749-b9ed-c5c01e056485,saleh aizad,Why my account have been disable?? I'm not cheating or do something illegal. You disabled my account without tell anything plus reason and this is totally unfair I have being go thru high level,1,0,4.7.5-googleplay,4.7.5-googleplay,2025-04-14 13:51:39,"We only close accounts when a violation of our policies has been detected. However, if you believe your account was closed in error, you can contest the closure by submitting this appeal form: https://go.chess.com/fair-play-appeal",2025-04-14 22:20:55,Chess.com,Google Play,en,us,2026-04-17 17:55:05,2025-04-08
d7a6f7cc-48d2-4bd3-9360-7cf0b881e7ce,Dominick Minervini,"Excellent. I improved from such a poor player to low intermediate. It doesn't sound like much, but it has made the game so much more enjoyable.",5,0,4.7.5-googleplay,4.7.5-googleplay,2025-04-13 15:41:45,,,Chess.com,Google Play,en,us,2026-04-17 17:55:05,2025-04-08
ad8ae1b1-3c37-4917-95de-52e377f9db61,Alfie Boylan,amazing,5,0,4.6.27-googleplay,4.6.27-googleplay,2025-04-13 13:12:18,,,Chess.com,Google Play,en,us,2026-04-17 17:55:05,2025-04-08
9f4be177-1d0b-435f-8cac-7b1d6abc3a57,Vikam Kumar akela,faaaaaaaaadddddu game,5,0,4.7.2-googleplay,4.7.2-googleplay,2025-04-12 14:20:09,,,Chess.com,Google Play,en,us,2026-04-17 17:55:05,2025-04-08
6495626e-0e9e-4964-a5e2-e831285e3349,Geomeah Sinde,it good I won't lie,3,0,4.7.5-googleplay,4.7.5-googleplay,2025-04-12 13:40:52,Thanks for your comment. If you have feedback for us or suggestions on how the Chess.com app could be better please let us know. We want the app to be worth 5 stars for you!,2025-04-14 22:58:47,Chess.com,Google Play,en,us,2026-04-17 17:55:05,2025-04-08
c3280e33-68ea-47d2-802d-e3d1145d40ca,Abigail Malama,I get to learn and play chess with friends online,5,0,,,2025-04-12 11:06:15,We're glad you're enjoying playing chess with friends on the Chess.com app. Thank you for your comment!,2025-04-15 19:28:35,Chess.com,Google Play,en,us,2026-04-17 17:55:05,2025-04-08
e625b95f-e62e-4659-a47b-dca0994ec3f8,シカムカムカムン,This app is so fun you can pvp and get some ELO,5,0,4.6.11_oldLcc-googleplay,4.6.11_oldLcc-googleplay,2025-04-12 05:03:59,,,Chess.com,Google Play,en,us,2026-04-17 17:55:05,2025-04-08
ae7ee067-3858-4b11-afc3-6054dc3c4f4d,bhanu prakash,fraud all unethical move they are doing,1,0,4.7.5-googleplay,4.7.5-googleplay,2025-04-12 04:39:10,"If you're experiencing any issues with the Chess.com app or have any suggestions for us, we are here to help! Please visit this link for assistance: www.chess.com/support",2025-04-14 23:06:01,Chess.com,Google Play,en,us,2026-04-17 17:55:05,2025-04-08
72ebd58f-2df7-4ada-9b91-56f1e0408ce7,Edwin Kimathi,nice one 😀,3,0,4.7.5-googleplay,4.7.5-googleplay,2025-04-10 18:12:48,Thanks for your comment. If you have feedback for us or suggestions on how the Chess.com app could be better please let us know. We want the app to be worth 5 stars for you!,2025-04-10 18:34:06,Chess.com,Google Play,en,us,2026-04-17 17:55:05,2025-04-08
8d34076e-3513-4d1b-85dc-2896fb79735b,Ashi mashi,thats awful 😖,1,0,,,2025-04-09 11:28:17,"If you're experiencing any issues with the Chess.com app or have any suggestions for us, we are here to help! Please visit this link for assistance: www.chess.com/support",2025-04-10 18:22:45,Chess.com,Google Play,en,us,2026-04-17 17:55:05,2025-04-08
0925c288-d4a1-4067-9bf5-210e363ee560,Shumang,This app is nearly perfect the only problem is the chess chatroom which I need to keep refreshing to see new messages when analyzing with my opponents and friends,4,0,,,2025-04-08 09:56:04,"Thank you for this feedback. If the problem with messaging display persists, please let us know in a quick bug report at: www.chess.com/support",2025-04-11 18:14:41,Chess.com,Google Play,en,us,2026-04-17 17:55:05,2025-04-08
b5b48e39-f9f2-4e09-b2c5-63e3290cbd6f,Kashif Khan,very good game and setup is really good. very fun to play with friends. highly recommended,5,0,4.7.5-googleplay,4.7.5-googleplay,2025-04-08 07:24:08,We're glad you're enjoying playing chess with friends on the Chess.com app. Thank you for your comment!,2025-04-11 18:16:09,Chess.com,Google Play,en,us,2026-04-17 17:55:05,2025-04-08
aa52aa30-0ba9-40b0-a158-a676b03afe7c,Elsagav Shaham,"Fun with puzzles, helps w tactics, and overall speeds up thinking and game, w less anxiety. apr25: lessons are very simple and advancing. should help with the opening.",5,0,4.7.5-googleplay,4.7.5-googleplay,2025-04-07 12:17:26,We're glad you're having fun solving Puzzles and studying chess Lessons on the Chess.com app. Thank you for your comment!,2025-04-11 18:05:23,Chess.com,Google Play,en,us,2026-04-17 17:55:05,2025-04-01
a559610d-ae73-4831-8bed-b60c131e4bcd,Ahmed Mosaad,"Why was my account suddenly suspended, which I activated 8 years ago, despite adhering to the game’s rules, and the loss of my ranking and level?؟!! A Great game but my rating is based on my unfair exclusion 😶",1,0,4.6.25_oldLcc-googleplay,4.6.25_oldLcc-googleplay,2025-04-06 19:04:31,"We only close accounts when a violation of our policies has been detected. However, if you believe your account was closed in error, you can contest the closure by submitting this appeal form: https://go.chess.com/fair-play-appeal",2025-04-07 21:37:01,Chess.com,Google Play,en,us,2026-04-17 17:55:05,2025-04-01
85c3ea95-da1b-45d4-990f-0e95166b0461,Elite Sports,"Great app, very competitive.",5,0,4.7.5-googleplay,4.7.5-googleplay,2025-04-06 18:06:13,,,Chess.com,Google Play,en,us,2026-04-17 17:55:05,2025-04-01
10a0e5f7-e03c-4489-b805-841087cc8622,MistyMusings,"Every chess player should have this app. It has everything— Puzzles, online chess, openings,vs computer, analysis, review after matches, famous games, you name it. It is an indispensable tool for levelling up your chess skills. I only wish that they gave unlimited puzzles daily (you need to buy a membership to unlock it)",5,3,4.7.4-googleplay,4.7.4-googleplay,2025-04-06 12:36:09,"We're glad you're enjoying all the Chess.com app has to offer! If you'd like to try out unlimited Puzzles, Lessons, Coaching games and more, make sure to sign up for the free trial!",2025-04-11 17:45:44,Chess.com,Google Play,en,us,2026-04-17 17:55:05,2025-04-01
4a00c47b-cf43-45ff-98c9-ccb4c60c2f11,JATIN PEGU,excellent game,5,0,4.7.5-googleplay,4.7.5-googleplay,2025-04-06 07:49:08,,,Chess.com,Google Play,en,us,2026-04-17 17:55:05,2025-04-01
dd2e07a1-0311-4319-9b99-916c0a920eef,Vlademer Berondo,good game though I think I have a few things to do in Japanese hiragana,5,0,,,2025-04-05 14:38:08,,,Chess.com,Google Play,en,us,2026-04-17 17:55:05,2025-04-01
e54608ec-cd1c-49ef-9643-6b9822c8dd78,Hong Jin Yap,Bots are too op( like immediate move and no blunders) even though I am only 600 elo in blitz 2 minutes.Please put it in higher elo's players rank :( I got downgraded to 500 ELO this sucks (edit),1,0,4.7.5-googleplay,4.7.5-googleplay,2025-04-04 05:51:28,"Thank you for this feedback. We have more than 80 bot personalities with difficulty ratings for all playing levels! Make sure to choose a bot at the top of the bot player list for an easier challenge, then you can work you way up to tougher opponents!",2025-02-24 18:17:58,Chess.com,Google Play,en,us,2026-04-17 17:55:05,2025-04-01
333bacaa-a741-4173-ad90-368334f71302,Kesroy Ewen,way to make ond smart,5,0,4.7.4-googleplay,4.7.4-googleplay,2025-04-01 05:59:03,,,Chess.com,Google Play,en,us,2026-04-17 17:55:05,2025-04-01
4e15da7f-28a1-4dc5-b820-ddb0eb67c815,Belal Uddin,Awesome quick online game,5,0,4.7.5-googleplay,4.7.5-googleplay,2025-03-30 19:21:04,,,Chess.com,Google Play,en,us,2026-04-17 17:55:05,2025-03-25
cf0b2d2f-1d87-418f-a5ab-bb61c8d561fe,bladimir García,Great and wonderful 👏 😀,5,0,4.7.4-googleplay,4.7.4-googleplay,2025-03-30 05:37:02,,,Chess.com,Google Play,en,us,2026-04-17 17:55:05,2025-03-25
453dd81a-fbc8-4c39-842c-6d152639d0b4,Tudor Vet,Best chess app,5,0,4.2.15-googleplay,4.2.15-googleplay,2025-03-29 16:40:26,,,Chess.com,Google Play,en,us,2026-04-17 17:55:05,2025-03-25
76b94723-a9ec-4ad0-b8f1-e051ff7f0b6b,KARTIK MISHRA,It's quite a worth it app for playing chess but the problem is over the time it has monetized lot of its amazing features. Also there is some sort of glitch with the time while playing chess online otherwise it's quite a piece,4,0,4.6.8-googleplay,4.6.8-googleplay,2025-03-28 08:15:23,"Thank you for this feedback. We think we have the very best chess training tools available, and that's what sets Chess.com apart! If you're interested in video Lessons created by masters of the game, thousands of Puzzles, and personalized game analysis, we offer a free trial, as well as three different membership options at annual or monthly rates.",2025-03-28 18:42:46,Chess.com,Google Play,en,us,2026-04-17 17:55:05,2025-03-25
c5352466-cf26-4437-bab3-8d9e1ba64818,samy sadi,"Premoves should be sent to the server, then apply an extra delay if necessary per move (0.1 seconds or whatever). This ensures everyone has the same chances regardless of connection speed. Besides, the app is much more slower than lichess.",3,1,4.7.4-googleplay,4.7.4-googleplay,2025-03-27 15:34:59,"Sorry for the difficulties! We are working on major server expansions to continue to optimize connectivity for our players around the world. In the meantime, if the problem persists after verifying your network connection, please visit this link for further assistance: www.chess.com/support",2025-03-27 18:46:24,Chess.com,Google Play,en,us,2026-04-17 17:55:05,2025-03-25
e679dae0-01bb-42fb-a491-16c6d47254eb,kancherla sreenivasareddy,Great for everything except bullet. Website works fine but the app drains a lot of time even for premoves.,5,0,4.6.40-googleplay,4.6.40-googleplay,2025-03-25 19:37:45,"Hi! Please try clearing application data in your Android's app settings (Settings--Application Settings--Chess.com--Storage--Click 'Delete app data' and 'Clear Cache'). If that doesn't help, please visit chess.com/support for further assistance! Thanks!
",2024-09-26 13:34:19,Chess.com,Google Play,en,us,2026-04-17 17:55:05,2025-03-25
f121e81e-7b6b-4961-8d18-09cacb134dec,Philomath25,"The cheat detection is insanely awful. Its abundantly clear theyre neither trying or even pretending to try to resolve cheating and other toxicity below very high ELOs. Edit: As a response. Your statistics estimate roughly 1.2% account closures against new accounts each day. Thats absurd. Its estimated around 20% of people cheat in a marriage, and double that in FPS games. You honestly think someone is 17 times more likely to get caught cheating in a marriage than in a free online chess app?",1,0,,,2025-03-25 17:08:40,"We take cheating extremely seriously! We are always expanding our detection systems, and we immediately remove accounts found to be cheating. You can view our moderation stats in monthly reports like this one: www.chess.com/article/view/chesscom-update-february-2025",2025-03-18 16:31:00,Chess.com,Google Play,en,us,2026-04-17 17:55:05,2025-03-25
48844860-b752-4630-a38b-1d43120f2c77,Alphany Aragua,"my internet was fine but the game lags it always says low signal and causes my game to lose, even my wifi was full still the game lags i lost many of my elos rating because of this lag, This game is such a Disappointment",1,0,4.7.4-googleplay,4.7.4-googleplay,2025-03-25 17:07:47,"Sorry for the difficulties! We are working on major server expansions to continue to optimize connectivity for our players around the world. In the meantime, if the problem persists after verifying your network connection, please visit this link for further assistance: www.chess.com/support",2025-03-26 18:08:45,Chess.com,Google Play,en,us,2026-04-17 17:55:05,2025-03-25
d2ed47cc-7938-42d9-84ea-ac11c4930613,Nemanja Vučićević,We trust in Dina! 😎🌞,5,0,4.7.4-googleplay,4.7.4-googleplay,2025-03-25 16:28:13,,,Chess.com,Google Play,en,us,2026-04-17 17:55:05,2025-03-25
995e8afc-ae76-40cc-a2cf-ba5449d48a52,Iain Coyne,love it. can play friends and great options,5,0,4.6.11_oldLcc-googleplay,4.6.11_oldLcc-googleplay,2025-03-25 15:00:49,We're glad you're enjoying playing chess with friends on the Chess.com app. Thank you for your comment!,2025-03-26 21:12:05,Chess.com,Google Play,en,us,2026-04-17 17:55:05,2025-03-25
60a22363-408f-4cbf-8200-7effc51ef873,ツTNH,EVERYTHING IS FINE BUT TIME GLITCH 😐,1,0,4.7.4-googleplay,4.7.4-googleplay,2025-03-25 02:51:19,"Sorry for the difficulties! Issues with the game clock can occur due to latency. Please try deleting and reinstalling the app, and if the latency continues, visit this link for further assistance: www.chess.com/support",2025-03-25 16:31:05,Chess.com,Google Play,en,us,2026-04-17 17:55:05,2025-03-25
0178e0fb-e3d1-413a-8a85-dae710b929c2,Ziad Mohsen,They removed engine analysis,4,2,,,2025-03-24 20:34:20,"Self-Analysis is still available! After your game ends, simply close out the game result overlay, then tap on the magnifying glass icon at the top right of the screen to open Self-Analysis.",2025-03-24 18:36:50,Chess.com,Google Play,en,us,2026-04-17 17:55:05,2025-03-18
a25b98a0-3e1d-4687-a084-c41114bea31c,Grip Gear,"Nice, well teaching game",4,0,4.7.3-googleplay,4.7.3-googleplay,2025-03-24 17:08:45,,,Chess.com,Google Play,en,us,2026-04-17 17:55:05,2025-03-18
6dfe2f98-6d49-4c0f-a7c2-b685627cac15,SANJIT KUMAR,I'm am very interested this game 🎮,5,0,4.7.4-googleplay,4.7.4-googleplay,2025-03-23 16:16:08,"Thank you for this feedback. Don't forget we offer a free 7-day membership trial to test out Premium features! Make sure to sign up if you'd like to test out unlimited Puzzles and video Lessons, as well as Game Review analysis. We also offer three different membership tiers at monthly or annual rates.",2025-03-23 20:13:48,Chess.com,Google Play,en,us,2026-04-17 17:55:05,2025-03-18
0d904f03-a08f-45a5-9bd4-7895013d6ff3,BitmapOG,amazing stuff,5,0,4.7.2-googleplay,4.7.2-googleplay,2025-03-23 03:16:46,,,Chess.com,Google Play,en,us,2026-04-17 17:55:05,2025-03-18
10f4af64-afbe-40a2-aca2-4de038229d0b,Mohammad Farkhari,Perfect,5,0,4.7.4-googleplay,4.7.4-googleplay,2025-03-21 18:11:12,,,Chess.com,Google Play,en,us,2026-04-17 17:55:05,2025-03-18
3a751899-dc9b-4c73-b751-aea44e49fb6f,Chetna,The game and itfunctioning are all really good but none of bots work .. no computer player works in my phone it does work when I play on web but it does not work on phone... I really need the issue cleared,3,0,4.7.3-googleplay,4.7.3-googleplay,2025-03-21 15:57:11,"This problem can occur when the Chess.com app is installed onto an external memory card. Installing the app on your Android device's internal memory instead should resolve the issue. If the problem with playing against the bots persists, please let us know at: www.chess.com/support",2025-03-21 16:58:15,Chess.com,Google Play,en,us,2026-04-17 17:55:05,2025-03-18
8e525bf3-85a1-41b3-bee3-86cf7c97d267,Yash Pawar,best platform for game. no need to talk for chess its always OG,5,0,4.7.3-googleplay,4.7.3-googleplay,2025-03-20 10:55:39,,,Chess.com,Google Play,en,us,2026-04-17 17:55:05,2025-03-18
0bd20837-845a-4e43-b642-41b23674ccd1,Kabaso David,"I just think it's amazing, but One thing most of the cool features are only available on premium",4,0,4.7.3-googleplay,4.7.3-googleplay,2025-03-18 19:13:02,"Thank you for this feedback. Don't forget we offer a free 7-day membership trial to test out Premium features! Make sure to sign up if you'd like to test out unlimited Puzzles and video Lessons, as well as Game Review analysis. We also offer three different membership tiers at monthly or annual rates.",2025-03-20 15:04:18,Chess.com,Google Play,en,us,2026-04-17 17:55:05,2025-03-18
a24eb7c6-51bb-43df-9ad3-e8628be79e40,Aron 777,probably the best chess app. not a bot fr,5,0,4.7.2-googleplay,4.7.2-googleplay,2025-03-18 17:48:37,,,Chess.com,Google Play,en,us,2026-04-17 17:55:05,2025-03-18
4fd9c526-e1d3-470c-bec3-eb4ec58004c9,Eitanun,Not 5 because it's not free,4,0,4.7.3-googleplay,4.7.3-googleplay,2025-03-18 12:56:41,"Thank you for this feedback. Don't forget we offer a free 7-day membership trial to test out Premium features! Make sure to sign up if you'd like to test out unlimited Puzzles and video Lessons, as well as Game Review analysis. We also offer three different membership tiers at monthly or annual rates.",2025-03-20 14:51:25,Chess.com,Google Play,en,us,2026-04-17 17:55:05,2025-03-18
e2b1fa32-04eb-464c-947b-7f6d7b3d9729,Leo ZMT,I love chess,5,0,4.7.3-googleplay,4.7.3-googleplay,2025-03-18 05:32:23,,,Chess.com,Google Play,en,us,2026-04-17 17:55:05,2025-03-18
461c4841-049f-4709-9e56-9d772e77fd05,Krishna,very good plateform for learning and playing,5,0,4.7.2-googleplay,4.7.2-googleplay,2025-03-18 03:48:03,,,Chess.com,Google Play,en,us,2026-04-17 17:55:05,2025-03-18
4a2834d3-9689-4f6d-bf2a-ba2ee6177f25,ßîkash Gurung,very good.,5,0,4.7.2-googleplay,4.7.2-googleplay,2025-03-17 20:20:47,,,Chess.com,Google Play,en,us,2026-04-17 17:55:05,2025-03-11
130ba167-10c5-49f2-a705-7425ace1590c,musanya katati,Excellent game. Especially that I play against individuals and option to play a bolt.,5,0,4.7.2-googleplay,4.7.2-googleplay,2025-03-17 15:14:49,,,Chess.com,Google Play,en,us,2026-04-17 17:55:05,2025-03-11
4a540071-3438-4bc3-b4a2-1b71ebfebada,Dimakatso Mbovu,best free app for chess players ❤️💡,5,0,4.7.2-googleplay,4.7.2-googleplay,2025-03-17 12:51:10,,,Chess.com,Google Play,en,us,2026-04-17 17:55:05,2025-03-11
f33d7b39-0c1d-4664-9c47-dee748ef1a54,1283,"It's chess, what more could you expect?",5,0,4.7.3-googleplay,4.7.3-googleplay,2025-03-16 20:41:58,,,Chess.com,Google Play,en,us,2026-04-17 17:55:05,2025-03-11
9cc17264-e98a-4425-b3da-7733239004d9,Joseph Lyles,This website is trying to change the name of the bishop piece.,1,0,,,2025-03-16 19:33:51,The Bishop's name isn't changing--this was a joke! We post chess memes on social media as a fun way to engage with players on Chess.com. Just last month on X we made the same joke in asking players to suggest funny names for the Rook!,2025-03-19 18:20:53,Chess.com,Google Play,en,us,2026-04-17 17:55:05,2025-03-11
c4e7fceb-6c48-47d4-98b1-2488e1b1b239,ntsako tivane,I am having a great experience,5,0,,,2025-03-16 17:48:00,,,Chess.com,Google Play,en,us,2026-04-17 17:55:05,2025-03-11
acb368ac-fbf6-4756-8b97-68cfde92ffdb,Pete,best Chess app I've used.,5,0,4.7.2-googleplay,4.7.2-googleplay,2025-03-15 23:27:57,,,Chess.com,Google Play,en,us,2026-04-17 17:55:05,2025-03-11
176fa8f7-d5ee-493c-8cd4-4a43d80b6e4e,Sudipta Bandyopadhyay,v good for learning and fun,5,0,4.7.2-googleplay,4.7.2-googleplay,2025-03-15 19:40:33,,,Chess.com,Google Play,en,us,2026-04-17 17:55:05,2025-03-11
5fd72b85-4009-417e-bb82-d4411eef6052,Mukesh Shah,Excellent👍 Best for beginners and experts.,5,0,,,2025-03-15 18:19:40,,,Chess.com,Google Play,en,us,2026-04-17 17:55:05,2025-03-11
b5d4744f-ab49-471c-9bd7-8a986e8fed30,Bandana Mitra,"good, but why can't you chat while there is a countdown for the opponent when the are going to abandon the game.",4,0,4.7.2-googleplay,4.7.2-googleplay,2025-03-15 16:22:35,"If an opponent has left the game, the chat will be disabled. Thank you for your review!",2025-03-20 14:10:06,Chess.com,Google Play,en,us,2026-04-17 17:55:05,2025-03-11
33fef8a1-ba5e-4c56-bffc-bac6f70219fb,RAM MOHAN SHUKLA,Very Good for practice,5,0,4.7.2-googleplay,4.7.2-googleplay,2025-03-15 13:24:49,,,Chess.com,Google Play,en,us,2026-04-17 17:55:05,2025-03-11
f0fe144b-9bb0-4918-b502-ffab19bf8dd7,Sanjit Sahoo,Very good Game,5,0,4.7.2-googleplay,4.7.2-googleplay,2025-03-15 11:15:06,,,Chess.com,Google Play,en,us,2026-04-17 17:55:05,2025-03-11
eb7acb71-c8ff-4317-8d40-3387445ab040,Arya Sandi Kurniawan,good game,5,0,4.7.2-googleplay,4.7.2-googleplay,2025-03-15 04:54:19,,,Chess.com,Google Play,en,us,2026-04-17 17:55:05,2025-03-11
2bb61b7e-51b4-4996-a42f-e29ca4a0db7f,JosEmanuel Gomez,Takes the edge off!!! lol!,5,0,4.7.2-googleplay,4.7.2-googleplay,2025-03-13 22:25:30,,,Chess.com,Google Play,en,us,2026-04-17 17:55:05,2025-03-11
a3bf045e-5430-45e9-abb5-e7761e11ed88,Marlon Calderon,"I'm new in the game, I guess nothing wrong with it.",5,0,4.7.2-googleplay,4.7.2-googleplay,2025-03-12 14:37:17,,,Chess.com,Google Play,en,us,2026-04-17 17:55:05,2025-03-11
9ac284e9-a876-4be3-882b-3ca9e76c889b,Tayeb Baseer,"There is on issue. The offline two players setting is very bad. When one player play, the pieces flips, it is really boring. Therefore, I use other chess app for playing offline two players. Please update this section, the board and pieces should be steady as online mode.",5,1,4.7.2-googleplay,4.7.2-googleplay,2025-03-12 09:51:13,Thank you for this feedback. You can disable the board rotation feature by tapping on the settings icon while using Pass and Play. We're working on an even better option with piece mirroring for each player's perspective!,2025-03-13 20:16:52,Chess.com,Google Play,en,us,2026-04-17 17:55:05,2025-03-11
f13271d3-79f4-46db-9196-5c750a3b0cdb,Vinay Chauhan,Nice game,5,0,4.7.2-googleplay,4.7.2-googleplay,2025-03-11 08:19:46,,,Chess.com,Google Play,en,us,2026-04-17 17:55:05,2025-03-11
2425369b-cf4b-4393-a2bb-f76e6e791f9c,Victor Canfield II,pretty nice features,5,0,4.7.2-googleplay,4.7.2-googleplay,2025-03-11 05:51:15,,,Chess.com,Google Play,en,us,2026-04-17 17:55:05,2025-03-11
7006cc6c-ce88-41ed-b97c-d16c427953b9,anu kotwal,Brilliant chess app,5,0,4.7.2-googleplay,4.7.2-googleplay,2025-03-11 04:28:35,,,Chess.com,Google Play,en,us,2026-04-17 17:55:05,2025-03-11
2efdb60b-a08c-464b-a3b8-33dfd1737fa4,Nimith Richard,"It has coaching, bots that we can play with, how can u ask more when it comes to a chess app like this.",5,0,4.7.2-googleplay,4.7.2-googleplay,2025-03-10 18:31:53,We're glad you're having fun playing chess with the new Coach feature on the Chess.com app. Thank you for your comment!,2025-03-11 16:42:03,Chess.com,Google Play,en,us,2026-04-17 17:55:05,2025-03-04
1ae0a2fd-09ff-4043-b27e-facdbbefa212,Hans Ramirez,having fun=having more mindset,5,0,4.7.2-googleplay,4.7.2-googleplay,2025-03-10 11:36:03,,,Chess.com,Google Play,en,us,2026-04-17 17:55:05,2025-03-04
65c55312-2d38-4fbe-9971-a715d81cc7be,Yisrael Layosh,"Free, no ads, great variety of bots to play against online. It's also got good moderation. My only complaint is that the ""diamond"" membership is too expansive, in my opinion, but you really don't need the membership. I don't have it. I play this daily, against friends, bots, strangers, or just for the daily puzzles. If ur looking at this, you're most like already someone who already is fully aware of how great this app is.",5,6,4.7.2-googleplay,4.7.2-googleplay,2025-03-09 20:02:46,"Thank you for this detailed feedback. If you're interested in Premium membership, we offer three different membership plans at both annual or monthly rates, so there is an option for every budget! If you'd like to test out the amazing training features like video Lessons and Game Review, don't forget we offer a free trial!",2025-03-11 16:29:43,Chess.com,Google Play,en,us,2026-04-17 17:55:05,2025-03-04
327acb1b-835d-406b-819c-efe8c5c410df,Tyler Matthew Harris,Needs 3d. IRL games aren't 2d top down. otherwise it's the best chess app,4,0,4.7.1-googleplay,4.7.1-googleplay,2025-03-09 19:01:11,"Make sure to try out the Staunton chess board theme, which is a 3D design! You can find it by tapping on More > Themes > Staunton.",2025-03-11 16:30:23,Chess.com,Google Play,en,us,2026-04-17 17:55:05,2025-03-04
35b3d1fc-070a-42ce-89ee-74e08bb5c5ed,LIPIKA MANDAL,"It is a game, sorry it's a competition with the players of the whole world I like this veryv very very very muchhhhhh.",5,0,4.6.11_oldLcc-googleplay,4.6.11_oldLcc-googleplay,2025-03-09 18:54:03,,,Chess.com,Google Play,en,us,2026-04-17 17:55:05,2025-03-04
e60f7813-47e8-4347-bdd4-80bbcb14a440,anju verma,i love this chess app because it has 24/7 active players and much more features,5,0,4.7.2-googleplay,4.7.2-googleplay,2025-03-09 13:15:57,"Chess anywhere, anytime. Thanks for choosing Chess.com!",2025-03-11 16:04:40,Chess.com,Google Play,en,us,2026-04-17 17:55:05,2025-03-04
fba1f0b7-a506-48d4-98f6-1d63d820019a,Nathan Meservy,most played game in the world!,5,0,4.7.2-googleplay,4.7.2-googleplay,2025-03-09 12:50:32,,,Chess.com,Google Play,en,us,2026-04-17 17:55:05,2025-03-04
73205213-66e2-4bb6-8c7d-ab3543cc4043,Rajveer Singh,waste of time worst,5,0,4.7.2-googleplay,4.7.2-googleplay,2025-03-08 09:04:33,,,Chess.com,Google Play,en,us,2026-04-17 17:55:05,2025-03-04
0915fe91-2b73-4ec4-97ed-adafed00837b,abisola ajifowobaje,Get lag compensation it's absolutely dumb that players living in Africa feel like their 10 to 20 seconds behind every game. I can't play the game because even with higher skill and premoves my time runs down faster per move. Be like lichess get lag compensation ffs.,1,8,4.7.2-googleplay,4.7.2-googleplay,2025-03-08 01:52:14,Lag compensation is in effect for games on Chess.com: https://support.chess.com/en/articles/8615369-what-is-lag-forgiveness-why-did-the-clocks-suddenly-change. Please visit this link for assistance: www.chess.com/support,2025-03-10 22:32:43,Chess.com,Google Play,en,us,2026-04-17 17:55:05,2025-03-04
36887af8-fe1f-47b6-869d-475cdeaa17e4,Muhammad Talha,this game enhances your thinking ability,5,0,4.7.2-googleplay,4.7.2-googleplay,2025-03-07 19:20:05,,,Chess.com,Google Play,en,us,2026-04-17 17:55:05,2025-03-04
b5c13505-5a40-420f-9424-f87ed1e57665,Kellan,This is my favorite board game and now I can play it mobile 😁,5,0,,,2025-03-07 19:19:49,,,Chess.com,Google Play,en,us,2026-04-17 17:55:05,2025-03-04
dcdef534-0f99-4ca4-86ed-ebdef462ba60,Pramod Jaiswal Adv,This app is very bad automatically closing while match . Leading to loss in score. This app is banning me again and again,1,0,4.7.2-googleplay,4.7.2-googleplay,2025-03-07 06:27:28,"Sorry for the difficulties! Please try deleting and reinstalling the app, and for further assistance you can contact us at: www.chess.com/support",2025-03-07 23:58:21,Chess.com,Google Play,en,us,2026-04-17 17:55:05,2025-03-04
824cd525-321c-4c2b-9aa3-3706e009de5d,Sagul Hammed,"Hey Chess fam, I am a beginner and started to play chess games from this app. It's so awesome I have learned many moves from this app. Bot games are mind blowing they play as such as legends",4,0,4.7.2-googleplay,4.7.2-googleplay,2025-03-06 17:37:09,We're glad you're having fun playing chess against Bots on the Chess.com app. Thank you for your comment!,2025-03-08 01:09:39,Chess.com,Google Play,en,us,2026-04-17 17:55:05,2025-03-04
59e86c13-10ec-4e8c-8b5e-ac2bd2cebd0c,James,Love how I can play with friends and family.,5,0,4.7.2-googleplay,4.7.2-googleplay,2025-03-05 23:36:30,,,Chess.com,Google Play,en,us,2026-04-17 17:55:05,2025-03-04
148c5569-a1ce-4f93-a940-a0cae4a2a219,alfredo josue olivero mora,excellent app I love it it teaches you how to play,5,0,4.7.2-googleplay,4.7.2-googleplay,2025-03-05 17:57:27,,,Chess.com,Google Play,en,us,2026-04-17 17:55:05,2025-03-04
9878a752-74fa-4dfc-8633-a4eac5973753,Ricardo Smith,"Love hate relationship! I have good friends of mine where we like playing daily games, some I'm like 300-600 points ahead of them, when I win I get zero point but if I were to lose it's about 100 points deduction! Huge deterrent to playing actual friends, pushing you to only play random people. Would love this to change as I have many chess friends and keep meeting more. Otherwise a well built and optimised application working excellent on all my devices in cluding my Samsung Fold 5.",3,0,4.7.2-googleplay,4.7.2-googleplay,2025-03-05 07:51:00,"Your rating on Chess.com evolves over time as a function of wins, losses and draws relative to opponents' ratings. Check out this article for more info: https://support.chess.com/en/articles/8566476-how-do-ratings-work-on-chess-com",2025-03-05 16:23:05,Chess.com,Google Play,en,us,2026-04-17 17:55:05,2025-03-04
d9cd2966-fa26-4f64-af4e-f804f56d2a29,YASSIR AKGI,for genius ppl,5,0,4.7.1-googleplay,4.7.1-googleplay,2025-03-04 19:34:31,,,Chess.com,Google Play,en,us,2026-04-17 17:55:05,2025-03-04
c3f352f5-bef2-4ce1-903b-ff64c841cff8,Landon Waits,Everything good is behind a paywall,1,0,4.7.1-googleplay,4.7.1-googleplay,2025-03-03 18:58:21,"Thanks for your review! We believe our training services are worth the cost since players can make great improvements in their game. You can test these features with a free 7-day trial! Basic members still can access 3 puzzles, one lesson per week and one game report per day among other features, including ChessTV! Games will always be free. :)",2025-03-03 19:56:12,Chess.com,Google Play,en,us,2026-04-17 17:55:05,2025-02-25
ccbd12ec-98ee-4b4b-9e45-1a13ba41d4dc,sivakami sivakami,wait and watch,5,0,4.7.1-googleplay,4.7.1-googleplay,2025-03-02 17:15:09,,,Chess.com,Google Play,en,us,2026-04-17 17:55:05,2025-02-25
93af8272-5780-4efa-ad0f-18b249f86a13,Keagan Wilbee,"Bullet lags badly between moves resulting in frequent resignations due to time loss, however the overall the game is good, I wish the connection on the platform between players was stronger than it currently is, don't have this problem on other apps and games.",4,0,4.7.2-googleplay,4.7.2-googleplay,2025-03-02 16:52:12,"Sorry for the difficulties! We are working on major server expansions to continue to optimize connectivity for our players around the world. In the meantime, if the problem persists after verifying your network connection, please visit this link for further assistance: www.chess.com/support",2025-03-05 20:31:33,Chess.com,Google Play,en,us,2026-04-17 17:55:05,2025-02-25
6d2882e1-9a42-4efd-8c81-5b2edd676b10,Ashmit Agnihotri,good as want,5,0,4.7.1-googleplay,4.7.1-googleplay,2025-03-01 11:19:32,,,Chess.com,Google Play,en,us,2026-04-17 17:55:05,2025-02-25
b9db3f3e-c974-46ef-b959-30dd1ed1bdea,Fairnzelia,"garbage coding. removes premoves constantly in bullet without a check or any illegal moves... constant malicious miss clicks on obvious moves and it changes to take pieces multiple times a day across 50games. you'll be on mobile and you're against people on PC without problems, don't waste your time on this joke of an app. I understand the existing parameters in place that would cause the premoves to be removed, I am not talking about a function I had done.. without touching, they will cancel.",1,3,4.7.1-googleplay,4.7.1-googleplay,2025-02-27 22:54:08,"Sorry for the difficulties! A pending premove can be canceled if you tap outside the board while it's still your opponent's turn. Misclicks can happen to all of us from time to time, especially when playing very quickly in Blitz and Bullet chess while tapping on a small screen. We're exploring additional settings options to help players avoid them!",2025-02-27 16:43:45,Chess.com,Google Play,en,us,2026-04-17 17:55:05,2025-02-25
9ad4db57-4d61-4c31-91e0-8c12fd9c5cf3,Esamah Testimony,Amazing,5,0,4.6.18-googleplay,4.6.18-googleplay,2025-02-27 19:16:14,,,Chess.com,Google Play,en,us,2026-04-17 17:55:05,2025-02-25
4a4cb839-90df-4963-80d7-99da98000997,Aadil rahman,Perfect Game!,5,0,,,2025-02-26 11:57:50,,,Chess.com,Google Play,en,us,2026-04-17 17:55:05,2025-02-25
5ac64e61-4ec1-4a1d-9d49-4cfdd4a03871,Rethem mehteR,"Sachant maintenant qu'il est réellement possible de changer un pion en ce que l'on veut, même en une pièce qu'on a déjà en double et même en reine qu'on a déjà, alors ce jeu d'échec est juste excellent !",5,0,4.7.1-googleplay,4.7.1-googleplay,2025-02-26 08:24:56,"Merci pour votre commentaire. Les règles officielles des échecs permettent en effet de promouvoir des pions en n'importe quelle pièce ! Par exemple, il existe cette célèbre partie entre Fischer et Petrosian avec quatre dames :
www.chess.com/games/view/87347",2025-02-25 19:05:57,Chess.com,Google Play,en,us,2026-04-17 17:55:05,2025-02-25
d43e2cb0-7bd2-4460-89db-d5da684fd4d3,srinivasa Rao gummidi,Very nice app knowledge is divine,5,0,4.7.1-googleplay,4.7.1-googleplay,2025-02-26 07:44:33,,,Chess.com,Google Play,en,us,2026-04-17 17:55:05,2025-02-25
fa92862e-cb82-40f2-a27b-7bbd1d3bec6a,Angel Puig,Garbage app with too many restrictions.,1,0,4.7.1-googleplay,4.7.1-googleplay,2025-02-26 05:32:58,"We like to let players know about the amazing training tools we have to offer (and the free trial!), but you can absolutely play chess with friends and new opponents around the world, and that will always be free.",2025-02-26 18:45:00,Chess.com,Google Play,en,us,2026-04-17 17:55:05,2025-02-25
f9ffe155-651b-48d0-a114-ec24e17b7801,- “‪BTetr‬” -,"Good for chess, too easy to accidentally move a piece you don't want",3,0,4.7.0-googleplay,4.7.0-googleplay,2025-02-25 23:43:18,"Sorry for the difficulties! When moving quickly in bullet or blitz chess, accidental moves can happen if an adjacent square is touched inadvertently. For longer games, you can enable the setting ""Confirm each move"", which is found in the menu: More > Settings > Play > Live Chess.",2025-02-26 18:37:17,Chess.com,Google Play,en,us,2026-04-17 17:55:05,2025-02-25
c039ecc4-a321-4b76-bd8c-9b118ad8f196,Bruno Santos,The best chess app out there,5,0,4.7.1-googleplay,4.7.1-googleplay,2025-02-25 11:51:29,,,Chess.com,Google Play,en,us,2026-04-17 17:55:05,2025-02-25
d31a3795-04a3-4207-a3e9-4cc64a6c33ab,Sina Jahdian,best chess game,5,0,4.7.1-googleplay,4.7.1-googleplay,2025-02-24 20:01:33,,,Chess.com,Google Play,en,us,2026-04-17 17:55:05,2025-02-18
6e5fdc9f-2b25-4201-8720-fc58db9e8306,Void Array,No flag - no stars,1,0,4.7.1-googleplay,4.7.1-googleplay,2025-02-22 15:23:30,,,Chess.com,Google Play,en,us,2026-04-17 17:55:05,2025-02-18
d49939fd-dce7-4814-9193-477c5a0935fc,Sudalai Pandi,Hooooo its good!,5,0,4.7.1-googleplay,4.7.1-googleplay,2025-02-22 04:23:47,,,Chess.com,Google Play,en,us,2026-04-17 17:55:05,2025-02-18
937a6e40-3938-4f6b-8736-c55d280efff8,Jawaril,i am improving chess skills asf,5,0,4.6.25_oldLcc-googleplay,4.6.25_oldLcc-googleplay,2025-02-21 14:25:49,,,Chess.com,Google Play,en,us,2026-04-17 17:55:05,2025-02-18
4ec32dbb-d610-40e2-b6c1-312c4dbe65e9,John Clyde Montecillo,I love chess,5,0,4.7.0-googleplay,4.7.0-googleplay,2025-02-20 13:38:10,,,Chess.com,Google Play,en,us,2026-04-17 17:55:05,2025-02-18
1b1474a7-432a-48ec-84e5-8b704c4c937b,Karan Thurai,good apps,5,0,4.7.0-googleplay,4.7.0-googleplay,2025-02-19 05:50:25,,,Chess.com,Google Play,en,us,2026-04-17 17:55:05,2025-02-18
2dbdbe64-607c-45ae-892e-050433a22d0f,Christopher NGuyEN,"just take time, dont help anything",1,0,,,2025-02-18 16:58:04,"If you're experiencing any issues with the Chess.com app or have any suggestions for us, we are here to help! Please visit this link for assistance: www.chess.com/support",2025-02-18 23:54:21,Chess.com,Google Play,en,us,2026-04-17 17:55:05,2025-02-18
0d1f7e48-ad17-4e4c-89ba-d559062f76dc,JOSEPH BK BWALYA,"excellent App, highly recommended",5,0,4.7.1-googleplay,4.7.1-googleplay,2025-02-18 16:45:08,,,Chess.com,Google Play,en,us,2026-04-17 17:55:05,2025-02-18
8a6c99cd-a6c7-49bf-b99b-9b5daf9d3ada,anita kolhar,Too Good I love the offline mode,5,0,4.7.1-googleplay,4.7.1-googleplay,2025-02-18 10:49:37,,,Chess.com,Google Play,en,us,2026-04-17 17:55:05,2025-02-18
9183a3f9-8036-4696-8dd3-605c17a83c1d,Samip Shrestha,"After recent update, the premove will work opposite at the start of the game. Meaning , the second move will be executed first and vice versa Please resolve... thanks",1,0,4.7.1-googleplay,4.7.1-googleplay,2025-02-18 04:30:59,"Sorry for the difficulties with premoves at the start of games. If the problem persists after reinstalling, please submit a bug report at: www.chess.com/support. We'll review your report and work to resolve any error as soon as possible.",2025-02-19 00:04:45,Chess.com,Google Play,en,us,2026-04-17 17:55:05,2025-02-18
a462a60f-39b3-4533-b25f-2b8bad6edf34,Varish Pingali,I often get ban even though I do not use cheat this is my 5th time getting banned for no reason,2,0,4.7.1-googleplay,4.7.1-googleplay,2025-02-18 03:26:57,"We're sorry to hear this. We only close accounts when a violation of our policies has been detected: www.chess.com/legal/user-agreement. However, if you believe your account was closed in error, you can contest the closure by submitting this appeal form: https://go.chess.com/fair-play-appeal",2025-02-19 00:04:55,Chess.com,Google Play,en,us,2026-04-17 17:55:05,2025-02-18
875fb444-df5c-407e-be4f-4bac9ff57794,lusayo mwalilino,Excellent app,5,0,4.7.0-googleplay,4.7.0-googleplay,2025-02-17 20:21:39,,,Chess.com,Google Play,en,us,2026-04-17 17:55:05,2025-02-11
63c59f5c-ed96-4142-a8a3-89c4634a3091,Rafi Qureshe,Hi everyone This App is my favorite enjoy from your each Games,5,0,,,2025-02-17 18:46:56,,,Chess.com,Google Play,en,us,2026-04-17 17:55:05,2025-02-11
9bb6c76a-411e-43da-9c47-47c79ca9b5e2,Dimon Левчук,"Game reviews are the most terrible thing cause even for self review you should pay money, switching to lichess",1,0,4.7.1-googleplay,4.7.1-googleplay,2025-02-16 22:48:47,"Self-Analysis is still available! After your game ends, simply close out the game result overlay, then tap on the magnifying glass icon at the top right of the screen to open Self-Analysis.",2025-02-17 15:52:53,Chess.com,Google Play,en,us,2026-04-17 17:55:05,2025-02-11
2dff3cda-7413-455b-9391-92edf23747ad,THE KING M.K,it's a good game,5,0,4.7.1-googleplay,4.7.1-googleplay,2025-02-16 21:35:23,,,Chess.com,Google Play,en,us,2026-04-17 17:55:05,2025-02-11
f4105ead-2b20-469e-bfb7-b9c8936d00f5,Raymond,I cant play against bots to practice because the bots doesnt even make a move or i cant make a move please fix this issue on mobile,1,0,4.7.1-googleplay,4.7.1-googleplay,2025-02-16 12:01:15,"This problem can occur when the Chess.com app is installed onto an external memory card. Installing the app on your Android device's internal memory instead should resolve the issue. If the problem with playing against the bots persists, please let us know at: www.chess.com/support",2025-02-17 16:04:10,Chess.com,Google Play,en,us,2026-04-17 17:55:05,2025-02-11
0c23a1e8-4ea6-43fa-902c-11658ba24369,James Dielissen,"I keep moving farther from this app. There's a new lag after starting a game as white, as if it treats the move as a pre-move and then loads. This is new behavior and throws off the whole cadence of the game. Been playing on this app and site for many years, believe me I can feel it. There are better apps for chess unless you're a paid streamer",1,4,4.7.1-googleplay,4.7.1-googleplay,2025-02-16 05:36:59,"Sorry for the difficulties with latency at the start of games. If the problem persists after reinstalling, please submit a bug report at: www.chess.com/support. We'll review your report and work to resolve any error as soon as possible.",2025-03-03 16:17:29,Chess.com,Google Play,en,us,2026-04-17 17:55:05,2025-02-11
bc76809b-128b-4c49-a0f5-e65c4c685f7f,Ehssan GAGNIERE,"great, simply.",5,0,4.7.1-googleplay,4.7.1-googleplay,2025-02-15 13:07:53,,,Chess.com,Google Play,en,us,2026-04-17 17:55:05,2025-02-11
021aa790-3fd7-452d-8812-11bc8956b491,Jacob Rich,Full of cheaters,1,0,4.7.1-googleplay,4.7.1-googleplay,2025-02-13 17:26:15,"We take cheating extremely seriously! We are always expanding our detection systems, and we immediately remove accounts found to be cheating. You can view our moderation stats in monthly reports like this one: www.chess.com/article/view/chesscom-update-january-2025#FairPlay",2025-02-14 17:00:23,Chess.com,Google Play,en,us,2026-04-17 17:55:05,2025-02-11
d5067431-dc64-4187-83e0-bc7c908ed6d6,Real Madrid,"This app was developed and located in United States, so only people from US gets better timing from server responses, All other users from various locations experiences time lag.",1,1,,,2025-02-12 17:18:20,"Sorry for the difficulties! We are working on major server expansions to continue to optimize connectivity for our players around the world. In the meantime, if the problem persists after verifying your network connection, please visit this link for further assistance: www.chess.com/support",2025-02-12 23:58:14,Chess.com,Google Play,en,us,2026-04-17 17:55:05,2025-02-11
1af33b80-105b-43b0-8645-71dcee6206a3,yourita sangma,I like chess,5,0,4.7.0-googleplay,4.7.0-googleplay,2025-02-12 14:26:14,,,Chess.com,Google Play,en,us,2026-04-17 17:55:05,2025-02-11
4b58489b-20d3-4105-bcc1-32377853f16b,Abishake,IT is very interesting game but one problem is how can we collect redeem code,5,0,,,2025-02-12 07:29:26,,,Chess.com,Google Play,en,us,2026-04-17 17:55:05,2025-02-11
9dcfc82f-1f15-4921-b308-68d05864da43,Shivajyoti Saha,Best ever chess app I have seen!!,5,0,,,2025-02-11 15:37:00,,,Chess.com,Google Play,en,us,2026-04-17 17:55:05,2025-02-11
2539ef85-b484-41ca-a871-31895588281d,John Easton,"Excellent app with plenty of options to learn more about Chess and to get better at it. Can do puzzles, challenge various bots as well as human online matches to prove yourself and climb the ELO ladder",5,3,4.7.0-googleplay,4.7.0-googleplay,2025-02-11 07:00:55,We're glad you're enjoying all the Chess.com app has to offer. Keep taking your chess skills to the next level!,2025-02-11 22:59:05,Chess.com,Google Play,en,us,2026-04-17 17:55:05,2025-02-11
1be0e73b-1795-42f8-96a9-83eafe11d733,YASIN ALILOO,the best chess game app🔥,5,0,4.7.0-googleplay,4.7.0-googleplay,2025-02-11 00:03:05,,,Chess.com,Google Play,en,us,2026-04-17 17:55:05,2025-02-11
2d96f13e-cdaf-4de9-91d0-4cded01f724f,Mygu,everything possible at lichess is paid here which is silly tho the design and friend list are better,4,0,4.7.0-googleplay,4.7.0-googleplay,2025-02-10 21:11:25,"Thank you for this feedback. We think we have the very best chess training tools available, and that's what sets Chess.com apart! If you're interested in video Lessons created by masters of the game, thousands of Puzzles, and personalized Game Review, we three different membership options at annual or monthly rates, and a free trial!",2025-02-11 23:04:59,Chess.com,Google Play,en,us,2026-04-17 17:55:05,2025-02-04
31329221-a3a5-47d2-af7c-d9229c585b23,Astral Rise,I think I got supernatural power 😁,5,0,4.6.39-googleplay,4.6.39-googleplay,2025-02-09 19:19:21,,,Chess.com,Google Play,en,us,2026-04-17 17:55:05,2025-02-04
c877fc3e-4cd1-4dfc-8dd2-9ac6f1136e08,Vipul Pardeshi,Too many options are only premium. ads are okay but premium nah... I'll pass.,2,1,4.6.39-googleplay,4.6.39-googleplay,2025-02-09 13:22:02,"Thank you for this feedback. We think we have the very best chess training tools available, and that's what sets Chess.com apart! If you're interested in video Lessons created by masters of the game, thousands of Puzzles, and personalized Game Review, we three different membership options at annual or monthly rates, and a free trial!",2025-02-10 22:55:13,Chess.com,Google Play,en,us,2026-04-17 17:55:05,2025-02-04
ce21f6c4-3aaa-4d4b-8f91-f02b6aa4ef17,dhyey jadav,good game,5,0,4.6.41-googleplay,4.6.41-googleplay,2025-02-08 14:07:12,,,Chess.com,Google Play,en,us,2026-04-17 17:55:05,2025-02-04
aa6f4893-4809-467a-9dba-7426420b795a,Paul Gabriel Sancon,This pairs the enemy to a cheater,2,0,4.6.39-googleplay,4.6.39-googleplay,2025-02-08 13:08:24,"We take cheating extremely seriously! We are always expanding our detection systems, and we immediately remove accounts found to be cheating. You can view our moderation stats in monthly reports like this one: www.chess.com/article/view/chesscom-update-january-2025#FairPlay",2025-02-10 23:05:18,Chess.com,Google Play,en,us,2026-04-17 17:55:05,2025-02-04
1cd9438c-b769-403e-bc9f-9922be97a418,Lerato Mohapi,So good for practicing for tournaments,5,1,4.7.0-googleplay,4.7.0-googleplay,2025-02-06 16:10:34,"Thank you for this feedback. We're glad to have you on Chess.com, and good luck in your next tournaments!",2025-02-07 18:12:29,Chess.com,Google Play,en,us,2026-04-17 17:55:05,2025-02-04
9e694d56-258c-4ce8-bf69-99218623f3dd,YASER AZIMI,Good apps,5,0,,,2025-02-05 15:16:03,,,Chess.com,Google Play,en,us,2026-04-17 17:55:05,2025-02-04
36601894-e76b-48c2-bbe3-7497f2f339fc,Bernard Llema,great site and very Intertainment that's why I give five stars..,5,1,4.7.0-googleplay,4.7.0-googleplay,2025-02-05 13:35:34,,,Chess.com,Google Play,en,us,2026-04-17 17:55:05,2025-02-04
e6c79262-b6a3-4d22-967b-becc551eb889,Jordan Mantohac,I wanted the board game chess and this app delivered well I'd say.,5,1,4.6.41-googleplay,4.6.41-googleplay,2025-02-04 14:46:30,,,Chess.com,Google Play,en,us,2026-04-17 17:55:05,2025-02-04
6bd96615-5906-480f-bd25-864c77cd7f1d,Sanoop S V,Very poor app performance for last few months. Taking too much time to load one game,2,0,4.7.0-googleplay,4.7.0-googleplay,2025-02-04 07:09:21,Sorry for the delay in finding opponents. Try canceling and resending the challenge or changing the game challenge criteria. Visit www.chess.com/support for help!,2025-02-04 16:50:00,Chess.com,Google Play,en,us,2026-04-17 17:55:05,2025-02-04
5ea4ca38-25d9-4781-a8fe-f4eb4a00b9ae,David Jones,"Disappointing when playing game it regularly says disconnecting. Not internet issue, as test internet on phone while app says disconnecting. Lost so Many games because of abandoned games and nothing I can do. Sad. New update is annoying when starting game as you lose time. Positives are, when game works I love it. Btw updates, uninstall reinstall, hardwires ethernet and issues persist. Happens every 4 or 5 games if I was to guess. Sad especially when you are on a run and lose due to tech issue",3,1,4.6.41-googleplay,4.6.41-googleplay,2025-02-04 00:08:13,"Thank you for this detailed feedback. If you'd like to disable the starting game animation, you can do so in the menu: More > Settings > Board. In case connection issues persists despite troubleshooting steps, or if there seems to be an error in a game, please let us know in a quick bug report at: www.chess.com/support",2025-02-04 18:13:22,Chess.com,Google Play,en,us,2026-04-17 17:55:05,2025-02-04
5c170b10-b9bc-4962-91ec-75e16eb9a12b,king hard,Have to delete this app so many cheaters the online is unplayable,1,3,4.7.0-googleplay,4.7.0-googleplay,2025-02-03 05:24:20,"We take cheating extremely seriously! We are always expanding our detection systems, and we immediately remove accounts found to be cheating. You can view our moderation stats in monthly reports like this one: www.chess.com/article/view/chesscom-update-january-2025#FairPlay",2025-02-03 15:56:17,Chess.com,Google Play,en,us,2026-04-17 17:55:05,2025-01-28
d491e02c-9506-441b-8b7e-e972f7064d9a,Ernest Dylan,best chess website there ever was,5,0,4.6.39-googleplay,4.6.39-googleplay,2025-02-02 17:26:49,,,Chess.com,Google Play,en,us,2026-04-17 17:55:05,2025-01-28
e1aebc97-e8cd-49d6-8b7b-c139a89f7d79,Tlotlo Pilane,My favourite chess game. Love how the are different types of bots to play with especially the event bots.The online plays are fair based on your rating.The game review and coaches to help you improve in chess. I wish the was a way to earn a free game review like watch an ad or something cause the prices for the premium access is kinda expensive and it's not like I play chess every single day. So atleast being able to get a free game review through ad watching would be great.,5,2,4.7.0-googleplay,4.7.0-googleplay,2025-02-02 12:25:16,"Thank you for this feedback on ad-based Premium access. We're exploring this possibility for the future. In the meantime, make sure to sign up for the free trial if you'd like to test out unlimited Game Review and unlock all Bots!",2025-02-03 18:07:48,Chess.com,Google Play,en,us,2026-04-17 17:55:05,2025-01-28
3443db93-32cf-4b41-9624-7d2f4dc2907f,Syed Asim Ali Shah,My 33% physical and mental life are do spend over here. Chess is life!,5,1,4.6.41-googleplay,4.6.41-googleplay,2025-02-02 07:39:46,,,Chess.com,Google Play,en,us,2026-04-17 17:55:05,2025-01-28
c1c1086a-f402-4ded-b19b-bdea3e0e26f5,real aaquif,the best for chess,5,0,4.6.41-googleplay,4.6.41-googleplay,2025-02-01 12:16:24,,,Chess.com,Google Play,en,us,2026-04-17 17:55:05,2025-01-28
2c186401-220f-4df3-8c2a-751f0687d33e,Shivam tiwari,It is very best game,1,0,,,2025-01-31 15:50:56,We're glad you like the Chess.com app! Would you consider giving us 5 stars? We appreciate your support!,2025-02-03 16:09:09,Chess.com,Google Play,en,us,2026-04-17 17:55:05,2025-01-28
60eab532-d71b-478b-9828-b14319f41e62,Saurabh Dabhnekar,Not working properly game was not start game abort automatically,1,0,4.6.41-googleplay,4.6.41-googleplay,2025-01-31 07:33:53,"A game will be canceled automatically if the ""first-move timer"" runs out, as explained this article: https://support.chess.com/article/338-how-does-game-abandonment-work. If there is a different problem occurring, please let us know in a quick bug report at: www.chess.com/support. We'll work to resolve any error as soon as possible!",2025-01-31 14:39:45,Chess.com,Google Play,en,us,2026-04-17 17:55:05,2025-01-28
16a98632-8705-46da-913a-a52d85ad052c,Chetan Kandpal,The server would just randomly show me disconnected even though my internet is working fine for music and streams but in the game it would constantly show me disconnected which lead to me losing all the time in the game.,3,0,4.6.41-googleplay,4.6.41-googleplay,2025-01-30 18:18:52,"Sorry for the trouble! We're constantly working on server optimizations to offer stable connectivity for players around the world. Please try deleting and reinstalling the app, and you can visit this link for further assistance: www.chess.com/support",2025-01-30 17:33:49,Chess.com,Google Play,en,us,2026-04-17 17:55:05,2025-01-28
84c602c5-af2c-413f-abba-4bc853802487,Priyanshu Sharma,best for beginner,5,0,4.6.41-googleplay,4.6.41-googleplay,2025-01-30 09:53:51,,,Chess.com,Google Play,en,us,2026-04-17 17:55:05,2025-01-28
907cf436-1d85-4788-9cbb-e61d9e566879,Rush Athl Clothing Co.,no problems yet.But for now...hands down the BEST chess game ever!,5,1,4.6.41-googleplay,4.6.41-googleplay,2025-01-30 08:47:50,,,Chess.com,Google Play,en,us,2026-04-17 17:55:05,2025-01-28
c73b8e24-1774-47cb-aae8-2968779ed94e,Dr. Harish Ravi,Works..,3,0,,,2025-01-30 00:15:15,Thanks for your comment. If you have feedback for us or suggestions on how the Chess.com app could be better please let us know. We want the app to be worth 5 stars for you!,2025-01-30 17:23:36,Chess.com,Google Play,en,us,2026-04-17 17:55:05,2025-01-28
e1e761cc-1106-4305-8309-f5f90a5564c3,Jeffrey Feig,Not able to chat.,1,0,4.6.41-googleplay,4.6.41-googleplay,2025-01-29 18:22:14,"This may relate to account activation, which is required to be able to chat or send friend requests. Check out this quick article for information on how to activate your account: https://support.chess.com/en/articles/9834467-how-can-i-activate-my-account",2025-01-29 23:19:28,Chess.com,Google Play,en,us,2026-04-17 17:55:05,2025-01-28
55405738-35b7-41e9-8359-03f0c042d994,"Uy, Anthony Jonathan R.",Just a great game,5,0,4.6.41-googleplay,4.6.41-googleplay,2025-01-29 09:21:18,,,Chess.com,Google Play,en,us,2026-04-17 17:55:05,2025-01-28
b30b48e0-e970-41a8-acb6-d76118367f40,Dharmi Machine,ye app Bahot achha he,5,0,4.6.40-googleplay,4.6.40-googleplay,2025-01-29 03:27:29,,,Chess.com,Google Play,en,us,2026-04-17 17:55:05,2025-01-28
8ca1a89b-6fa9-474c-b1dc-9fdf47e943cf,Aasma Limbu,best chesh app,5,0,4.6.41-googleplay,4.6.41-googleplay,2025-01-28 21:27:37,,,Chess.com,Google Play,en,us,2026-04-17 17:55:05,2025-01-28
1f720987-b892-4da2-98eb-5415cc0d1d01,Cody Farrugia,When i sac my queen i lose,1,1,4.6.41-googleplay,4.6.41-googleplay,2025-01-28 14:04:01,"A queen sacrifice can work when it's leading to a checkmate or to the win of a lot of material! If you'd like to practice queen sacrifices, you can do so using the menu: Puzzles > Custom Puzzles > Queen Sacrifices.",2025-01-28 14:34:57,Chess.com,Google Play,en,us,2026-04-17 17:55:05,2025-01-28
7f69529d-ecbd-4897-b781-f8da3861d660,Barry Pierce,Excellent,5,0,4.6.41-googleplay,4.6.41-googleplay,2025-01-28 13:19:01,,,Chess.com,Google Play,en,us,2026-04-17 17:55:05,2025-01-28
6c0a5b7b-ecb4-4d05-bc6f-f6905d48d9ec,Curdy,"very polished app. no ads, online and offline are both amazing. it is the best chess app I have used.",5,1,4.6.41-googleplay,4.6.41-googleplay,2025-01-28 02:15:41,,,Chess.com,Google Play,en,us,2026-04-17 17:55:05,2025-01-28
e05f2dcd-0066-41f4-8074-a72708772538,Kalib Samson,good website to learn and play,5,1,4.6.41-googleplay,4.6.41-googleplay,2025-01-27 19:42:36,,,Chess.com,Google Play,en,us,2026-04-17 17:55:05,2025-01-21
249a0bd7-c361-451c-a1d4-505b017d0f86,Zack Farrell,"I want to box the Wendy bot right now...... And to add to this the company disrespects me by saying to play the lower levels I have beaten already, I've made it to the 1500 bot and I will beat her as well. Thanks though",1,0,4.6.41-googleplay,4.6.41-googleplay,2025-01-27 15:24:50,"The Bots are tough! The good news is we have more than 80 bot personalities with difficulty ratings for all playing levels. Make sure to choose a bot at the top of the bot player list for an easier challenge, then you can work you way up to tougher opponents!",2025-01-22 21:55:20,Chess.com,Google Play,en,us,2026-04-17 17:55:05,2025-01-21
debdd694-62bb-4dd2-ba13-1ff9bbcc5df0,Shubham Jain,Much improvement needed.,3,0,4.6.41-googleplay,4.6.41-googleplay,2025-01-26 23:55:38,Please contact us and let us know more about this issue. We're here to help! You can reach our dedicated Support team here: www.chess.com/support,2025-01-26 23:59:31,Chess.com,Google Play,en,us,2026-04-17 17:55:05,2025-01-21
7d456741-23f0-4c00-b43a-b112e7b8cf71,Rakesh singh,One of the beast chess application for the Bignner and for the player. I merely want to say that the people playing chess will become a sharp minded. In this chess I found some extra featured. Daily puzzle🧩. Task etc. I suggest you if like to play chess so you must download this best application to inhance your chess skill. Thank you🤗,5,2,4.6.41-googleplay,4.6.41-googleplay,2025-01-26 18:41:32,Chess is the gymnasium for the mind. Thanks for choosing Chess.com!,2025-01-31 19:38:22,Chess.com,Google Play,en,us,2026-04-17 17:55:05,2025-01-21
6dc0c559-af73-4249-a47c-989e91dd624e,Joona,"Lichess does everything better, and for free!",1,1,4.6.41-googleplay,4.6.41-googleplay,2025-01-26 18:19:47,"Thank you for this feedback. We think we have the very best chess training tools available, and that's what sets Chess.com apart! If you're interested in video Lessons created by masters of the game, thousands of Puzzles, and personalized Game Review, we offer a free trial as well as a 30-day money back guarantee for new subscribers.",2025-01-27 16:27:37,Chess.com,Google Play,en,us,2026-04-17 17:55:05,2025-01-21
aa161b8e-2956-4104-87f9-fcf35de11e9f,Sanʼat Husanov,It's a one of the best game I've ever played,5,0,4.6.41-googleplay,4.6.41-googleplay,2025-01-25 16:14:43,,,Chess.com,Google Play,en,us,2026-04-17 17:55:05,2025-01-21
f5ab4826-b577-478f-91cb-9683984e5bc5,Hybrid Cat Skid 2.0,"Well, everything is okay except my accounts are accidentally disabled and have error r45, can you fix this? Thanks!",4,0,,,2025-01-25 13:39:32,"We're sorry to hear this. We only close accounts when a violation of our policies has been detected: www.chess.com/legal/user-agreement. However, if you believe your account was closed in error, you can contest the closure by submitting this appeal form: https://go.chess.com/fair-play-appeal",2025-01-31 14:56:36,Chess.com,Google Play,en,us,2026-04-17 17:55:05,2025-01-21
9a0b10af-b568-4420-a8fe-573c42f9102e,Trần Hiệp,chơi hay vãi cho 5 sao luôn,5,0,4.7.0-googleplay,4.7.0-googleplay,2025-01-25 10:24:54,,,Chess.com,Google Play,en,us,2026-04-17 17:55:05,2025-01-21
ab666ad4-51e1-4f97-90e9-fa84a7530347,Sanele Magubane,I wish to play with Magnus,1,0,4.6.40-googleplay,4.6.40-googleplay,2025-01-25 10:01:14,"If you keep playing and improving your might just have the chance! Especially since top players may stream shows where they play against subscribers or players in the Chess.com community, there's always a chance to play a legend of the game!",2025-01-27 17:43:04,Chess.com,Google Play,en,us,2026-04-17 17:55:05,2025-01-21
3f17c91e-00c5-4150-86df-5164d6406308,KINGRONAKYT786,good 👍,5,0,4.6.41-googleplay,4.6.41-googleplay,2025-01-25 04:02:08,,,Chess.com,Google Play,en,us,2026-04-17 17:55:05,2025-01-21
4bbd9a1c-bfdf-4b41-bc20-068f9f80b0a5,Yashar Shiri,it's just chess,5,0,4.6.39-googleplay,4.6.39-googleplay,2025-01-24 15:14:22,,,Chess.com,Google Play,en,us,2026-04-17 17:55:05,2025-01-21
885880f1-fec5-4dff-b728-5f94a5a225aa,Arnav Daga,please atleast make the game review free,5,0,4.6.0-googleplay,4.6.0-googleplay,2025-01-24 07:18:20,"Game Review is one of the very best tools to improve your chess, with personalized feedback on your games. You can review the critical moments of your games, correct errors, see Best Moves, and try alternate moves in Analysis mode. Don't forget we offer a free trial if you'd like to try out unlimited Game Review!",2025-01-24 19:43:06,Chess.com,Google Play,en,us,2026-04-17 17:55:05,2025-01-21
8613ee3e-163b-428e-aa25-51870a0333a9,Lekhraj Chauhan,good game,5,0,4.6.39-googleplay,4.6.39-googleplay,2025-01-24 06:40:22,,,Chess.com,Google Play,en,us,2026-04-17 17:55:05,2025-01-21
