review_id,user_name,review_text,rating,thumbs_up_count,review_created_version,app_version,review_date,developer_reply,developer_reply_date,brand,platform,lang_param,country_param,scraped_at
99619ba4-ec69-4314-883f-c026fce51d48,Grady Smith,"I love lichess! It is ad free, and costs nothing!",5,2,,,2026-04-11 23:20:04,,,Lichess,Google Play,en,us,2026-04-17 17:51:35
da9781ca-6472-40c7-a42c-36314093a618,Grand Master,"don't get me wrong the app is amazing, but I want to add a pgn for historical games from magnus, bobby and Garry and many others. I hope you to make it and I will back and give this app 5 stars",3,0,0.22.7,0.22.7,2026-04-11 21:33:04,,,Lichess,Google Play,en,us,2026-04-17 17:51:35
158df3b3-0b5e-474f-9f0c-30eb015d45e4,Eee,"Free, open-source and extremely fast and smooth! the only downside - for some reason there is no play with friends option via link sharing and no account needed like the previous Lichess. Hope it gets added soon!",5,1,,,2026-04-11 18:32:37,,,Lichess,Google Play,en,us,2026-04-17 17:51:35
77bd7985-3e78-4d3b-950c-e9a7d45ade79,Alin Fusea,offline unavailable - going to play other chess app,2,3,0.13.13,0.13.13,2026-04-11 17:31:29,,,Lichess,Google Play,en,us,2026-04-17 17:51:35
7b68b365-8c69-4dae-8ee0-0c056d2ee12d,Nandhini Gopi,Lichess signin is a rubbish process. frustrating. Their irritating captcha method is worst.,1,0,0.22.7,0.22.7,2026-04-11 16:52:27,,,Lichess,Google Play,en,us,2026-04-17 17:51:35
f4a5f3e1-4faf-47b0-b812-97f5605c5963,Bibin G Raj,I'm unable to sign in via my tablet. Is it just me or others too? Could you please solve this? Appreciate all the people contributing to this and keeping it free 👏,5,2,0.22.6,0.22.6,2026-04-11 14:54:07,,,Lichess,Google Play,en,us,2026-04-17 17:51:35
2a11ca12-7ea0-4c18-9532-89a749c75677,Alexandros Markovic,"The new app is a big improvement! The only thing i would wish is to be able to change the sound effects in-game, having additional preconfigured options would be incredible.",5,1,0.22.7,0.22.7,2026-04-11 12:30:21,,,Lichess,Google Play,en,us,2026-04-17 17:51:35
9e2a1f6a-7405-4e0b-b476-a8301d7a97db,Isaac Creighton,great,5,1,,,2026-04-10 23:24:59,,,Lichess,Google Play,en,us,2026-04-17 17:51:35
67388c1a-c50a-41d1-879c-9e89bde6e554,Thierry Barbaray,"Application au top, toujours la présence de tricheur mais aucunement la faute des créateur. Juste je comprend pas ce style de joueur qu'es que cela leur apporte ?",5,1,0.22.7,0.22.7,2026-04-10 23:23:13,,,Lichess,Google Play,en,us,2026-04-17 17:51:35
21d9c5a1-a844-4c12-8893-5dec44032dd3,hema saied,Too many cheaters,1,0,0.22.7,0.22.7,2026-04-10 18:59:46,,,Lichess,Google Play,en,us,2026-04-17 17:51:35
bc510bcf-11c3-43ab-9844-1220acc549b7,Tafadzwa Maringe,"I cannot send a game challenge link or create a tournament , please can you fix this otherwise you are doing a great job keeping the game we love so much free and have sort a primium feel❤️",4,1,0.22.7,0.22.7,2026-04-10 18:02:07,,,Lichess,Google Play,en,us,2026-04-17 17:51:35
4fe5e7ca-1732-4a4a-85fd-762d5435f732,Vinod Bhutada,good,5,1,0.22.7,0.22.7,2026-04-10 17:33:02,,,Lichess,Google Play,en,us,2026-04-17 17:51:35
df2e0fbf-ec3b-4572-bb53-64a7d5b96901,Meshack Othman,Can't download it,4,0,,,2026-04-10 17:16:18,,,Lichess,Google Play,en,us,2026-04-17 17:51:35
f847d635-1a88-4b6d-a943-a4e1ccae73b2,Devang Patil,you can't match with players and the players keep aborting the game,1,0,,,2026-04-10 15:21:56,,,Lichess,Google Play,en,us,2026-04-17 17:51:35
55afe340-80bd-4570-ab89-8d06e46aa6ad,Zack Norris,sign in doesn't work,1,1,0.22.7,0.22.7,2026-04-10 13:32:54,,,Lichess,Google Play,en,us,2026-04-17 17:51:35
f604fb7d-3d8e-43c0-8afc-9d77f5b5be51,Letlhogonolo Khoza,it helps you grow and play with different people around the world,5,1,0.22.7,0.22.7,2026-04-10 13:04:11,,,Lichess,Google Play,en,us,2026-04-17 17:51:35
5366ffcb-2c8d-473a-8600-c15732e89065,Vipul Gola (LordVipul),"Clean interface, unlimited puzzles and analysis, no ads. There simply isn't anything better!",5,1,0.22.7,0.22.7,2026-04-10 08:43:43,,,Lichess,Google Play,en,us,2026-04-17 17:51:35
730687b5-a310-4cb3-bc7b-98fbe9551812,Gulom Alimov (Googlom),"Sign in doesn't work. After closing the web page with successful authorization, the app does nothing. Tried reinstalling twice with no luck",1,2,0.22.7,0.22.7,2026-04-10 07:39:31,,,Lichess,Google Play,en,us,2026-04-17 17:51:35
b9ca57d8-7022-4c70-82e6-6fdf1a8e91d6,The Humour Games!,"I grew bored of playing against the most obvious cheaters of any game, so I started cheating, to prove how easy it is to my chess friends and family, and the public. One month, hundreds of games. Lichess does not care, and never will as long as investment keeps rolling and backers keep paying. I refuse to play on an app that permits it. Permanently closed my account and will never use the app again. Lichess are literally vitriol to the chess community.",1,6,,,2026-04-09 16:54:33,,,Lichess,Google Play,en,us,2026-04-17 17:51:35
1d517d87-be4d-47d8-9724-1d1a7cff8758,Viraat L,"Very good site for playing faster time controls, but there is no puzzle racer and no option to edit or create your own study.",5,1,0.22.7,0.22.7,2026-04-09 09:23:41,,,Lichess,Google Play,en,us,2026-04-17 17:51:35
b4306922-1534-4aad-9845-9120d91b0e7c,Matt Little,app is riddled with cheaters,1,0,0.22.7,0.22.7,2026-04-08 23:59:14,,,Lichess,Google Play,en,us,2026-04-17 17:51:35
baa706d7-b918-4555-b4cf-39db5caa700e,Rob Owner,Works exactly as described both online and offline. Thank you!,5,1,0.21.9,0.21.9,2026-04-08 09:57:16,,,Lichess,Google Play,en,us,2026-04-17 17:51:35
e7be21ad-8e62-4d42-8c81-2d6ef321346e,Ahmad Al-Sheikho,"There is a bug, I couldn't Login to my Account, would you please to fix it...",1,1,0.22.7,0.22.7,2026-04-07 13:29:05,,,Lichess,Google Play,en,us,2026-04-17 17:51:35
da130a97-baa3-421f-af66-b49d3053e12a,Richard Sharma,"After trying 30 different family friendly names and being told it's not family friendly, I deleted the game. Never even got to play. If it's that frustrating to simply pick a GD simple name, I'm out. This stupid thing needs to be fixed!!",1,0,,,2026-04-07 03:20:40,,,Lichess,Google Play,en,us,2026-04-17 17:51:35
9b80b5c5-feae-4305-b0e1-e69ff5f2202e,Zubair Khalid,"Amazing app, good features and new learning puzzles. I have been playing chess for approximately 8 years. Thanks to Lichess.",5,1,0.22.7,0.22.7,2026-04-07 01:37:36,,,Lichess,Google Play,en,us,2026-04-17 17:51:35
dad9e24f-c69b-4f18-acc0-0569e155e5f0,Puru Kumar,Terribly awful app. It increases the latency for this new stupid complex design and you will lose your winning position games.,1,0,,,2026-04-06 23:13:57,,,Lichess,Google Play,en,us,2026-04-17 17:51:35
e0d76ddc-6ea8-4de8-b19d-60702d827c56,Joven James Torrejos,This is the best chess mobile app I used for a long time now. It really helps me improve my skills. I want to suggest a feature though. Can you put a pairing tournament system offline where I could make a mini tournament among my peers. It would be complete total tool package if this happens. Thank lichess,5,1,0.22.7,0.22.7,2026-04-06 20:40:10,,,Lichess,Google Play,en,us,2026-04-17 17:51:35
d60c8dd8-e282-43e9-a393-8ab8ece53556,Lukas,"Unable or unwilling to provide a way to contact them. If you click on “Contact” (good one), you have to wade through countless questions until you reach a page where—ta-da—you're just redirected to some servers and forums. Contact options under “Contact”: zero. A classic rip-off these days. Stay away; there are reputable alternatives.",1,0,,,2026-04-06 17:39:35,,,Lichess,Google Play,en,us,2026-04-17 17:51:35
b6d80629-40e8-4640-8afb-71e257c302a5,Anita Kumari,Really fun!!!,5,0,,,2026-04-06 17:09:48,,,Lichess,Google Play,en,us,2026-04-17 17:51:35
74e3eb65-9d9c-4ce2-a1a6-9ac6ee88ba9f,Darren Alexander,"free, no subscriptions and an amazing puzzle mix and difficulty. Surely, this needs to be more popular.",5,0,,,2026-04-06 16:55:50,,,Lichess,Google Play,en,us,2026-04-17 17:51:35
0fce0ab2-f602-46e2-8d80-0e9a46a767cd,Omkar Gaikwad,"very poor broadcasting and hence I'm not going to watch tournaments on this app because it shows matches or rounds played by players instead of their score or result, Eg in Grenke Chess Festival 2026",1,7,0.22.7,0.22.7,2026-04-06 15:45:54,,,Lichess,Google Play,en,us,2026-04-17 17:51:35
a26afefe-e15e-4020-a500-99ead8d76754,REMA K,it is the best app for studying and playing chess for free.,5,0,0.22.7,0.22.7,2026-04-06 15:35:31,,,Lichess,Google Play,en,us,2026-04-17 17:51:35
2a47a06b-5fcb-4472-8b00-ef80dea33f25,M J,Some of the puzzles literally make zero sense,1,0,,,2026-04-06 14:21:16,,,Lichess,Google Play,en,us,2026-04-17 17:51:35
5ab918a3-61b5-46d8-9b25-5cddbfbdd3d1,Miroslav Kovačević,i wold realy like to see more options for customization of start screen,4,0,0.18.2,0.18.2,2026-04-06 02:08:57,,,Lichess,Google Play,en,us,2026-04-17 17:51:35
6c3d88ce-9100-43d5-af0c-0e83c214194b,Dominic Appiah,"I wish there was a ""Takeback"" engine that could allow for genuine cases of misclicks instead of opponents disingenuously refusing it.",4,0,0.22.7,0.22.7,2026-04-05 22:06:11,,,Lichess,Google Play,en,us,2026-04-17 17:51:35
d0e84410-b66c-45d7-85c1-e2097854bb89,Tope Akanji,"can you please just bring back the previous app, cant even off vibration",1,0,0.22.7,0.22.7,2026-04-05 22:00:35,,,Lichess,Google Play,en,us,2026-04-17 17:51:35
55b46939-6b7f-4d1e-a627-9f02e791d032,Pumza Gevenga,very realistic,5,0,0.22.7,0.22.7,2026-04-05 21:20:28,,,Lichess,Google Play,en,us,2026-04-17 17:51:35
94316b40-cd88-458b-b547-9e21ceda70da,Gabriel Howard,"Gawd awful interface, difficult to navigate, menus are a mess, nonintuitive to set up a game against the computer or a human opponent of similar skill level. Literally uninstalled after 3 minutes.",2,0,,,2026-04-05 19:09:06,,,Lichess,Google Play,en,us,2026-04-17 17:51:35
89f465b8-e7c7-4046-9fe8-74dfc2dfa999,Mohammad Mohaimenul ISLAM,Perfection.,5,1,,,2026-04-05 16:48:20,,,Lichess,Google Play,en,us,2026-04-17 17:51:35
40340fe0-d296-42ea-bd22-4436c58906b1,Ash M.G.,"it's chess. it's free. it's so much more than that. all features are free for everyone: no paywalls for bot opponents, custom skins, or game analysis. you can customize your pieces and board to your liking, and even add a background image to make your experience unique to you (i used some monstera leaves on all green board). there are puzzles and training courses and different chess variants, and the web version has even more stuff. i couldn't recommend this enough. give this app some love ffs.",5,4,0.22.7,0.22.7,2026-04-05 16:18:37,,,Lichess,Google Play,en,us,2026-04-17 17:51:35
50249e35-aaf5-4af3-b688-2284e6d1366e,Ajinkya Dhote,i don't like the review system even if it is free. also not enough bots to play with. the worst part is matchmaking it is just trash- it could be 100x better.,2,0,,,2026-04-05 11:38:24,,,Lichess,Google Play,en,us,2026-04-17 17:51:35
910194e6-4074-488e-b1a0-c55fd07e08a9,Night Blood,massive cheating problem. no reliable reporting system,1,2,0.19.4,0.19.4,2026-04-05 06:11:58,,,Lichess,Google Play,en,us,2026-04-17 17:51:35
fd2a4d83-3f42-41ee-b084-32bf300ec8b7,Marca Mos Elfredndò,Yeah! It's the best out there!,5,0,,,2026-04-05 05:23:33,,,Lichess,Google Play,en,us,2026-04-17 17:51:35
b53b7d24-3cf9-4adb-9b78-413a84962e23,Saba Tsenteradze,it's a really good chess game.,5,10,0.14.14,0.14.14,2026-04-04 11:41:45,,,Lichess,Google Play,en,us,2026-04-17 17:51:35
303905bf-bfcf-4790-bfe4-97606b004766,Taher Hilal,I cannot request a computer analysis in study in the android app. Please add this feature so that I can access computer analysis on this device and not have to open the webpage. Otherwise the app is very solid.,4,1,0.22.7,0.22.7,2026-04-03 06:48:31,,,Lichess,Google Play,en,us,2026-04-17 17:51:35
271581ea-3711-4c50-ad1f-4d966670c4ff,Christian Gabriel Decalit,"Fix this ping issues, everytime i play every games, suddenly lag every single time. I do not recommend this.",1,1,0.22.7,0.22.7,2026-04-02 07:43:26,,,Lichess,Google Play,en,us,2026-04-17 17:51:35
b310dab5-412a-443b-823e-82aae9abb3b1,Alyanna Enciong,it's doesn't let me register a account when I'm doing everything right and I'm not laging,1,2,0.22.7,0.22.7,2026-04-02 06:51:31,,,Lichess,Google Play,en,us,2026-04-17 17:51:35
53432852-dc8e-4d67-a75a-f8046e2daa52,:,worse matchmaking than capcom frfr,1,1,0.22.7,0.22.7,2026-04-01 14:39:22,,,Lichess,Google Play,en,us,2026-04-17 17:51:35
22c432d7-a85d-4873-a4b2-88dfc5d84600,Kol Harsche,one of the absolute worst chess apps out there. zero regelation on cheating devices. and ignores all customers. TERRIBLE,1,0,,,2026-04-01 06:50:32,,,Lichess,Google Play,en,us,2026-04-17 17:51:35
705321ec-e538-444d-a94b-447fe04d1c83,Mihin Weragama,The new update is really good. and those graphics are really good as well.,5,1,0.22.7,0.22.7,2026-03-31 23:08:19,,,Lichess,Google Play,en,us,2026-04-17 17:51:35
24eff2af-4917-422a-97d5-958d139e27ec,Trevor Otich,Best Chess app . love how you can play learn and with others and especially love how there are not ads,5,1,0.22.7,0.22.7,2026-03-31 18:36:00,,,Lichess,Google Play,en,us,2026-04-17 17:51:35
a1542b66-38ad-4266-a3a0-22074af37d51,Trainingson Pyngrope,"deeply disappointed I've just open my account I got block , I'm not a beginner player and i know some theory and I've played in other platforms for the past 2plus years as well ...I got flagged that I violates the financial fair play ,just give us options to give like beginner, intermediate or advanced...",2,0,,,2026-03-31 14:09:19,,,Lichess,Google Play,en,us,2026-04-17 17:51:35
777f976c-b32d-4ffa-8a59-3633bf648c53,Rituraj,very good 👍👍👍👍👍👍,5,1,,,2026-03-31 11:06:24,,,Lichess,Google Play,en,us,2026-04-17 17:51:35
f70fa1c4-59ed-40e1-86cd-7cd2007ab5ff,Rudra Sharma,"love the new experience , lichess team you are a life saver i will start donating as soon I start to earn thanks 🙏 pls never stop doing what you do .",5,1,0.22.7,0.22.7,2026-03-31 10:08:40,,,Lichess,Google Play,en,us,2026-04-17 17:51:35
f7d85321-1679-420f-9883-8ad6ce357162,Tyrone Klopper,Lubbin Dis,5,0,0.22.7,0.22.7,2026-03-31 10:04:18,,,Lichess,Google Play,en,us,2026-04-17 17:51:35
3c24317e-9910-4ce3-ab8d-3182409ad119,Lukas G,"best chess website, I prefer lichess to even the paid chess-com expierience.",5,0,0.22.7,0.22.7,2026-03-31 04:10:44,,,Lichess,Google Play,en,us,2026-04-17 17:51:35
f6d73e63-e320-405e-b49b-2c5eef89e914,Francisco Mwangupili,"Please make the ""Request Computer Analysis"" feature easier to locate...",5,6,0.22.7,0.22.7,2026-03-30 19:40:23,,,Lichess,Google Play,en,us,2026-04-17 17:51:35
c7a9c0fb-8926-49ba-8177-fceddfad0244,vivek venugopal,one of the worst timers in chess apps out there. there is a way to cheat and increase the time for yourself in bullet games. absolutely pathetic. absolutely horrible horrible timer.,1,0,,,2026-03-30 19:39:38,,,Lichess,Google Play,en,us,2026-04-17 17:51:35
20b85ab3-58ee-4f9f-a76b-3fc6821f3bdf,Matthew Booth,"match setting is unweighted and with zero moderation, full of cheats and bots. you end up having 1300 hundreds who play like levvy followed by a 1700 who's way above your grading...",1,0,0.22.7,0.22.7,2026-03-30 12:28:49,,,Lichess,Google Play,en,us,2026-04-17 17:51:35
934555f7-7bd2-4d9b-ac4e-198903408254,Wira,"hotseat player vs player is confusing, why the pieces flipped upside down everytime turn takes",1,0,0.22.7,0.22.7,2026-03-30 11:27:07,,,Lichess,Google Play,en,us,2026-04-17 17:51:35
77b6c4dd-7560-4c0f-a8b8-b8aafeaf5d5f,Srinivasa Raghava,Better than Chess. com,5,1,0.22.7,0.22.7,2026-03-30 06:53:49,,,Lichess,Google Play,en,us,2026-04-17 17:51:35
b1ca568e-d269-4a1c-8bc2-faec578395bd,The Practical Drummer,TAKES FOREVER TO PAIR A GAME UP EVEN WITH COMMON TIME CONTROLS.,4,0,0.22.7,0.22.7,2026-03-30 04:19:31,,,Lichess,Google Play,en,us,2026-04-17 17:51:35
25fc22d0-bf81-41bf-9b5f-d47fee9d275a,Lesiba Mphahlele,"the UI is not quite there, I struggle a lot with browsing my previous games",3,0,0.22.7,0.22.7,2026-03-29 17:47:05,,,Lichess,Google Play,en,us,2026-04-17 17:51:35
4d7759c1-ee04-4ae9-8219-39c8fd9168ff,Muthu Krishnan,i like unlimited free puzzles 🤟🤟,5,1,0.22.7,0.22.7,2026-03-29 17:36:49,,,Lichess,Google Play,en,us,2026-04-17 17:51:35
8ce3bb23-82e3-4917-8808-d4bc01f9045b,ॐ,"You guys absolutely nailed it with the learning thing, but as a beginner I need like a library where you sort all the things like different openings and plays",5,1,0.22.7,0.22.7,2026-03-29 17:34:11,,,Lichess,Google Play,en,us,2026-04-17 17:51:35
9811e317-c95b-4d2a-87a6-9feaca4fb8a2,Bash,new update is horrible! please go back to the original interface,1,1,0.22.7,0.22.7,2026-03-29 16:16:22,,,Lichess,Google Play,en,us,2026-04-17 17:51:35
236fd201-b7fc-4b9d-bedf-379ddb277964,Vinicius Rodrigues,fantastic,5,1,0.22.7,0.22.7,2026-03-29 15:55:21,,,Lichess,Google Play,en,us,2026-04-17 17:51:35
c83184f4-63f0-4f11-8a50-08b2427ddafa,Reiver Molina,Best chess App of all time.,5,1,0.22.7,0.22.7,2026-03-29 13:00:55,,,Lichess,Google Play,en,us,2026-04-17 17:51:35
734dadb0-13ca-4dc9-a9e0-6da2db257a09,Dilo Chav,Great,5,0,0.22.7,0.22.7,2026-03-29 10:23:21,,,Lichess,Google Play,en,us,2026-04-17 17:51:35
90888ef3-ca94-40e0-85e9-788406874f79,SUMAN MONDAL,"Apps freeze after 30sec of opening the app, kindly fix this.",3,0,0.22.7,0.22.7,2026-03-29 10:18:59,,,Lichess,Google Play,en,us,2026-04-17 17:51:35
aef1b9ff-1fc0-45a4-bc21-97eed0497241,Siva Kumar,I mean for free in this economy i love it.,5,1,0.22.7,0.22.7,2026-03-29 05:30:25,,,Lichess,Google Play,en,us,2026-04-17 17:51:35
1e189a7c-f4af-47ab-a9c6-afc5fb425636,Dielectric Truth,Best site and app to play chess on. all for free. thank you lichess,5,0,0.22.7,0.22.7,2026-03-28 23:55:50,,,Lichess,Google Play,en,us,2026-04-17 17:51:35
03fc54d9-4b65-472a-b471-defaa270535a,Jim Greene,the best chess platform,5,0,0.22.7,0.22.7,2026-03-28 22:27:38,,,Lichess,Google Play,en,us,2026-04-17 17:51:35
ab00c523-b812-451f-b70b-2090e310722e,sourav sahoo,the recent update is really good...love it,5,4,0.22.7,0.22.7,2026-03-28 19:42:37,,,Lichess,Google Play,en,us,2026-04-17 17:51:35
3c9190af-187f-4edf-b6b3-2515722839d7,Rodney Jaime,very good game and free analysis,5,0,0.22.7,0.22.7,2026-03-28 18:16:08,,,Lichess,Google Play,en,us,2026-04-17 17:51:35
f758af83-76d4-4a8b-800a-50497238dc72,Mitch Derise,"App just completely freezes up, every minute or so. Used to be great, now it's not even remotely playable",2,0,0.22.7,0.22.7,2026-03-28 06:42:26,,,Lichess,Google Play,en,us,2026-04-17 17:51:35
47feb618-58a3-48fc-9f6c-236dab2d56a4,Adam Fominaya,does this site do any community control? cheater tracking? banning? no reply to any reports.,1,0,0.22.7,0.22.7,2026-03-28 03:50:14,,,Lichess,Google Play,en,us,2026-04-17 17:51:35
323ecc23-aa8b-4489-8d6b-cf0f5131f595,charlie jones,"Great app for playing chess, alot of talented people to play against. This is what apps should be like, reward people for making a good quality app, not just forced to watch ads to feed there greed. thank you.",5,1,0.22.7,0.22.7,2026-03-27 00:55:55,,,Lichess,Google Play,en,us,2026-04-17 17:51:35
344e3611-b282-4874-aad3-8245955e9e2e,Ahmed Mohamed,the perfect app ever to play online chess,5,1,0.22.7,0.22.7,2026-03-26 22:01:53,,,Lichess,Google Play,en,us,2026-04-17 17:51:35
f3c36698-93e0-4e48-aa32-8c8d42a4be47,Prince,"In my friends phone it is showing me the option of post and to join community, but in my phone even after updating the app I am not getting these options",1,0,0.22.7,0.22.7,2026-03-26 10:09:57,,,Lichess,Google Play,en,us,2026-04-17 17:51:35
eafdc630-08b8-4b52-95c2-293a267885dc,Alex Curteman,"Everything you need to play chess, and all the tools you need to get better. All for free, without ads or collecting any personal data. A rare gem in these times. Why bother with anything else?",5,1,0.22.7,0.22.7,2026-03-25 23:04:18,,,Lichess,Google Play,en,us,2026-04-17 17:51:35
3003f810-92ac-4a9d-86e7-51b4ede21e2f,Leul Mekonnen,horrible horrible appllication,1,0,0.22.7,0.22.7,2026-03-25 18:26:17,,,Lichess,Google Play,en,us,2026-04-17 17:51:35
b2b5ff2e-b5f2-42cc-bccd-8075756c91da,Lal Babu Sharma,This is the best app for chess lovers. If we could also review brilliant and great moves then it would be nice.,5,1,0.22.7,0.22.7,2026-03-25 17:50:28,,,Lichess,Google Play,en,us,2026-04-17 17:51:35
f0b4d8f3-28bd-4344-9a0e-3e0683cdbc67,Salem Abawii,"the new app is working now , but the timer is not correct in some games i ran out of times multiple times , for example if i have left 10 or 5 sec the actual timer is to 1 or 2. and it is not connection problem",4,2,0.22.7,0.22.7,2026-03-25 16:13:15,,,Lichess,Google Play,en,us,2026-04-17 17:51:35
cb1b7f30-4198-46e8-be11-5216d0a63f95,Devyugan R,excelent,5,1,0.21.9,0.21.9,2026-03-25 14:53:43,,,Lichess,Google Play,en,us,2026-04-17 17:51:35
e26e3475-3b45-4377-a0ab-6d7cbb48fb25,Ekens Nathan,beautiful app I really love chess and the app makes it easier for me to play it worth it,5,1,0.21.9,0.21.9,2026-03-25 14:16:36,,,Lichess,Google Play,en,us,2026-04-17 17:51:35
9ae30f27-7ed4-40c6-a067-ccd3d66812a7,Ioannis Koutoulakis,Thank you for existing!,5,1,0.22.7,0.22.7,2026-03-25 13:12:03,,,Lichess,Google Play,en,us,2026-04-17 17:51:35
df2bf46e-020d-40d2-b696-4ae58c81186a,apple avocado,"They added offline play vs bots, with a very nice practice mode too. But custom mode is still very limited, please make it possible for players to make a custom position where you can give yourself like 20 pawns advantage and maybe challenge the computer. In the current custom board setup, it just doesn't let you start the game if you have a ""unrealistic"" amount of a certain piece. I know it's not the proper amount of pieces, but it's for fun!",4,20,0.22.7,0.22.7,2026-03-25 12:57:54,,,Lichess,Google Play,en,us,2026-04-17 17:51:35
70cfff9e-aa9c-4e81-b411-d4c8eb94c148,Kun Dred,"The puzzle insights and the puzzle motifs help me strengthen the areas I did not know I was weak in, and I've started noticing actual improvements in my game. latest update is so dope I finally uninstalled the legacy Lichess after 5 years of using it. I can play offline now. hands down this is the best app for chess lovers like me. thank you team.",5,1,,,2026-03-25 12:48:11,,,Lichess,Google Play,en,us,2026-04-17 17:51:35
1cf7ce81-9c0d-4640-9106-ea007c1c4023,HRISHIKESH GUJAR,no multiple premoves,1,0,0.22.7,0.22.7,2026-03-25 08:31:34,,,Lichess,Google Play,en,us,2026-04-17 17:51:35
0ece0ceb-98a4-4d5a-865b-6d580e99a58f,Vinay Shirahatti,"A great app to play the great game of chess. However, there is a some room for improvement. For example, the phone screen turns off after some time (based on the screen timeout settings) when the app is being used. Can this be rectified so that the app prevents the phone screen from automatically turning off? Thanks and keep up the great work. 👍",4,2,0.22.7,0.22.7,2026-03-25 06:20:50,,,Lichess,Google Play,en,us,2026-04-17 17:51:35
b5d08a20-fc17-41f0-ac43-f589e2095c47,Joseph Nyaema,"Really struggling to rate this new app with a white background and uppercase L everyone liked the app with white background, and same name with a lowercase l. It worked perfectly up to the point, where, for no reason at all, the opening explorer stopped working, leading me here looking for an upgrade that works, only to get this with Uppercase L... I've no words for it... trying to find something positive to say. At the very least, get the in-game opening-explorer during analysis.",2,1,0.22.7,0.22.7,2026-03-25 04:00:20,,,Lichess,Google Play,en,us,2026-04-17 17:51:35
d768f0bc-5b3f-4c19-964f-c98ceaf7df42,King Sora,"I used years ago it was good now the game always redirect to the browser to log ain't work at all and hasn't offline play, most of the options vanished. very bad",1,2,0.22.7,0.22.7,2026-03-25 01:33:51,,,Lichess,Google Play,en,us,2026-04-17 17:51:35
0af2ee06-4bc1-413b-beb9-4872dbe495ea,Vanessa Quinn,I used to love and recommend this game but like others said its changed and become unusable. Its a mess and the point system is ridiculous. We can't have anything nice.,1,0,,,2026-03-24 20:17:37,,,Lichess,Google Play,en,us,2026-04-17 17:51:35
c7291dfc-ff4d-42a8-bf08-3551131d15bf,Abdun-Nafay Khawaja,"No question, the GOAT of chess sites. I exclusively use Lichess for my online games, and left every other platform within a month of installing this app. It is much more professional and educational than anything else available. The only complaints I can make is that the web version is much better than the app, especially with the moves voice-over as ""sound"", but also the incredible ""Learn from your Mistakes"" feature, which sadly has been buggy on the android app for as long as I have known.",5,7,0.22.7,0.22.7,2026-03-24 19:26:20,,,Lichess,Google Play,en,us,2026-04-17 17:51:35
7d503c1c-0f6e-49ea-81c8-571133d52fae,Pritam Tarafdar,Had a very nice experience with this app.. highly recommended 👍,5,1,0.22.7,0.22.7,2026-03-23 20:33:36,,,Lichess,Google Play,en,us,2026-04-17 17:51:35
cf9899d9-bb97-4ce8-b563-c23ae882cb8b,Sachin,free chess with very neat and clean UI. lots of players are online to play with & the tournaments are always available! really likes the way they served,5,2,0.22.7,0.22.7,2026-03-23 18:28:24,,,Lichess,Google Play,en,us,2026-04-17 17:51:35
de9f0ef7-0c61-4aed-98c8-6ae596950bd2,DoctorX,Please increase the board long size,4,0,0.22.6,0.22.6,2026-03-23 15:14:47,,,Lichess,Google Play,en,us,2026-04-17 17:51:35
b1708ccb-adee-4ab4-a064-582b3430b7fd,Gustavo Barbosa,Please allow premoving in puzzles and add racer :) Update: It's possible to move much faster in timed puzzles now,5,4,0.22.6,0.22.6,2026-03-23 14:40:47,,,Lichess,Google Play,en,us,2026-04-17 17:51:35
2439669f-c2a8-49e5-ad3a-ac564f9a7a9c,J. Sisya,old app design was better,3,0,0.22.7,0.22.7,2026-03-23 10:09:25,,,Lichess,Google Play,en,us,2026-04-17 17:51:35
febd1319-1862-41fb-9cdb-bd5a40c8b42a,Abuhena Rony,"best chess game ever, no ads",5,1,,,2026-03-23 06:03:37,,,Lichess,Google Play,en,us,2026-04-17 17:51:35
739df8e8-83a8-487f-9422-eda9d95f2700,alaar9t,"Moves animation in LichessTV is very fast. I don't like it, especially when I watch rapid or classic.",3,0,0.22.7,0.22.7,2026-03-22 22:02:47,,,Lichess,Google Play,en,us,2026-04-17 17:51:35
0b973b7e-9a20-449a-bcf6-ea0dfcbec62f,MAnny,pls 🥺🙏 add a Black and White Box Chess Board,4,0,0.22.6,0.22.6,2026-03-22 17:59:39,,,Lichess,Google Play,en,us,2026-04-17 17:51:35
38339cb3-1665-4f29-aa3f-7ba2876c933b,Atharva Pandit,"ui can be better , but overall good game and nice free puzzles",5,1,0.21.9,0.21.9,2026-03-22 06:14:40,,,Lichess,Google Play,en,us,2026-04-17 17:51:35
ee840739-ddac-4307-a5eb-4cf563393f64,Niel Anderson,chess pure and simple,5,1,0.22.4,0.22.4,2026-03-22 06:00:49,,,Lichess,Google Play,en,us,2026-04-17 17:51:35
cd356537-231e-4f33-b38b-c6224bf83023,moffasa moffasa,"piece animations is slow, make it fast",4,0,,,2026-03-22 03:15:12,,,Lichess,Google Play,en,us,2026-04-17 17:51:35
e5cd3198-601d-44cf-a791-5f04700532d6,Mihaly Nemeth,"It used to be maximum star app. Previously I had only one issue, namely, when I won, the other player messaged me ""you thrash!"". So, I reported that player minimum 3 times, but despite the policy, he/she kept being amongst the players instead of being kicked out for such an unacceptable behaviour! But now the Puzzles feature became unusable because it is infested with it-doesn't-make-any-sense puzzles!",1,4,0.22.6,0.22.6,2026-03-21 16:13:14,,,Lichess,Google Play,en,us,2026-04-17 17:51:35
c38d1d81-ae69-4094-ba01-890e023c5f35,Virender S,add landscape mode like legacy app has,5,13,0.22.6,0.22.6,2026-03-21 11:05:28,,,Lichess,Google Play,en,us,2026-04-17 17:51:35
bee85b2a-3255-4e9a-9f1e-ef3a042a5d9a,Ng Yk,this game is useless because of this game.,1,0,0.22.6,0.22.6,2026-03-21 09:34:16,,,Lichess,Google Play,en,us,2026-04-17 17:51:35
4873eb64-a242-419c-892e-fdbd97f29bef,Vijay Kumar Sharma,"i have issues with login , i have already an account in it but i am unable to sign in it again .",5,0,0.22.6,0.22.6,2026-03-21 07:30:31,,,Lichess,Google Play,en,us,2026-04-17 17:51:35
3e870989-2996-448a-af54-22189885ca54,Scaria Coc,absolutely free,5,1,,,2026-03-21 06:03:33,,,Lichess,Google Play,en,us,2026-04-17 17:51:35
9a685864-457d-4e16-8229-e12ff7a1b12a,Majd Mallouk,Just amazing,5,1,0.22.4,0.22.4,2026-03-21 00:58:58,,,Lichess,Google Play,en,us,2026-04-17 17:51:35
b798d319-85fb-43ac-8608-6b1c1fa87d65,John Mushitu,"I've been using the Lichess app for over 7 years now, and I've recommended it to others before. However, I don't think I can recommend it anymore with the recent (and rather unnecessary) UI changes. The option to challenge friends to a match is nowhere to be found on the app, but is still available on the website. How does that even make any sense??",1,5,0.21.9,0.21.9,2026-03-20 19:01:14,,,Lichess,Google Play,en,us,2026-04-17 17:51:35
f9cf5024-9b7e-4626-bae6-7e9dc7c68094,Abhishek Yadav,facing problem during log in,2,0,0.22.6,0.22.6,2026-03-20 14:13:56,,,Lichess,Google Play,en,us,2026-04-17 17:51:35
72215521-8f2b-4833-84c8-51eb85a48757,Sharox Khder,The best chess platform ever,5,0,0.21.9,0.21.9,2026-03-20 09:14:05,,,Lichess,Google Play,en,us,2026-04-17 17:51:35
3a704cb1-3ea8-427e-a792-35ad9062c336,Théodore Abilamekou Badjel,The board design of the previous version is far better. here the black pieces particularly are ugly. Not very distinctive. rethink the design.,3,1,0.22.4,0.22.4,2026-03-20 07:34:14,,,Lichess,Google Play,en,us,2026-04-17 17:51:35
c47a9713-6b53-4df8-94e3-f0cbf07e3f1f,Ranger Gaming,nice but too complicated,4,0,0.18.2,0.18.2,2026-03-20 06:10:52,,,Lichess,Google Play,en,us,2026-04-17 17:51:35
a413fdbb-5eba-4eac-bf57-14fc126f6577,Kareem Hammouda,"best app for playing chess ever and same on pc in website , Lichess help me to improve my skills because ever things is free like tactics and studys ,",5,0,0.22.4,0.22.4,2026-03-19 05:18:41,,,Lichess,Google Play,en,us,2026-04-17 17:51:35
5ef5b4bd-72b3-401e-9d31-ecf3c8da2bb8,Bryan Perras,ad-free and free but the AI difficulty goes from extremely easy to extremely hard with nothing inbetween. Could use some tweaking.,3,0,,,2026-03-19 01:59:26,,,Lichess,Google Play,en,us,2026-04-17 17:51:35
2f5b6b8a-0b5a-4db4-a973-bdf6107ec3d4,Jon D,"Love the app but I can no longer play a correspondence game (where you can access the analysis board) against the stockfish engine at various levels. Instead it looks like I'd have to pick an online bot, but none of them will accept that type of game. Fix and I will give 5 stars.",3,5,0.22.4,0.22.4,2026-03-19 01:47:33,,,Lichess,Google Play,en,us,2026-04-17 17:51:35
c6140ba6-0c32-4a3c-a618-1a978f0f99cf,Tito Jeff's Life,Nor usable. played chess against computer and it wouldn't let me move my rook. Finally the opponent never moved. uninstall immediately.,1,0,0.22.4,0.22.4,2026-03-18 10:11:46,,,Lichess,Google Play,en,us,2026-04-17 17:51:35
42534612-3e37-47c1-9721-25cab2ed5277,Kavita Singh,this game is super boring and angry ble by sign in,1,0,,,2026-03-18 09:14:03,,,Lichess,Google Play,en,us,2026-04-17 17:51:35
6a944a01-d4ea-43ba-8493-7f647b63f18e,FireKingJosh,good but could be better,4,0,0.22.3,0.22.3,2026-03-18 00:52:44,,,Lichess,Google Play,en,us,2026-04-17 17:51:35
c4daca0d-d1de-4b0b-8963-adf83dec9342,Marcus Vought,takes 5 minutes to play 1 game. a literal 5 minutes. unless you play 3 or 5 minutes chess where the cheaters are. they dont do anything about cheaters. but will ban you for leaving a game.,1,0,0.22.3,0.22.3,2026-03-17 21:57:47,,,Lichess,Google Play,en,us,2026-04-17 17:51:35
8fad9993-c28a-42d9-9cc0-132554dacc5c,reverse autopsy,bad very bad,1,0,,,2026-03-17 19:40:10,,,Lichess,Google Play,en,us,2026-04-17 17:51:35
a6879c27-f940-4241-a8a3-3d6903b4a3e1,Renz Bongais,far better than the legacy version tbh,4,1,0.22.3,0.22.3,2026-03-17 18:35:16,,,Lichess,Google Play,en,us,2026-04-17 17:51:35
bd846d12-2f33-4ee6-989a-b134b12bfbc1,selva jayanthi,"good app to play, learn and explore many thing",5,1,,,2026-03-17 15:59:42,,,Lichess,Google Play,en,us,2026-04-17 17:51:35
7e17beaa-dfe8-4763-b103-cf0300466b88,mug,few years later and still have bunch of bugs,1,0,0.22.3,0.22.3,2026-03-17 12:36:51,,,Lichess,Google Play,en,us,2026-04-17 17:51:35
2f49f33a-2a00-4482-b4ff-463509b48a38,Den K.,slow,1,0,0.21.9,0.21.9,2026-03-16 19:14:41,,,Lichess,Google Play,en,us,2026-04-17 17:51:35
615c4727-6117-4de6-afd3-6924201ca8c5,MorrisTF2,this app is awful and now exercises in the old version are broken and will probably never get fixed... what a shame,1,2,0.21.9,0.21.9,2026-03-15 19:11:37,,,Lichess,Google Play,en,us,2026-04-17 17:51:35
e9d00390-9393-4afc-859f-05edbfd2eeca,vishal ghule,I cannot play simul and swiss tournaments on this app.Also the blogs should open on this app.Or else the app is good.,4,0,0.21.9,0.21.9,2026-03-15 12:07:29,,,Lichess,Google Play,en,us,2026-04-17 17:51:35
5f441664-98cb-47f6-892a-35ebc19d0530,Tapas Roy Chowdhury,I have played many online chess tournament s,5,0,0.21.9,0.21.9,2026-03-15 10:02:04,,,Lichess,Google Play,en,us,2026-04-17 17:51:35
432a69d0-b248-4de2-9076-b11349b99f91,BAIDAA Al Hammoud,full of bots hackers,1,0,,,2026-03-14 10:40:51,,,Lichess,Google Play,en,us,2026-04-17 17:51:35
ebdd9dc8-6aa2-45f4-9326-751f797c2c1b,idera oluseye,good all round,5,0,,,2026-03-13 13:11:23,,,Lichess,Google Play,en,us,2026-04-17 17:51:35
da9cdba0-0ad1-4c67-8cdd-911e1ba735d1,Réda Kerouicha,"liches deliver the best chess app on phone, elegant and fast",5,0,0.21.9,0.21.9,2026-03-12 22:25:57,,,Lichess,Google Play,en,us,2026-04-17 17:51:35
4c8a9cc9-8539-4b59-a75f-921aa9b4e912,Anthony Leeper,Recent updates are great. fully switched from the old app now great job 👏,5,23,0.21.9,0.21.9,2026-03-12 21:14:41,,,Lichess,Google Play,en,us,2026-04-17 17:51:35
7869dda5-7546-4ec3-b7bd-039f60d87547,Kyvon - - Jayza,What happened to invisible pieces on the chess app settings? I can't play blindfold chess anymore. Disguise chess isn't the same as it but it's too easy. I wanna play blindfold chess somehow.,5,0,0.21.9,0.21.9,2026-03-12 20:53:16,,,Lichess,Google Play,en,us,2026-04-17 17:51:35
37330a02-af13-424b-abaf-8db378ef601b,nik k,older app was 5 stars. newer is unusable,5,0,0.21.9,0.21.9,2026-03-12 20:08:04,,,Lichess,Google Play,en,us,2026-04-17 17:51:35
fc797189-a1c0-4a24-92ac-2bc81af99ef3,Kean Delicano,good game,5,0,,,2026-03-12 13:57:41,,,Lichess,Google Play,en,us,2026-04-17 17:51:35
cccaab77-1c7a-4ab7-a2b9-cf78205bc17a,Sakthi M,A great chess app for common people. Wish the UI could be interactive and good advise or commentary during analysis for better understanding. But unlimited Analysis is the game changing idea.,4,0,,,2026-03-12 13:48:14,,,Lichess,Google Play,en,us,2026-04-17 17:51:35
deeb3dbf-dd29-41ca-be88-93f37e0c5d37,Louis Rialland,Nice modernisation of the old app.,5,0,0.21.9,0.21.9,2026-03-12 09:14:05,,,Lichess,Google Play,en,us,2026-04-17 17:51:35
e0633c41-e37e-4a00-8338-f725faa3df0e,Maria,"this game is just chess. if you love chess, you love this game. if you don't, YOU LOVE CHECKERS.",5,1,0.21.9,0.21.9,2026-03-12 07:05:30,,,Lichess,Google Play,en,us,2026-04-17 17:51:35
240215ea-c6ac-440b-884a-3371bd33bcac,Emman Bello,too strong,1,0,0.21.9,0.21.9,2026-03-12 05:25:15,,,Lichess,Google Play,en,us,2026-04-17 17:51:35
003674e7-3380-4bbc-9eb5-38e0e6132237,Daniel Zvarici,The absolute worst of the chess experience.,1,0,,,2026-03-12 02:12:22,,,Lichess,Google Play,en,us,2026-04-17 17:51:35
70577985-1096-46d0-9785-4dc3e4b11747,Amit,"Very good experience, free from ads, you can get analyse of every game you play, and puzzle section analyses your performance on 11 or more tactics skill. Minimalistic design very effective.",5,2,0.21.9,0.21.9,2026-03-11 12:25:51,,,Lichess,Google Play,en,us,2026-04-17 17:51:35
489184f4-a5c1-4577-9529-432ba08a1718,duncan pronk,so many ghost touches that don't happen in other chess apps. settings being reset every now and then.,1,0,0.21.9,0.21.9,2026-03-11 10:20:43,,,Lichess,Google Play,en,us,2026-04-17 17:51:35
abad0d60-a98f-4d91-888d-73469ec65c20,Herlock,I'm playing a game and then suddenly it is resigned. You people are very incompetent.,1,0,,,2026-03-10 18:57:45,,,Lichess,Google Play,en,us,2026-04-17 17:51:35
c2c6f92c-30a9-4395-8e7b-c4950ac76930,Michael,Too many people are cheating online nowadays thanks to AI engines.... I've also noticed a difference in game play vs a few years ago as my elo is higher than I'm allowed to get to... I'm winning games and rising just to get hit with several losses knocking me back down? I'm an advanced player of mid 1700s and 1300 players should not be beating me like they are an 1800 player..(maybe I'm playing AI bots who don't follow elo. Sad days when you can't trust anyone...online chess is forever ruined.,1,0,,,2026-03-10 16:50:13,,,Lichess,Google Play,en,us,2026-04-17 17:51:35
c181d793-9878-46d7-a6e2-207458671069,Harshit R,"This is totally a free app, really useful giving unlimited puzzles even with different tactics",5,2,,,2026-03-10 15:38:40,,,Lichess,Google Play,en,us,2026-04-17 17:51:35
5c935ff6-3fc0-4943-981d-dca9890fcf72,Amílcar Tavares,Absolutely free! Note to developers: premoving worked better on the older version.,5,0,0.21.9,0.21.9,2026-03-10 14:53:19,,,Lichess,Google Play,en,us,2026-04-17 17:51:35
e261fb16-7a2b-4f04-9ecd-23760a3f8ef3,Wahyudin Yahya,"Finally the new features with computer to practice have came out. Maybe next is grandmaster games list, so we don't have to download pgn file or go to another website to read or see it. Btw, live games of the recent events also already great.",5,1,0.21.9,0.21.9,2026-03-10 03:44:53,,,Lichess,Google Play,en,us,2026-04-17 17:51:35
5508b141-eb04-44c9-92ed-2c4542246d02,Pain,"This app is doomed, developer made the ui worst possible ☠️",1,2,,,2026-03-08 23:18:09,,,Lichess,Google Play,en,us,2026-04-17 17:51:35
42141744-5261-421b-a0dd-40426cd11d88,SHRUSHAL G (GOVINDHHGOVIND),best chess teaching app in the world,5,1,0.21.9,0.21.9,2026-03-08 17:15:27,,,Lichess,Google Play,en,us,2026-04-17 17:51:35
fc3f3bd0-4ca6-4424-8dff-34077ec2a737,Alexey Ozhigov,"Worse, than legacy version! Small buttons, works slower. UI/UX of the legacy version was almost ideal. The new version UI/UX is a huge disappointment.",1,3,0.21.9,0.21.9,2026-03-08 11:49:39,,,Lichess,Google Play,en,us,2026-04-17 17:51:35
c5a64ea4-848d-44e0-9d0c-3b759afa4468,Muthulakshmi Easwaran,"wonderful, marvellous, stupendous, magnificient and magnus carlsen should help this app to improve more and more. 🤝",5,1,,,2026-03-08 10:57:59,,,Lichess,Google Play,en,us,2026-04-17 17:51:35
15001f6c-f1b5-4f6c-aa04-e4e8fac072d5,Hubert,"App is still in development but you can do unlimited puzzles, learn and play for free and with no ads!",5,2,0.21.9,0.21.9,2026-03-08 00:09:40,,,Lichess,Google Play,en,us,2026-04-17 17:51:35
4b187b27-03c9-4163-bf56-2761708db032,Dima Nail2009,they gave us a reimagination of old design and bots,5,0,0.21.9,0.21.9,2026-03-07 23:35:04,,,Lichess,Google Play,en,us,2026-04-17 17:51:35
c26bbfbc-e6fe-4315-a0e2-65c6db935735,Bala Gt,signin issue High i try to signin but error continuously,1,0,0.21.9,0.21.9,2026-03-07 21:13:17,,,Lichess,Google Play,en,us,2026-04-17 17:51:35
300fd393-d0a6-4145-b8f4-dd96d085c205,supperhey,so barebone,1,0,0.21.9,0.21.9,2026-03-07 08:48:59,,,Lichess,Google Play,en,us,2026-04-17 17:51:35
925d974c-ec38-4ae9-a629-e92ae7dce1b8,Oscar musakwa,can you combine it with lichess legacy. I cnt challenge a friend,2,0,0.21.9,0.21.9,2026-03-06 20:49:20,,,Lichess,Google Play,en,us,2026-04-17 17:51:35
68a506ae-113b-4d93-8aec-419afd5e5972,J Osborne,if I wanted a game that took 20 minutes to move id play my friends,1,0,,,2026-03-06 19:27:57,,,Lichess,Google Play,en,us,2026-04-17 17:51:35
7f610da3-6d31-4baf-ae25-b39e54640e61,Happy Vector Day,"5⭐ offline bots came, now it's the best app Developers please add offline bots to play against There is no option to play against offline bots Puzzles don't have any options to see previous moves",5,5,0.21.9,0.21.9,2026-03-06 13:57:33,,,Lichess,Google Play,en,us,2026-04-17 17:51:35
bd6f33dc-b394-4f57-8d00-6d094e718edf,Belahma Rawdet Zayed,the latest version and user interface is so bad. please go back to the old version,1,2,0.21.9,0.21.9,2026-03-06 04:44:21,,,Lichess,Google Play,en,us,2026-04-17 17:51:35
9022981a-59f5-41c9-8548-c9de4f8c2963,anoninus,Lichess is the most lightweight and less data hungry app for chess. The newupdate of march 2026 now allows to play with computer while being offline!,5,1,,,2026-03-06 04:38:49,,,Lichess,Google Play,en,us,2026-04-17 17:51:35
e2b6e361-212c-49d7-baec-993d176b9886,Kumar Shivam,Best platform for chess players! 👍,5,1,0.21.9,0.21.9,2026-03-05 15:24:50,,,Lichess,Google Play,en,us,2026-04-17 17:51:35
31d84e06-d4f6-4e32-a7ce-f5d094e74b0a,SigmaAk Kabisek,"this is better, even though, can we have some of the same qualities in lichess legacy mobile apps like drawing line, theme edit, and heptic vibration after a tenth of seconds",4,0,,,2026-03-05 12:58:53,,,Lichess,Google Play,en,us,2026-04-17 17:51:35
bbd5c3d4-dd43-47a0-b708-e984ba3ddf1c,Ahmed,I am using mobile data and it isn't working that's why I am losing elo,3,1,0.21.9,0.21.9,2026-03-05 06:00:11,,,Lichess,Google Play,en,us,2026-04-17 17:51:35
7b2baa77-9edd-4146-8c91-6cb1ea0d9f65,Thilak Arunashantha,lichess is a best chess game but I have a problem with lichess I download the lichess app then the Google lichess link connected to the app then I click the create account in lichess app then the Google lichess link unconnected I can't connect because I can't understand how to connect cansomeone connect my account to the Google lichess link please connect and send me a message,5,0,0.21.9,0.21.9,2026-03-04 15:10:04,,,Lichess,Google Play,en,us,2026-04-17 17:51:35
f11abb98-374b-4939-a760-e882b7488a61,Bhuvi ganesh,Best app,5,1,0.19.4,0.19.4,2026-03-04 11:18:25,,,Lichess,Google Play,en,us,2026-04-17 17:51:35
8b73d8ee-8480-414f-b9be-10e0d234d232,Bilolbek Normuminov,Endi oʻzbek tilida ham ishlatsa boʻladi!,5,0,,,2026-03-04 04:08:58,,,Lichess,Google Play,en,us,2026-04-17 17:51:35
4c271cca-dea5-4719-8abc-dd545a730052,Gracious Hamaluba,Nice app😊,1,0,,,2026-03-04 00:57:43,,,Lichess,Google Play,en,us,2026-04-17 17:51:35
0be19f07-1346-4f35-a3aa-ff39601a1440,RONY HAJONG,love playing chess on lichess but the app doesn't function well,1,1,,,2026-03-03 16:33:56,,,Lichess,Google Play,en,us,2026-04-17 17:51:35
87bb3906-40b8-43d1-ae20-4512f4d6cb96,Venna Ashzer,Its a good chess app. I love the puzzles and all. Its very good for beginners like me but the only problem is its laggy and there are times that it just won't open,4,0,0.21.9,0.21.9,2026-03-03 16:26:47,,,Lichess,Google Play,en,us,2026-04-17 17:51:35
628f5d56-4777-4766-a304-0b6ce95a25df,Hamze Ibrahim,Hate the new ui,1,1,,,2026-03-03 09:48:25,,,Lichess,Google Play,en,us,2026-04-17 17:51:35
97e4c720-38ea-4cb2-b0c1-0331152c1210,HukuToc2288,The app looks actually like it was made for $50 and pack of bear. From all pieces design you choose the ugliest an it can't be changed! Almost all functionality lack except the game itself. I have to use app since I can't play in browser but having access to website renders app completely useless,1,5,0.19.4,0.19.4,2026-03-03 09:37:48,,,Lichess,Google Play,en,us,2026-04-17 17:51:35
b9e7f8c1-7b53-42b6-9d6e-08766a3faf5f,Sergio Ramos,"why would you do this? there was nothing wrong with the first version, then suddenly the puzzle answers break and when i try and reinstall i find this new version which pretty much sucks and the now called legacy version puzzles are still broken. why?",1,5,0.19.4,0.19.4,2026-03-03 06:49:22,,,Lichess,Google Play,en,us,2026-04-17 17:51:35
de6ff65f-3d9e-4799-b14d-5b2ae5c369f3,David Reyes Lora,very nice app,5,1,0.19.4,0.19.4,2026-03-02 18:09:05,,,Lichess,Google Play,en,us,2026-04-17 17:51:35
02765ace-4416-4d9e-b5b3-70f9db661d6c,Sand & Glass,"Please include puzzles from puzzle games (puzzle streak, puzzle storm) on the puzzle history list.",4,0,0.19.4,0.19.4,2026-03-02 17:45:34,,,Lichess,Google Play,en,us,2026-04-17 17:51:35
d0bcefc0-241e-431a-906e-dae5e2104ba5,Kənan Göylərov,"I will donate to you, lichess, constantly. My lovely chess app. So please please never die. At the same time I am a developer. If you want i can help you freely. Please tell me.",5,0,0.19.4,0.19.4,2026-03-02 10:39:42,,,Lichess,Google Play,en,us,2026-04-17 17:51:35
df77fe22-bc3f-498d-9fce-d82ae2ac8292,Salome Michael dang,I want let their be Bluetooth mode due to some people are out of data,3,0,,,2026-03-01 19:51:48,,,Lichess,Google Play,en,us,2026-04-17 17:51:35
605a8665-8cb2-4c25-9175-a96eb6a59495,Tanjona Fanantenana,the best app to improve chess level for free,5,0,0.19.4,0.19.4,2026-03-01 17:14:05,,,Lichess,Google Play,en,us,2026-04-17 17:51:35
e4ed6862-fba9-45f6-924f-890d497a2fa4,Basha KM,l want to try register process but you told sent link in my mail but I didn't receive any link every time I'm trying and this happening,1,0,0.19.4,0.19.4,2026-03-01 13:12:34,,,Lichess,Google Play,en,us,2026-04-17 17:51:35
d8cf00e2-814d-462b-bc39-fa176c47c389,SHIVNATH KUMAR,"bhai tumhara app crash ho jaa raha, iski functionality loss ho jaati hai ek baar bhi back button dabaya to. dubara restart karna padta hai 3 mahine se dekh raha, kab thik karoge developers, bahut bada bug hai ye aur tumlog abtak patch nahi laaye kya kar rahe ho abtak.",1,0,0.19.4,0.19.4,2026-03-01 09:39:01,,,Lichess,Google Play,en,us,2026-04-17 17:51:35
0d507486-b556-4c25-afb0-ff0c4a378006,Aadidev Kv,we could only premove one time,4,0,0.19.4,0.19.4,2026-02-28 18:48:18,,,Lichess,Google Play,en,us,2026-04-17 17:51:35
142ccc67-6332-4a18-9127-1066238baa8b,Anubhav Pathak,the best chess app ever. period.,5,0,0.19.4,0.19.4,2026-02-28 16:57:44,,,Lichess,Google Play,en,us,2026-04-17 17:51:35
84fd8c3d-4816-4704-8a22-1420622b4f20,Shourya Tamrakar,"everything is totally free and this app is just perfect but I just can't sign in , I don't know why? 😭",5,0,0.19.4,0.19.4,2026-02-28 09:49:44,,,Lichess,Google Play,en,us,2026-04-17 17:51:35
2eca041f-116c-4677-912f-04e813ba73a1,Yevhen Baidiuk,can't do back move in puzzles,3,0,0.19.4,0.19.4,2026-02-27 21:27:44,,,Lichess,Google Play,en,us,2026-04-17 17:51:35
f001ccb1-9c1d-44ee-80f9-df7d8b982646,Comfort Mpofu,"I really hate this site, where have one ever seen time that doesn't move. my opponents will be left with 3 milliseconds but will still have time to pull through over 10 moves. it's just stupid",1,2,0.19.4,0.19.4,2026-02-27 21:07:49,,,Lichess,Google Play,en,us,2026-04-17 17:51:35
ccff381d-90c9-4d25-9f47-043f9ba60447,Josefelix28,free!,5,0,,,2026-02-27 12:00:41,,,Lichess,Google Play,en,us,2026-04-17 17:51:35
5ac0c7ef-56f0-4b83-ba45-beb52852ca77,Nabhonil Mallik,"the previous interface was better, I can't even log in now, even when I am pressing authorise, and the time is just as bad, it's was slower than the previous interface",1,1,,,2026-02-27 11:05:54,,,Lichess,Google Play,en,us,2026-04-17 17:51:35
400c48a8-70b1-4e1b-a418-cf1f1ba700b2,Rafael Urrea,"The website has SO MUCH MORE features than the app. The learning section on the app is all over the place while on the website it's organized. On the site, I'm learning the game one piece at a time but on the app I can't find this section where I left off.",2,3,0.19.4,0.19.4,2026-02-27 10:36:25,,,Lichess,Google Play,en,us,2026-04-17 17:51:35
2e596682-8522-435d-8bac-fce3962d53ae,Randall Watson,Just computer opponents... No people play here... Sad.. used to be a good app ....,1,1,0.19.4,0.19.4,2026-02-26 16:55:49,,,Lichess,Google Play,en,us,2026-04-17 17:51:35
1724ed18-9ea2-4591-bde2-e7647f277f60,Lev Tsibulko,I did not do five starts because the game joining is pretty confusing and I always end up joining the wrong game,4,0,0.19.4,0.19.4,2026-02-26 04:33:26,,,Lichess,Google Play,en,us,2026-04-17 17:51:35
d7124780-ba23-431a-b2ed-7ac7711a3cf1,Shattered Time,It was once good. They only made it worse. How is it open if you can't even create a stockfish offline match to practice? Had to resort to other apps instead.,1,3,0.19.4,0.19.4,2026-02-25 21:23:38,,,Lichess,Google Play,en,us,2026-04-17 17:51:35
6674be1b-aa4b-40f1-a7d5-7ab92290a7c8,Leed Tall,I'm a rated more in this app,5,0,0.19.4,0.19.4,2026-02-25 17:51:40,,,Lichess,Google Play,en,us,2026-04-17 17:51:35
e773a2ad-c74a-4862-9387-7396ce87a07d,Ruud Toffee,Should start paying payers to encourage competition and create more jobs for people But anyway cool platform interface,4,0,,,2026-02-25 15:04:42,,,Lichess,Google Play,en,us,2026-04-17 17:51:35
59404876-7c08-4f98-8cec-eda6c1252739,Pharaoh Ng'uni,it's one of the dopest so far,5,0,0.19.4,0.19.4,2026-02-24 21:03:32,,,Lichess,Google Play,en,us,2026-04-17 17:51:35
a508979f-62cc-42bb-bd79-1c8d47a9ce2d,Biju Parmar,best app for chess 🫡🫡🫡🫡🫡🫡🫡,5,0,,,2026-02-24 11:26:17,,,Lichess,Google Play,en,us,2026-04-17 17:51:35
2ca03f8a-d1e8-47a4-94a3-99325d4cefad,Muhammet Nurgeldiev,logging in with other accounts are so inconvienent (( 1 star sorry,1,0,0.19.4,0.19.4,2026-02-24 11:12:13,,,Lichess,Google Play,en,us,2026-04-17 17:51:35
5b3bb9ad-d081-4972-a6cb-165ff02914a1,rohit goel,The Players and Graphics are very nice,5,0,,,2026-02-24 06:21:31,,,Lichess,Google Play,en,us,2026-04-17 17:51:35
420017dc-b2cf-4ecf-a7d9-34e1f7d0ec48,Nirdesh Adhikari,New and best,5,0,0.19.4,0.19.4,2026-02-23 15:44:08,,,Lichess,Google Play,en,us,2026-04-17 17:51:35
cc538784-6b38-46e5-b409-c51863c0a573,Christian Siman,Fantastic.,5,0,,,2026-02-23 15:27:34,,,Lichess,Google Play,en,us,2026-04-17 17:51:35
7aac5a93-041e-49fe-9665-158e2240c4a5,Bee Hive,No way of getting around of the no more puzzles message.,2,0,0.19.4,0.19.4,2026-02-23 15:23:13,,,Lichess,Google Play,en,us,2026-04-17 17:51:35
3f8c4475-4c7e-43a8-8ca1-f25094cd960a,Abdu Abdu,Super,5,0,,,2026-02-23 10:20:08,,,Lichess,Google Play,en,us,2026-04-17 17:51:35
6df544bd-8beb-4f33-bfd9-ceec2b8a2e18,John Moorman,"people just seem angry that they changed the ui. you still have the old app if you want it. no need to review bomb this one because you prefer a different app that is still available. thank you lichess devs for making such an amazing, free, and ad-free service",5,1,0.19.4,0.19.4,2026-02-22 12:14:19,,,Lichess,Google Play,en,us,2026-04-17 17:51:35
ee2d255f-a722-4fa9-9864-d4ca5c0281d6,Ignas Aram Badreddin,"The interface is incredible! So clean and smooth. It's actually rare to find an app that is so FREE it actually doesn't show ads or anything, you just get the best user experience from the get-go without any annoying subscriptions that make you feel limited.",5,18,0.19.4,0.19.4,2026-02-21 16:53:06,,,Lichess,Google Play,en,us,2026-04-17 17:51:35
5039f5a6-c75f-4303-9b6c-1af595a3ed3c,Nita Sharma,worst app ever and ever very bad thing ever in my life,1,0,,,2026-02-21 16:23:54,,,Lichess,Google Play,en,us,2026-04-17 17:51:35
aa0ba00f-880c-48fa-a5cd-18249fcbe3d0,Atlang Kaemana,fun,5,0,0.19.4,0.19.4,2026-02-21 05:28:25,,,Lichess,Google Play,en,us,2026-04-17 17:51:35
8e77551f-bc70-4940-9b09-997c969d35ea,Jonathan Paugh,"It's the most popular, completely free chess platform! What's not to like? I come here for the puzzles, so I can advance my game. Other apps limit the variety or number of puzzles you can try for free. Not Lichess! There are over 10,000 free puzzles for the _Bird_ opening, for cryin' out loud! 😁",5,27,0.19.4,0.19.4,2026-02-21 05:08:24,,,Lichess,Google Play,en,us,2026-04-17 17:51:35
5704e0a5-43a4-4b94-bf89-918473e1f71e,Caesarジュリオ,i don't know what version i was using about a year ago that allowed you to play stockfish offline i couldn't figure out how to do it in this one yet,3,0,0.19.4,0.19.4,2026-02-21 00:36:21,,,Lichess,Google Play,en,us,2026-04-17 17:51:35
7d46dcbe-f26a-4b0d-a4ff-65a77eed4b7f,Bogdan Marinescu,best chess app,5,0,,,2026-02-20 10:41:01,,,Lichess,Google Play,en,us,2026-04-17 17:51:35
a1d6252a-91f0-4f8d-b10c-87199d39d469,Randy Given,"I like the new version. Initially, I found it disconcerting, but I grew to like it the more that I used it.",5,1,0.19.4,0.19.4,2026-02-20 08:31:29,,,Lichess,Google Play,en,us,2026-04-17 17:51:35
a10d21fd-b0ec-4642-b09a-058dcaac0344,someone else,"Please restore the functions. So much is missing like learn, botplay etc. Fk design, i want usability. Until that i wont support you anymore. Was a backer for almost 7 Years.",1,5,0.19.4,0.19.4,2026-02-19 22:10:50,,,Lichess,Google Play,en,us,2026-04-17 17:51:35
abcbe377-6ed1-46aa-8fa1-ba37adaa1087,Nemanja Zajic,"I have no idea what you changed on mobile. But new experience playing bullet is terrible, almost all opponents have 15+ seconds more which is impossible, I play just as fast if not faster. Loosing second on every move unless I premove everything. While opponents time is ticking at a normal rate, I always have one second less on every move.",1,22,0.19.4,0.19.4,2026-02-19 19:27:01,,,Lichess,Google Play,en,us,2026-04-17 17:51:35
c79cec95-7324-4710-b580-825f44522ae1,Nirosha Gunawardana,There is no normal puzzle mode,3,0,,,2026-02-18 16:47:13,,,Lichess,Google Play,en,us,2026-04-17 17:51:35
b9cc7858-95cb-4632-944b-4de1e4ce5720,Sudharsanam,Chess community always needs you Your contribution to chess community is bigger keep going guys 💪,5,0,,,2026-02-18 08:02:07,,,Lichess,Google Play,en,us,2026-04-17 17:51:35
c42bdf41-33cc-412b-907a-212e0cec693c,Parham Moieni,"Everything is just perfect, can't say anything bad about it",5,2,0.19.4,0.19.4,2026-02-18 00:41:15,,,Lichess,Google Play,en,us,2026-04-17 17:51:35
802ee7ba-669b-413b-9a87-0e0246ec41c7,Kabisek Lakhe,please more costome piece and board please,4,0,0.19.4,0.19.4,2026-02-17 19:52:52,,,Lichess,Google Play,en,us,2026-04-17 17:51:35
40086db5-af6d-470d-818c-dc2a7aa4f0b8,Philip Macharia,The peices look ridiculous and funny enough you can't change the appearance of the peices .,1,0,0.19.4,0.19.4,2026-02-17 12:14:30,,,Lichess,Google Play,en,us,2026-04-17 17:51:35
1e6d55ad-56db-4f4a-b3d1-5b6828190e2b,Krzys,"I remember using the old version with the white logo and it was just a lot better, please switch back to the old version.",1,6,0.19.4,0.19.4,2026-02-16 21:48:49,,,Lichess,Google Play,en,us,2026-04-17 17:51:35
057bfcbd-e9bf-4625-8f7a-9af704c0a0f3,Anuruddhika P. Malkanthi,good,5,0,0.18.2,0.18.2,2026-02-16 16:22:37,,,Lichess,Google Play,en,us,2026-04-17 17:51:35
b288318e-54b5-4f76-a91a-56ca2a3654c9,Me Genius,"uninstall this app no longer user friendly, annoying pairing to a very low rated player then disconnecting you losing your rating also reporting cheaters is not easy you need to include link so many steps to do .. really sucks",1,2,,,2026-02-16 15:14:11,,,Lichess,Google Play,en,us,2026-04-17 17:51:35
b3aa18a3-68d3-45e9-9e21-234f33fe22a6,M,1 star till you return games vs stockfish,1,1,0.19.4,0.19.4,2026-02-16 00:19:09,,,Lichess,Google Play,en,us,2026-04-17 17:51:35
c2f8484a-64ac-45a4-bab6-88b64ee03cb0,Harper,"10/10 if you like chess get this. if you dont know how to play and wNt to learn, get this. cool app, cool devs, cool ppl. chess is hard😅",5,0,,,2026-02-15 23:05:46,,,Lichess,Google Play,en,us,2026-04-17 17:51:35
bea5d6fb-f104-455f-9f74-3111659022ba,Tony Miller,cheaters paradise,1,0,,,2026-02-15 18:50:37,,,Lichess,Google Play,en,us,2026-04-17 17:51:35
b8467964-6ff9-47f4-8bd4-553dbbd0d0cb,Terry O'Leary,Smooth looking app with reduced function..,2,0,0.19.4,0.19.4,2026-02-15 15:37:14,,,Lichess,Google Play,en,us,2026-04-17 17:51:35
2d121b68-1334-4d8a-9b77-a2c148b35cbf,RAJENDRA CHAKRABORTTY,app hanging,2,0,0.19.4,0.19.4,2026-02-15 11:23:59,,,Lichess,Google Play,en,us,2026-04-17 17:51:35
c2545359-7d43-4fad-b077-5354f6aeb08c,kumkum bhushan,very good👍💯,5,0,0.19.4,0.19.4,2026-02-15 08:30:42,,,Lichess,Google Play,en,us,2026-04-17 17:51:35
d4d3336b-dd1a-43ab-8feb-a28668a6ceee,Wayne Moses,doesn't open,1,0,0.19.4,0.19.4,2026-02-15 02:40:34,,,Lichess,Google Play,en,us,2026-04-17 17:51:35
78e8ca8f-c215-47e3-8844-801abde3a866,J K,i had this at a 5 before but I haven't been able to download the 17.1 NNUE files in the app on my phone or tablet in 3-4+ weeks. ridiculous. im a monthly patron too,1,2,0.19.4,0.19.4,2026-02-14 19:29:26,,,Lichess,Google Play,en,us,2026-04-17 17:51:35
80ac5a60-825d-45c7-8e8c-518a8d9d56c1,Arshavin Thuku,i love it,5,0,0.19.4,0.19.4,2026-02-14 18:15:25,,,Lichess,Google Play,en,us,2026-04-17 17:51:35
2410ce3a-c038-4afd-9c22-8473977a3af6,Jamilya Khalilulina,"Doesn't work properly on a folding (large) screen of a Samsung folding phone. Only part of the screen is displayed, doesn't show the clock",1,4,0.19.4,0.19.4,2026-02-14 01:06:45,,,Lichess,Google Play,en,us,2026-04-17 17:51:35
d8a64d35-9902-43da-b351-2b811bec13f5,Kite Iws,"I can find the ""play with bot"" option but still good app btw",5,0,0.19.4,0.19.4,2026-02-13 23:34:38,,,Lichess,Google Play,en,us,2026-04-17 17:51:35
ef6aedf7-5f18-4521-9417-226a960260dd,Muhammed Ahmed,"It was good in the first, but nowadays I can't play it due to blindfolded chess board. Why???? I can't see my pieces.",1,0,,,2026-02-13 21:05:04,,,Lichess,Google Play,en,us,2026-04-17 17:51:35
4c03632e-3d96-4772-ab9b-e1a8d30a6d1a,Adrian Felismino,can't login. stopid dev to have not working oauth,1,0,,,2026-02-13 17:48:31,,,Lichess,Google Play,en,us,2026-04-17 17:51:35
9765fb89-4c1a-40ba-969a-8ab41eee448b,Maggy,"Not impressed by this app, functionality is okay but UI doesn't look great and it's also not immediately obvious how to add someone as a friend. There's definitely room for improvement.",3,1,0.19.4,0.19.4,2026-02-13 16:54:40,,,Lichess,Google Play,en,us,2026-04-17 17:51:35
173b7731-0b9f-444c-b987-1b944831d650,Kitembui Kitheka,The new app is terrible 😔,1,1,0.19.4,0.19.4,2026-02-13 16:00:05,,,Lichess,Google Play,en,us,2026-04-17 17:51:35
15863f32-e85d-4402-945e-27805a5354af,bhavik sharma,yes best app,5,0,0.19.4,0.19.4,2026-02-13 07:20:57,,,Lichess,Google Play,en,us,2026-04-17 17:51:35
5cef9a58-0b89-4dbb-bcb2-7d952910efed,Ezekiel Luther Wright,it's The One Chess App.,5,0,0.19.4,0.19.4,2026-02-13 00:50:15,,,Lichess,Google Play,en,us,2026-04-17 17:51:35
c4867a2a-fbe0-428c-b116-8917f21b55ca,Kashyap Rounak,kepps crashing and nt opening,1,0,0.19.4,0.19.4,2026-02-12 15:14:09,,,Lichess,Google Play,en,us,2026-04-17 17:51:35
8f03d402-b457-405c-8689-fd00eb00e702,Yashraj Singh,"Do something about lag . My internet is fine , works good everywhere, just on lichess there's so so much lag , it's almost certain that I'll lose bullet games due to lag , sometimes the clock just stops and let's be run out of time with even 10 - 15 seconds remaining, a 2 - 3 second lag is so common, even in rapid if there's need of fast endgame, I lose . I hope support team will look into the matter",1,4,0.17.3,0.17.3,2026-02-12 14:04:49,,,Lichess,Google Play,en,us,2026-04-17 17:51:35
6e5e8056-76ba-4a2a-a1ba-7a3ce8608941,Ketan Rathod,can't sing in,1,0,0.19.4,0.19.4,2026-02-12 01:47:40,,,Lichess,Google Play,en,us,2026-04-17 17:51:35
51acc0fa-5e7f-4587-b7cd-7e77e355c8d6,ISRAEL NURUDEEN,"This is the most useless chess app ever built, too much cheaters and nothing done about it. we've reported severally and cheaters continue to play freely",1,3,0.19.4,0.19.4,2026-02-12 00:38:28,,,Lichess,Google Play,en,us,2026-04-17 17:51:35
458f8706-229b-420d-934d-37f1a6ec9b37,Edward,"For years it worked well, but lately the puzzles will randomly fail by not acknowledging the correct move, failing to display the correct move, or even claiming the correct move is something impossible (an opponent moving instead of you). Playing against the Stockfish computer online or offline also comes with fatal errors, namely the bot refuses to move and idles indefinitely, effectively throwing out the game sometimes less than halfway through. I cannot fit all the issues into this review.",2,19,0.19.4,0.19.4,2026-02-11 19:29:48,,,Lichess,Google Play,en,us,2026-04-17 17:51:35
26060456-4ab2-48ce-b5f8-60b7534f46de,Diego Miranda,"Llega a un punto enel que jugar bala es un peligro ¿como se supone que juegue bala si nisiquiera me dicen si tengo mala conexión, mínimo un pitido, algo mínimo que te diga que la falla de Internet es tuya, pero cero esfuerzo, la plataforma está bien, pero lo del Internet es todo un tema, me hicieron bajar 50 puntos a puro fallo de conexión y jugadas con retraso involuntario, pésimo.",3,0,0.19.4,0.19.4,2026-02-11 15:50:50,,,Lichess,Google Play,en,us,2026-04-17 17:51:35
188bf1f2-c608-42a9-bf79-1189b268c78b,MOHAMED EYSSA,Fake,1,0,0.19.4,0.19.4,2026-02-11 06:09:44,,,Lichess,Google Play,en,us,2026-04-17 17:51:35
cd861715-7c98-403d-9eb1-e4833c5b8490,Vitaliy,"There is a bug. When analysis is ready and you press ""learn from you mistakes"" button it hangs on progress bar indefinitely. You have to go back to the game and reopen analysis board, press ""learn from your mistakes"" once again, then it works as it supposed. Pls fix.",5,6,0.19.4,0.19.4,2026-02-11 05:46:54,,,Lichess,Google Play,en,us,2026-04-17 17:51:35
39625f16-ddbe-421e-b16a-50c838650d01,MOKSHITH GUJJETI,Amazing App Free For all This Is Amazing,5,0,,,2026-02-10 18:33:40,,,Lichess,Google Play,en,us,2026-04-17 17:51:35
fcbb9080-0d2a-428a-878f-507f8116e796,Hyperland,"Legacy one was better polished than this. Edit: Kudos to the devs for making this so much more better over the last few months. It's now on the level of, or EVEN better than the legacy app- and mostly importantly, FREE to use for everyone...!",5,0,,,2026-02-10 15:16:09,,,Lichess,Google Play,en,us,2026-04-17 17:51:35
461382e8-3d53-4370-b947-6907ddc12c6c,Tarık,very good,5,0,0.19.4,0.19.4,2026-02-10 10:02:57,,,Lichess,Google Play,en,us,2026-04-17 17:51:35
4be5a2bf-73c9-4b97-b5d8-62a2bf441573,Sriyash shukla,pretty good experience also .i don't find ad that much annoying .but you should improve ad mechanism.,5,0,,,2026-02-10 09:02:31,,,Lichess,Google Play,en,us,2026-04-17 17:51:35
7b843c13-1c5f-4356-a0d3-2d158e8e3d44,charles lagutap,too much delay,1,1,0.19.4,0.19.4,2026-02-10 05:27:13,,,Lichess,Google Play,en,us,2026-04-17 17:51:35
dd22a3d4-77ea-4730-a496-f06622d8759d,Chiamaka Gyet,"Lichess is a very educated game.I love lichess,I cannot stop playing it. please for Chess learners come and play and for Chess fans also come and learn because it will help you learn faster😃😃😃😃😃😃",5,9,0.19.4,0.19.4,2026-02-09 18:24:48,,,Lichess,Google Play,en,us,2026-04-17 17:51:35
758a3cd3-ad4d-49c9-9bff-7a4b614e7abe,Rahul Tandel,Unable to download Stockfish 17.1 from the options available.,5,0,0.19.4,0.19.4,2026-02-09 17:24:03,,,Lichess,Google Play,en,us,2026-04-17 17:51:35
ad0bb40d-8ae6-4312-b4ad-078eca8624b9,Murad Aghalarov,"free, no ads, open source. what else do u need? simply great",5,0,0.19.4,0.19.4,2026-02-09 14:50:39,,,Lichess,Google Play,en,us,2026-04-17 17:51:35
f18db53d-f8c3-4617-9d40-a6bec0279763,Abdel-Rahman,Why can't I authorize my account to sign in?.. the app is faulty.. every time i click sign in and authorize my account it hangs..does nothing,1,6,0.19.4,0.19.4,2026-02-09 09:55:06,,,Lichess,Google Play,en,us,2026-04-17 17:51:35
f97ad6ed-cd57-4dc7-9cbe-2735b731c101,AAA A,Cannot log in. App after completing the loop of logging in still shows log in.,1,1,0.19.4,0.19.4,2026-02-09 07:32:21,,,Lichess,Google Play,en,us,2026-04-17 17:51:35
4d7dd78a-f0b8-4f30-be37-1af5823d460f,Carl Leth,"I don't know how anyone screws up a chess app this badly. You can do almost nothing with this app. Can't play a friend, can't play a computer, can't play a game with no time limit. It's unbelievable that Lichess was willing to harm their reputation by putting their name on this garbage app.",2,2,0.19.4,0.19.4,2026-02-09 00:25:01,,,Lichess,Google Play,en,us,2026-04-17 17:51:35
5724f331-ebf4-49b6-9ca2-304a8773f22c,Shivmohan,This app is goat of all chess applications. You can learn play and even master at chess,5,0,0.19.4,0.19.4,2026-02-08 16:46:10,,,Lichess,Google Play,en,us,2026-04-17 17:51:35
27c62edb-d78b-47f1-8194-1ac801e92d06,Lilleba My,Terrible compared to old app. But then the old app doesnt work that well anymore. Unsure if this is really libre.,2,0,0.19.4,0.19.4,2026-02-08 13:13:31,,,Lichess,Google Play,en,us,2026-04-17 17:51:35
95ab42e9-7644-4469-a989-230ca2616925,TJ Leverette,"Bug Report on the Win 11 Play Emulator: the Lichess app launched in the Google Play environment on Win 11 cannot login to one's Lichess account.l; the OIDC callback with the token isn't read—nothing happens when you click on the Authorize button after logging in on the browser. I've tried Edge & Firefox with the same result., (I'll change my star ranking once this is acknowledged 🙏)",1,10,0.19.4,0.19.4,2026-02-08 05:38:21,,,Lichess,Google Play,en,us,2026-04-17 17:51:35
d3336309-bf09-4291-9e64-26b6c7897628,Nicolas,Chess.,5,0,0.19.4,0.19.4,2026-02-07 21:56:29,,,Lichess,Google Play,en,us,2026-04-17 17:51:35
c67c2fda-559d-4f82-b267-709795b2df6e,Javier es,"Great app, free to use as well",5,0,,,2026-02-07 10:16:42,,,Lichess,Google Play,en,us,2026-04-17 17:51:35
3364adf7-e730-4422-9065-afbd0adcfd63,yaya,"best chess app/website it's actually 100% free. one of the only free projects I've seen online, its open source and etc. I love lichess and people related to it.",5,1,0.19.4,0.19.4,2026-02-06 22:20:11,,,Lichess,Google Play,en,us,2026-04-17 17:51:35
de5516e5-e689-4c0a-99f5-4c11c3bd921b,Leon Hustle,I like this app...could be more statistical. I like that I can Flip the board and still make moves...It could be more chat friendly.. Overall very good app though,4,0,0.19.4,0.19.4,2026-02-06 20:10:17,,,Lichess,Google Play,en,us,2026-04-17 17:51:35
5234e799-b898-4aa7-80c0-87e3cef0ba41,Bruce,Seriously excellent.,5,0,0.19.4,0.19.4,2026-02-06 14:22:38,,,Lichess,Google Play,en,us,2026-04-17 17:51:35
01c4455a-53ff-4225-a941-23a399735b68,Scott Johnson,"This chess app is no different than any other, you'll win consistently one day and then the next you can't win a game..which just says there are nothing but cheaters and bots on here. Would give zero stars if I could, horrible app!!!!",1,5,0.19.4,0.19.4,2026-02-06 12:27:11,,,Lichess,Google Play,en,us,2026-04-17 17:51:35
e224a234-3e4a-44c1-b5b7-978ec581fa42,Aidan Yusuf Bahtiar,"it's free, but why is the matchmaking takes soo loooooooong!!!",3,0,0.19.4,0.19.4,2026-02-06 03:17:44,,,Lichess,Google Play,en,us,2026-04-17 17:51:35
7fe9aab9-2136-4eac-bfa6-f539182b75f4,Moshe Klasovsky,New app is great once you get used to it!,5,2,0.19.4,0.19.4,2026-02-05 19:04:45,,,Lichess,Google Play,en,us,2026-04-17 17:51:35
94227648-580f-4bb5-aa6e-34ef2b3d735d,Anik,lichess everything is fine but developers add a setting in which we can see how many puzzles I have solved because the puzzle Library is huge please make this setting,1,4,0.19.4,0.19.4,2026-02-05 04:42:03,,,Lichess,Google Play,en,us,2026-04-17 17:51:35
a9c0621a-2d69-4c26-9fbd-86029e3e6c0b,Augustus Umana,"my Internet is good, but I have lost more games to constant network disconnection, and it's really frustrating. fix this or simply return the old version",1,4,0.19.4,0.19.4,2026-02-04 20:40:01,,,Lichess,Google Play,en,us,2026-04-17 17:51:35
6500673a-a272-4c1c-b24b-4034a9f98133,Shilpa Katke,nice game this is for pro Player's,5,1,,,2026-02-04 15:55:41,,,Lichess,Google Play,en,us,2026-04-17 17:51:35
37c4e395-2b61-4c64-b6ce-361eddd9fe92,Emiel Rous,"Used to be great for game analysis, now it doesn't work most of the time",1,1,0.18.2,0.18.2,2026-02-04 12:37:42,,,Lichess,Google Play,en,us,2026-04-17 17:51:35
75d94565-0dc0-42e8-8c74-848676e4b830,Abhay Sah,very useful if you want to learn and to reach 2000 and I found it very helpful...,5,0,,,2026-02-04 05:57:01,,,Lichess,Google Play,en,us,2026-04-17 17:51:35
8e1068ea-a6b1-41cd-a513-97daad3d38f5,Swarna Srinivas,it is the worst chess platform ever it crashes it has lot of bugs and the castling move sometimes doesn't move uninstalled useless app,1,1,,,2026-02-04 05:18:55,,,Lichess,Google Play,en,us,2026-04-17 17:51:35
6dc84700-898e-4f52-af2f-b67cf3bdd44e,Yassine Erradouani,love it.,5,0,,,2026-02-04 00:48:55,,,Lichess,Google Play,en,us,2026-04-17 17:51:35
d3d0dfc0-e321-4a0b-a7c9-6c6c081be5b7,harpreet singh oberoi,godd to learn,5,0,0.19.4,0.19.4,2026-02-03 14:45:50,,,Lichess,Google Play,en,us,2026-04-17 17:51:35
c473442f-f564-4c92-bc7a-552962af2f58,Shreyas MS,Crashes everytime while opening the app.,1,0,0.19.4,0.19.4,2026-02-03 12:37:21,,,Lichess,Google Play,en,us,2026-04-17 17:51:35
b135fa08-9afe-4ffb-a624-e604b4a2da37,Atharva Singh Pawar,"Hey, i love the app it's great to learn chess and play offline and online but the only issue I have is one thing and only this thing annoys me otherwise the app is perfect, no changes required but the thing that bothers me is that when we start a match and the other person backs up mid game or gets disconnected we have to wait 120 seconds to claim the victory but that wastes time what I'd prefer is that the person who left shall get a minus rating and i should get + rating for that waiting",5,10,0.19.4,0.19.4,2026-02-03 04:51:57,,,Lichess,Google Play,en,us,2026-04-17 17:51:35
014a49e8-1377-4dd8-bdb1-bc03fcc981a4,Michael Crawford,I came from the stockfish website to play on mobile. Was hopeful even though reviews were mixed. I can't even play against a local computer opponent...,1,4,0.19.4,0.19.4,2026-02-03 02:28:23,,,Lichess,Google Play,en,us,2026-04-17 17:51:35
a6865ca5-3a4b-43ad-8205-03bd6d2863a4,lenno vileyn,app experience has gone down recently. sometimes the app becomes unresponsive so I have to close and restart during games.,3,0,0.19.4,0.19.4,2026-02-02 18:52:41,,,Lichess,Google Play,en,us,2026-04-17 17:51:35
eafe3d6b-be73-4296-a562-5477472a0a06,Nathan Connolly,"the app used to be perfect, now they've made it horrible, weird layout, laggy, what are they doing???",1,2,0.19.4,0.19.4,2026-02-02 18:10:02,,,Lichess,Google Play,en,us,2026-04-17 17:51:35
e1ffd5e9-7e4a-47cd-9234-1d50cbdea3e2,"Martin, Gregor Niedzialkowski","Free ≠ good. Lichess is technically competent—2 stars—the experience is rotten. An intrusive exit dialog coerces users; the UI is clogged with constant promotion: published books, paid tutoring and endless training videos. Chats are routinely toxic; disable them. Cheating is pervasive searchable tutorials and hacks make it systemic. From a decade of - off play: people cheat for quick dopamine; nothing real is at stake. Hollow games and relentless promotion. Disgrace.",2,0,0.19.4,0.19.4,2026-02-02 13:29:07,,,Lichess,Google Play,en,us,2026-04-17 17:51:35
43ddcab6-54ad-4e31-8eca-1a195a4a3862,Raido Paldermaa,"can,t log in",1,0,0.19.4,0.19.4,2026-02-02 11:05:20,,,Lichess,Google Play,en,us,2026-04-17 17:51:35
dd9ebf76-c03c-427e-9f67-6dd2b862a368,ᴀɴᴀɴᴅʜᴜ,i hope for a cross platform with windows as well. glad i found a FOSS chess app,4,0,0.19.4,0.19.4,2026-02-02 09:56:08,,,Lichess,Google Play,en,us,2026-04-17 17:51:35
e5bec674-0c55-49ec-9f72-9754596ec298,Sachin Malhotra,Very high ping on 5g and on wifi as well. Seems like there is no server in Delhi or in India.,1,0,,,2026-02-02 09:18:09,,,Lichess,Google Play,en,us,2026-04-17 17:51:35
520ab9dc-acd4-4038-9503-3351e7623922,Joe乔,it's good,3,0,0.19.4,0.19.4,2026-02-02 06:03:53,,,Lichess,Google Play,en,us,2026-04-17 17:51:35
55a17669-760a-4465-964d-0780a674a3d1,Sebastian Ramadan,"Functionally retarded compared to other lichess options; it's missing all but one variant, impossible to play simultaneous games and of course many unnecessary user interface changes were made so users of the old app need to retrain their autopilot and will in the meantime press the wrong elements.",3,0,0.19.4,0.19.4,2026-02-02 00:50:47,,,Lichess,Google Play,en,us,2026-04-17 17:51:35
6aa5fd78-83c9-46e7-b828-711116a74269,Nicholas Roti,"great app, matches the website functions well. I am getting random flickers while doing 10 min rapid games. any suggestions?",4,0,0.19.4,0.19.4,2026-02-01 20:55:12,,,Lichess,Google Play,en,us,2026-04-17 17:51:35
a62c2afd-865d-4d1c-89be-95fa44eb50bb,Arthur Grig,Dear lichess team just cause your app is free does not mean it has to be such a trash.,1,0,,,2026-02-01 18:34:32,,,Lichess,Google Play,en,us,2026-04-17 17:51:35
2c1e2306-6dc7-4743-bfc0-d02b0ebc626c,Akhil Reddy,"best one, Until now i didnt encountered a bot player or any mischievous",5,0,0.19.4,0.19.4,2026-02-01 13:26:54,,,Lichess,Google Play,en,us,2026-04-17 17:51:35
02ce4929-b2c7-40f5-ad5b-12a9a2393d0a,Chinedu Halleluyah,Pls could you add multiple premove. At least make it an option😭😭,4,0,0.19.4,0.19.4,2026-02-01 03:18:08,,,Lichess,Google Play,en,us,2026-04-17 17:51:35
73677ee3-a193-4493-aafa-33c8a6f87a36,Garrick White,The analysis tools seem to be struggling in ways that worked on the previous app. I haven't found anything so far that justified creating a new app and then losing features.,3,2,0.19.4,0.19.4,2026-02-01 02:00:49,,,Lichess,Google Play,en,us,2026-04-17 17:51:35
006560de-f4a4-49c3-86c8-2dedf27168f9,Why Kaif,I prefer Open source projects over closed source apps which are full of trackers and stupid ads.,5,0,0.19.4,0.19.4,2026-01-31 18:04:30,,,Lichess,Google Play,en,us,2026-04-17 17:51:35
5c995668-a1d5-4279-b8e5-4bd2ce463d18,Toms Jansons,Big downgrade from the legacy app which was pretty much perfect...,5,1,0.19.4,0.19.4,2026-01-31 17:05:42,,,Lichess,Google Play,en,us,2026-04-17 17:51:35
5e6b6094-164c-4f6b-8041-736b2409e0d1,Ahmed El-Mowafy,bad game so dirty 👎👎👎👎👎👎👎👎👎👎👎👎,1,0,0.19.4,0.19.4,2026-01-31 03:26:48,,,Lichess,Google Play,en,us,2026-04-17 17:51:35
f26c5397-25b3-423b-b11d-b7c6eed81d11,Eren Karagozlu,I like the free puzzles,5,0,0.19.4,0.19.4,2026-01-30 13:50:36,,,Lichess,Google Play,en,us,2026-04-17 17:51:35
dbecb2ba-a04a-4a0f-bc0e-166c3b3956a9,Viraj Kumar,can't sign in despite thousand attempts,2,0,0.19.4,0.19.4,2026-01-30 12:03:18,,,Lichess,Google Play,en,us,2026-04-17 17:51:35
5ec15342-3229-4fbb-b1a5-c701189d77a8,Ross Phillip Gerard,App constantly freezes making my time run out.,1,1,0.19.4,0.19.4,2026-01-30 11:45:23,,,Lichess,Google Play,en,us,2026-04-17 17:51:35
ad9947d8-bb53-4089-9499-bd6f2845ddd2,mohit Ramavat,worthfull full dedicated to chess no ads only chess related stuff.Amazing,4,0,0.19.4,0.19.4,2026-01-30 11:43:15,,,Lichess,Google Play,en,us,2026-04-17 17:51:35
a5805da4-19f8-4a6a-8262-841fa3e2970e,Venkata Harsha Vardhan Kusu,It's free what most chess sites offer for money,5,0,0.19.4,0.19.4,2026-01-30 10:07:28,,,Lichess,Google Play,en,us,2026-04-17 17:51:35
91939c3b-53f1-4d9b-92c0-a8fd26c24cd4,Daniel Olson,you play a lot of bots when you're supposed to be playing other players you can win 200 points in a row and then lose 500 in a row makes no sense at all it's like the other free chess games not really free they claim they only work off a donations and if you don't donate they pair you up so you lose all the time very unsatisfied poor game,1,7,0.19.4,0.19.4,2026-01-30 06:10:58,,,Lichess,Google Play,en,us,2026-04-17 17:51:35
27e8ec2b-dea3-43bf-b496-29644eb0bd92,Ethel Maxwell (Eth),"Offline player, do not care about the online features. I really like the puzzles, I like that it's open source, and it works really well for me. ...Except the option to play against the engine is missing??? What?",3,14,0.19.4,0.19.4,2026-01-29 23:10:20,,,Lichess,Google Play,en,us,2026-04-17 17:51:35
1282f562-47f9-4766-afff-6218b55ccab6,Guhan R,"super game ,I want to play with goofygen_chess",5,0,0.19.4,0.19.4,2026-01-29 17:57:44,,,Lichess,Google Play,en,us,2026-04-17 17:51:35
33cc818b-daef-4127-839e-f803046f4727,Bernhard Fruhwirth,"Do not like the new version at all. Sad because the old one was really nice with cool features, I liked being able to continue games against the computer for example.",1,14,0.19.4,0.19.4,2026-01-29 17:39:17,,,Lichess,Google Play,en,us,2026-04-17 17:51:35
629410b4-f325-40d9-845c-6eab6156cf68,Atom A.,i can't login!,2,0,,,2026-01-29 10:18:21,,,Lichess,Google Play,en,us,2026-04-17 17:51:35
63d28f35-1fc8-4815-b401-8df8a3ef894b,Аня Цыбусова,"I've never seen apps as good as it. It's really amazing, so creators, you're so wunderbar)",5,0,0.19.4,0.19.4,2026-01-29 05:12:44,,,Lichess,Google Play,en,us,2026-04-17 17:51:35
133f806c-7889-40b1-844a-59cbd2008c9a,SHRUTI DAS,very disgusting app minused my rating for no reason claming wrong result .,1,0,0.18.0,0.18.0,2026-01-28 17:19:38,,,Lichess,Google Play,en,us,2026-04-17 17:51:35
5de6db7a-f892-41a1-9f3d-f236395147e3,RBK STUDIOS,"Utmost disgusting app. Timer runs out. No loading, fake players. All of them are alike, Chessdotcom, Lichess... All full of trash",1,3,0.19.4,0.19.4,2026-01-28 16:53:36,,,Lichess,Google Play,en,us,2026-04-17 17:51:35
c8fe414f-4e2e-4685-a1c1-97e78ce3120e,Alex Krieger,Poor UI and puzzle experience,1,1,,,2026-01-28 16:13:52,,,Lichess,Google Play,en,us,2026-04-17 17:51:35
90c8e51f-05fd-4ee8-b35b-43bbbbec90bb,NAVANEETHAN,after the update game review is not working 😕😞,3,0,0.19.4,0.19.4,2026-01-28 11:02:00,,,Lichess,Google Play,en,us,2026-04-17 17:51:35
fb5e9e15-b271-40c6-8aca-f911cb0dc850,Sibonelo Wiseman,"the new update is horrible I won't lie, the interface is not user friendly to begin with I'm trying to play now bullet it keeps on loading forever compared to before it funny how they think they improving by making things worse I prefer old one and now I will move to a better platform that lichess",1,8,0.19.4,0.19.4,2026-01-28 05:51:30,,,Lichess,Google Play,en,us,2026-04-17 17:51:35
a69ed78b-c73d-410a-932b-ef7cfad11f6d,Wela Bird,"can't log in , Egypt",1,1,0.19.4,0.19.4,2026-01-27 22:08:01,,,Lichess,Google Play,en,us,2026-04-17 17:51:35
bf78ffb8-0287-43e1-89c1-c1d9a892d2de,Asif Raza,"The server is very slow, I lost every game due time, I move fast but server make it delay and lost game by time. very frustrating.",1,1,,,2026-01-27 19:19:54,,,Lichess,Google Play,en,us,2026-04-17 17:51:35
0ccd76ac-1b87-4845-9514-7f70fcd9282e,Ilkin Kerimov,not fair less than 5 for this free service!,5,0,0.19.4,0.19.4,2026-01-27 18:42:52,,,Lichess,Google Play,en,us,2026-04-17 17:51:35
85cd9c49-2439-43bd-bbe9-8add530a327d,Yang Mandi,Great and popular app to play chess + it is open source so everyone can contribute and give feedback. Love the UI,5,0,0.19.4,0.19.4,2026-01-27 18:08:44,,,Lichess,Google Play,en,us,2026-04-17 17:51:35
e4c37dc5-810d-4c2a-9c70-5fa5fe151d35,Jacob,it's chess.,5,0,0.19.4,0.19.4,2026-01-26 22:50:36,,,Lichess,Google Play,en,us,2026-04-17 17:51:35
e5cd4f88-8d72-43b3-9200-0969dc0a5f13,Leo boy dev gaming,Overall it's all good but It keeps crashing.,1,0,,,2026-01-26 12:18:57,,,Lichess,Google Play,en,us,2026-04-17 17:51:35
273f5258-919c-4b8c-b616-6e3290e6b2a7,Amirhossein Sharafi,This is very good App,5,0,0.19.4,0.19.4,2026-01-26 07:36:11,,,Lichess,Google Play,en,us,2026-04-17 17:51:35
e8382bbb-1492-405d-ae2c-7b573a6ae13d,A M,"Good app, free and open source, no ads but please keep improving as you are doing and bring back all the good features from the previous app, especially 'continue with the computer' when the opponent resigns.",4,0,0.19.4,0.19.4,2026-01-25 13:16:41,,,Lichess,Google Play,en,us,2026-04-17 17:51:35
8fba312a-3718-4bda-87df-d6f071064098,Sakthi,Add a puzzle widget feature.,5,0,,,2026-01-25 03:32:12,,,Lichess,Google Play,en,us,2026-04-17 17:51:35
d220eed7-d329-4040-95a7-cfef917606bb,chndn boruah,it's not even open.. keep crashing when I open it,1,0,,,2026-01-24 15:23:45,,,Lichess,Google Play,en,us,2026-04-17 17:51:35
2cf72b20-c30a-4280-8f70-2e62c498fe48,Dibyajit Kar,lots off hackers are there. I have a prove about that.,2,0,0.19.4,0.19.4,2026-01-24 08:31:35,,,Lichess,Google Play,en,us,2026-04-17 17:51:35
fd5a3549-6f7e-4e87-ad49-538fc5fe740b,Atticus Micek,👍,5,0,0.19.4,0.19.4,2026-01-24 02:56:05,,,Lichess,Google Play,en,us,2026-04-17 17:51:35
eed454f3-8029-4c12-80f8-78fc589c3c3a,Aman,pathetic! I am rated 1000 but everytime they pair me against a 1800-2000 rated player which is not fair,1,0,0.19.4,0.19.4,2026-01-23 21:23:16,,,Lichess,Google Play,en,us,2026-04-17 17:51:35
9a82ecaa-26de-4210-9c76-9955b5e23db9,Milkomeda Gearaxy,"can't report cheaters efficiently,quite a large amount lately",3,1,0.19.4,0.19.4,2026-01-23 20:56:12,,,Lichess,Google Play,en,us,2026-04-17 17:51:35
4c515e10-8802-48c4-a3e8-ab97117914ae,Tape Face,this is even more buggy than the abandoned version of the app,1,1,0.19.4,0.19.4,2026-01-23 17:29:59,,,Lichess,Google Play,en,us,2026-04-17 17:51:35
7f5f22eb-ed81-48e6-be8f-659f75eebdfa,brian castillo,"Kept adding more features and I like where this app is going, it's only going to improve and improve 10/10",5,2,0.19.4,0.19.4,2026-01-23 07:51:15,,,Lichess,Google Play,en,us,2026-04-17 17:51:35
5b487bb1-ae64-4177-8ac3-a5d180348a29,Goldy Saini,best app for chess,5,1,0.19.4,0.19.4,2026-01-23 07:10:35,,,Lichess,Google Play,en,us,2026-04-17 17:51:35
a6567106-3c7b-4f5c-9507-fccb809c9e72,Gopal Barman,very good 👍😊😊,5,1,,,2026-01-23 05:13:28,,,Lichess,Google Play,en,us,2026-04-17 17:51:35
ff2026da-d29b-4622-9d56-32f32019c1e9,Moeen Uddin Bhuiyan (Moeen),Add offline bots to play offline,5,1,0.18.2,0.18.2,2026-01-22 20:13:49,,,Lichess,Google Play,en,us,2026-04-17 17:51:35
5b2ab889-1f73-4197-afb7-b94ac11209f7,Hail Umali,"the time control is poor. though my wifi connection is stable, I kept experiencing the time that my opponent takes before making each move is deducted to my time, also can't play very well even though I'm making a pre-move the clock will still count 2-3 seconds before I take that move, pretty annoying right? I'm a bullet player so you'll notice the difference, ending I always lost Because of that freaking clock, I ain't experiencing this once or twice, but every damn game",1,33,0.19.4,0.19.4,2026-01-21 17:10:07,,,Lichess,Google Play,en,us,2026-04-17 17:51:35
179757c9-8d00-4531-8c43-2b94a7c2d273,Anoop Sharma,"hey vertical eval bar is normally seen on left, it looked weird to me on right also you can make its (bar's) width smaller I think it would feel better, may be half of what it's now.",5,5,0.19.4,0.19.4,2026-01-21 16:11:39,,,Lichess,Google Play,en,us,2026-04-17 17:51:35
223f1247-851f-4566-88d7-a1c68a946e8c,THE M,great application,5,0,0.19.4,0.19.4,2026-01-21 10:59:07,,,Lichess,Google Play,en,us,2026-04-17 17:51:35
6ed0ce0f-2ffe-47a2-8671-6b62878125b5,George Carpow,It is not comfortable to make the moves without confirmation A lot of false moves when touching the screen...,2,0,0.18.2,0.18.2,2026-01-20 14:21:57,,,Lichess,Google Play,en,us,2026-04-17 17:51:35
10830c53-45b1-4078-8d18-756b99d9ff28,sanjay yadav orf Sanju baba,nice for chess lover,5,0,0.19.4,0.19.4,2026-01-20 13:24:43,,,Lichess,Google Play,en,us,2026-04-17 17:51:35
066c4585-29ef-4859-a927-f06895ba91d4,Jeremy Gaylord,"There are important features missing from the puzzles section of this app. In the legacy version you could back up and view previous moves. This feature is important because the app's moves are so fast that it is difficult to tell whether a piece was taken. In the legacy version, you could just back up a move to see what happened. Furthermore, the legacy version allowed you to replay a puzzle. This is extremely helpful for learning from a puzzle.",1,1,,,2026-01-20 02:56:04,,,Lichess,Google Play,en,us,2026-04-17 17:51:35
fc5850fe-f2cf-4e3b-b6d6-3b2ce39e88fa,bright okodugha,Awesome experience!!!,5,1,0.18.2,0.18.2,2026-01-19 14:03:31,,,Lichess,Google Play,en,us,2026-04-17 17:51:35
ef463397-3cb9-48c7-95b3-137f5731ffea,RK Gadhavi,too many cheaters.they find best engine moves at critical stages of the game and i report so many cheaters not even one got banned pathetic platform,1,1,0.18.2,0.18.2,2026-01-19 09:31:50,,,Lichess,Google Play,en,us,2026-04-17 17:51:35
1fcf8b29-5fa0-4692-9538-5f92d17e4688,Eric N,"kinda trash, don't really see the need",2,1,0.18.2,0.18.2,2026-01-19 09:02:35,,,Lichess,Google Play,en,us,2026-04-17 17:51:35
1c97b4b8-50d5-47de-b539-58d7acc0e991,A D,The app can't handle the basics: moving pieces to a position intended by the player! The number of completely wrong movies the app makes is unacceptable.,1,4,0.18.2,0.18.2,2026-01-19 08:35:33,,,Lichess,Google Play,en,us,2026-04-17 17:51:35
96bf0a07-2fbe-4d3b-bb39-b273cf1ebef1,Locke,way too unresponsive. it makes the app totally unusable,1,1,,,2026-01-19 02:37:41,,,Lichess,Google Play,en,us,2026-04-17 17:51:35
1be03b40-bcd3-4cb1-92f6-aa6bd5058e64,Jude Nilanga,Fall in love with chess and fall in love with Lichess. Great app to study and improve your chess.,5,1,0.18.2,0.18.2,2026-01-18 14:10:55,,,Lichess,Google Play,en,us,2026-04-17 17:51:35
322e5029-fef9-47a3-9a4e-01d8935da2be,Noiz,your guys should what is even the network bar there it doesnt even notify one if u are no longer connected to the internet,3,0,0.18.2,0.18.2,2026-01-18 13:50:42,,,Lichess,Google Play,en,us,2026-04-17 17:51:35
2df95cef-0f20-4658-8a86-131eca82f884,Christian Aguilera,"Legacy app is still much better, but this one is improving steadily. There is however an annoying issue where piece animations don't work if UI menu animations have been disabled system-wide in Android.",5,1,0.18.2,0.18.2,2026-01-18 09:44:30,,,Lichess,Google Play,en,us,2026-04-17 17:51:35
8284f93e-fbc7-4cc0-9277-b4a08f070a15,Toerhthangquor Joyotu,amazing app,5,1,0.18.2,0.18.2,2026-01-17 18:58:08,,,Lichess,Google Play,en,us,2026-04-17 17:51:35
903089b0-3bf0-4380-8099-b2d5efc9c552,BrightFuture,"The legacy interface was much more intuitive, responsive, and faster. What a disappointment! Don't fix what isn't broken. I hope I can go back to the legacy version. Legacy version is perfect: One touch to start a game after the app open, one touch to see menu with all the features. I so liked the old version",1,12,0.18.2,0.18.2,2026-01-17 10:43:31,,,Lichess,Google Play,en,us,2026-04-17 17:51:35
f8093e3d-2f8a-4a1e-8f65-f9e18b406544,Shrey Arora,Awesome app It has everything one expects from a chess app,5,1,,,2026-01-17 08:45:15,,,Lichess,Google Play,en,us,2026-04-17 17:51:35
63747345-0258-47c4-b891-6aea0c79e495,Kaadai Eswaran,one of the best,5,1,0.17.8,0.17.8,2026-01-17 06:05:39,,,Lichess,Google Play,en,us,2026-04-17 17:51:35
19073fad-a0d5-4529-82ef-406d307be7e3,Mehdi Marashi,"absolutely useless and broken. please first make sure your new app works before posting it on Google Play. let me elaborate: everything is zoomed in. I can only see 5 columns and 6 ranks. in the settings, the selection boxes are out of view. changing the global font size settings in Android had no effect. unfortunately, the legacy app (which was great) is also broken. at least the web version still works.",1,7,0.18.2,0.18.2,2026-01-17 04:26:25,,,Lichess,Google Play,en,us,2026-04-17 17:51:35
5fe935cc-5b0b-406a-b818-a65d7b5eaf1f,j moreno,does not work anymore since january 2026. Bugs and engine gets stuck,1,1,,,2026-01-16 21:10:29,,,Lichess,Google Play,en,us,2026-04-17 17:51:35
bacb25d9-c8c2-443c-9ee8-8ff9be256012,RK Spice,quickly switched back to the legacy app. much more frustrating to navigate here.,1,0,,,2026-01-16 17:18:50,,,Lichess,Google Play,en,us,2026-04-17 17:51:35
e47c4cb4-5f39-4114-8c3e-cd832b00647f,Hened Çollaku,"I love Lichess. Absolutely amazing. I love the fact i can analyze games, do puzzles and everything else all for FREE.",5,39,0.18.2,0.18.2,2026-01-16 11:12:13,,,Lichess,Google Play,en,us,2026-04-17 17:51:35
67d9414f-e157-4705-957a-94c0f53ff091,Anirban Mitra,"Analysis not working anymore & continue from here with computer ain't working either, plz. fix.",4,1,,,2026-01-16 08:29:35,,,Lichess,Google Play,en,us,2026-04-17 17:51:35
f86ff70c-3277-4b7a-be4c-efa3adfb42fb,Josh Geden,"The new updated app is great. It's fast and the UI is clean and modern. Also Lichess is a nonprofit, meaning no ads and all the features are totally free.",5,3,0.18.2,0.18.2,2026-01-16 05:48:20,,,Lichess,Google Play,en,us,2026-04-17 17:51:35
d94cc08c-0628-4767-9717-e6fa780634b8,Ratan Fulzele,pls improve analysis system,3,0,,,2026-01-15 15:57:34,,,Lichess,Google Play,en,us,2026-04-17 17:51:35
7e2b957d-b2da-4289-9ee0-cb829721051f,Dhruva K A,A free chess app cannot get better than Lichess,5,0,0.18.2,0.18.2,2026-01-15 15:12:27,,,Lichess,Google Play,en,us,2026-04-17 17:51:35
386a52b1-1857-4f20-a81d-ef488d316e2a,Jabulane Marumo,This new look is nonsense,1,0,,,2026-01-15 11:54:50,,,Lichess,Google Play,en,us,2026-04-17 17:51:35
1b2e30e3-af73-4c12-aeaf-14a143b1cfbb,Gaurav Vishwakarma,"We play the bakwas game and solve the puzzle properly, so we get less points. In fact, even if we make a single mistake, a lot of our points get deducted.when we solve a puzzle we earn 2-4 points, even when we fail to solve the puzzle the game detects our 13 points and more than 15 points and this is not the good way to detect the points if you give us less points then you have to detect less points Also it's frustrating.",1,4,0.18.2,0.18.2,2026-01-15 10:11:32,,,Lichess,Google Play,en,us,2026-04-17 17:51:35
ead2713e-ecce-4901-afbc-e9463d88636a,Ahmad Ali Farooqi,The new UI is awful.,1,1,0.18.2,0.18.2,2026-01-15 02:45:14,,,Lichess,Google Play,en,us,2026-04-17 17:51:35
1b239360-81e3-41da-a6ce-1d33deedfb7c,Sheen Sumith,nice,4,0,0.18.2,0.18.2,2026-01-14 15:58:59,,,Lichess,Google Play,en,us,2026-04-17 17:51:35
2e5ad5aa-ca38-4c7e-be0f-6dc8c7a8d4f5,Sanehdeep Singh,"The best chess gaming experience. It was easy to shift from ""Chess Com"" to ""Lichess"". It is free, and takes care for ppl who get cheated from other players. This game is the game which is the game of the game.",5,0,,,2026-01-14 09:36:56,,,Lichess,Google Play,en,us,2026-04-17 17:51:35
7708594e-555a-4e82-9657-d7f2e95b88c4,Darin Lee,"Can't sign in , will not authorize . Just keeps going back to login .",1,1,0.18.2,0.18.2,2026-01-14 02:07:35,,,Lichess,Google Play,en,us,2026-04-17 17:51:35
aae3f121-91b9-4a0d-9816-373e8c1a2142,Shlok Singh Chandel,not very good app,1,0,,,2026-01-13 16:07:11,,,Lichess,Google Play,en,us,2026-04-17 17:51:35
7abbc4a7-df33-4c05-816a-314581e009f3,SP Rao,good you can edit the board,5,0,0.18.2,0.18.2,2026-01-13 15:08:21,,,Lichess,Google Play,en,us,2026-04-17 17:51:35
dcfb3b2d-82d3-421f-9d45-08e9cbca9dc4,Indra Ojha,good app and I play with magnus Carlsen,5,0,0.18.2,0.18.2,2026-01-13 12:22:35,,,Lichess,Google Play,en,us,2026-04-17 17:51:35
d193d1b8-ed63-489b-922c-5ce093298c14,Rafael Silva,The old one was better.,3,0,,,2026-01-13 11:36:51,,,Lichess,Google Play,en,us,2026-04-17 17:51:35
e4483b97-ddbf-492c-981e-3b692611d3af,Amartya Choudhary,the best chess app - for both playing and following,5,0,0.18.2,0.18.2,2026-01-13 06:57:53,,,Lichess,Google Play,en,us,2026-04-17 17:51:35
713f307a-80ad-4205-b09c-1903f0a81723,Kazi Nihal Ahmed,the sign in button does not work,4,0,0.18.2,0.18.2,2026-01-12 09:37:09,,,Lichess,Google Play,en,us,2026-04-17 17:51:35
96032269-7867-415e-a7b3-88eda6bcbd94,sanchit shedale,Great app with lots of free puzzles and analysis. Rating system could be improved to match the skill level of the player.,4,0,0.18.2,0.18.2,2026-01-12 08:49:36,,,Lichess,Google Play,en,us,2026-04-17 17:51:35
ad6ed82f-f4f7-4e6f-a1d8-88fcfbe099f2,Shah Me'raj,"so annoying experience, even my internet is stable, it still shows reconnecting.",1,0,,,2026-01-11 16:52:07,,,Lichess,Google Play,en,us,2026-04-17 17:51:35
2660200d-11fb-4d2a-94e4-809f1a9b41b2,Hailey,"""not all features from the old app are available"" well why did you release it then?",1,2,0.18.2,0.18.2,2026-01-11 12:23:46,,,Lichess,Google Play,en,us,2026-04-17 17:51:35
e2392f41-21e5-4632-ab88-c944d3211167,SURESH NAIDU,best free app of any category. Thanks to whoever created this app,5,0,0.18.2,0.18.2,2026-01-11 04:50:17,,,Lichess,Google Play,en,us,2026-04-17 17:51:35
75caefbc-9c1a-4bef-abb5-a790decd959e,Tacim Yılmaz,It's a really great and successful open-source chess game. Gerçekten harika ve başarılı bir açık kaynak satranç oyunu.,5,0,0.18.2,0.18.2,2026-01-10 20:03:41,,,Lichess,Google Play,en,us,2026-04-17 17:51:35
1b0e0f21-b351-4bd1-914e-b4ee1e78db92,saurin parikh,in my their is no option of play with friends,5,0,0.18.2,0.18.2,2026-01-10 06:38:39,,,Lichess,Google Play,en,us,2026-04-17 17:51:35
81510e82-42b4-4ada-b42e-8bf1bbc6e9ce,Meena Tutorials,it's just too good,5,0,0.18.2,0.18.2,2026-01-10 03:25:05,,,Lichess,Google Play,en,us,2026-04-17 17:51:35
f723af46-a40b-4e91-9db1-5d9c34e0699f,Hashir Islam,"This is the best app to play and learn chess. However, its main issue is that it lacks appeal in terms of looks and animations. If it had the following things it would become the best chess app: 1. Profile Pictures sittings. 2. Some adjustments are needed in Review and Analysis like eye-catching animations and game play rating level etc. 3. Organisation of Bots and Lessons. 4. Personal Coach for assessment. It will make it more organised and better, please Lichess team make these changes.",5,47,0.18.2,0.18.2,2026-01-09 19:58:06,,,Lichess,Google Play,en,us,2026-04-17 17:51:35
fe9d46c6-2028-460b-bdcd-5636844758c9,Kivinkirk Baydal,May I suggest that you put a brilliant move on the analysis so that our move will be appreciated,3,5,0.18.2,0.18.2,2026-01-09 01:26:04,,,Lichess,Google Play,en,us,2026-04-17 17:51:35
abfddc56-7ef3-4588-aa8f-58c82667d1e7,Harshil Suresh,I love this app,4,0,0.18.2,0.18.2,2026-01-08 16:46:30,,,Lichess,Google Play,en,us,2026-04-17 17:51:35
77f2e80c-7658-44b9-8d08-2efc10c03d89,Titumir Al Karim,Would it be possible to add a Swiss-system tournament arrangement feature to the app?,5,0,0.18.2,0.18.2,2026-01-08 13:48:59,,,Lichess,Google Play,en,us,2026-04-17 17:51:35
a56c9b56-3c43-4c96-a464-a3b59c7239b0,Jay Robb,I've been an avid lichess patron for years. Lichess is always the best!,5,0,0.18.2,0.18.2,2026-01-08 13:34:36,,,Lichess,Google Play,en,us,2026-04-17 17:51:35
36b15d49-385c-403a-9a4d-a43bd42b3237,Ramy Rabie,Nice,5,0,0.18.2,0.18.2,2026-01-07 23:42:10,,,Lichess,Google Play,en,us,2026-04-17 17:51:35
11ec4bf2-aff1-4efb-bfc2-1d4ae14223e0,Jaisen Masake,"if you play chess you know this feeling of sacrificing ""THE ROOK!!??""",4,0,0.18.2,0.18.2,2026-01-07 22:58:58,,,Lichess,Google Play,en,us,2026-04-17 17:51:35
67b42dab-1f31-41c1-a061-e034c105e7da,Arib Salman Butt,best chess app,5,1,0.18.2,0.18.2,2026-01-07 12:48:35,,,Lichess,Google Play,en,us,2026-04-17 17:51:35
6a43a459-8c9b-4d9b-aa99-a2e6d561ca3a,What's in a name?,"Great app. Free and open-source, unlike the other company. Please allow us to save puzzles that we enjoy",5,2,0.18.2,0.18.2,2026-01-07 11:03:48,,,Lichess,Google Play,en,us,2026-04-17 17:51:35
c9edb73e-92b3-44d6-b5ee-ac79a882a36b,Azz Thom,"I have no idea who created the puzzles, but they might want to learn to play chess. Just awful ideas of the ""best move"".",1,3,0.18.2,0.18.2,2026-01-07 00:59:34,,,Lichess,Google Play,en,us,2026-04-17 17:51:35
c652a691-f6ad-45d9-acb2-0a5d467689f6,TEJA NARASIMHA,it is better to add to make profile pic format,5,0,0.18.2,0.18.2,2026-01-06 19:40:45,,,Lichess,Google Play,en,us,2026-04-17 17:51:35
8877e599-0a0a-4491-b383-fc5f2bdfe4f0,Jiarul Mallick,"Greatful for having this app. one suggestion — you can add UPI to receive donation; it will increase your collection massively. A lot of Indian are habituate to UPI; you must try this suggestion. Moreover try to make the processing charge to zero, like setting up an Indian server.",5,0,0.18.2,0.18.2,2026-01-06 19:36:15,,,Lichess,Google Play,en,us,2026-04-17 17:51:35
08f152d0-f531-4fa6-aed0-e7349a5dff6d,Karasu Tengu,"pretty good app especially since everything is free, the only slight problems I'm experiencing are that the analasys sometimes just stops working when you make moves to quickly and that when you accidentally click on a game in the explorer while analyzing something you can't go back to your previous analysis. without those issues this would for sure be a 5 star app.",4,0,,,2026-01-06 09:17:36,,,Lichess,Google Play,en,us,2026-04-17 17:51:35
e640025e-46fa-4788-9119-f0f748ba80fa,MHK,The UI is much cleaner than the legacy lichess app,5,3,0.14.14,0.14.14,2026-01-06 00:39:02,,,Lichess,Google Play,en,us,2026-04-17 17:51:35
0cf58b42-9a10-4a9a-ba9f-031f5357fbaa,EL Yassaâ,Whomever worked on this app has done an incredible job! congrats to Lichess developers on all the great work. One of the best open source projects out there.,5,1,0.18.2,0.18.2,2026-01-06 00:09:33,,,Lichess,Google Play,en,us,2026-04-17 17:51:35
cc991f35-ec72-4c3d-b2ad-d9f668b3048e,Mwenecho Harawa,excellent app for analysis,5,0,0.8.17,0.8.17,2026-01-05 17:10:15,,,Lichess,Google Play,en,us,2026-04-17 17:51:35
3cc438e8-804c-460c-a42f-94c4264419dc,Shakun Jhawar,The website is WAY BETTER then this. Please do not download this as you will take ages to get used to this. You probably can not change the piece set too.,1,2,0.18.2,0.18.2,2026-01-05 13:56:14,,,Lichess,Google Play,en,us,2026-04-17 17:51:35
c272dfdd-6f8c-438a-9216-b927b9a58f82,Phani Kumar Siddam,"The app works well, but the chessboard must be transparent so the background remains visible. Please update this.",3,0,0.18.2,0.18.2,2026-01-05 12:14:59,,,Lichess,Google Play,en,us,2026-04-17 17:51:35
6f66fce7-3c39-42e0-8ae2-771b03e5b01a,Саша Саша,"the app is perfect but i found few differences between it and the website 1 - no 3d view on the board 2 - difficulties seem different and there is no rating information in it. hard (+300), for instance 3 - i couldn't find a game against a computer. it's literally on the home page on website but i didn't find it anywhere in the app",4,3,0.18.2,0.18.2,2026-01-05 09:19:00,,,Lichess,Google Play,en,us,2026-04-17 17:51:35
51083094-0fa8-494d-971c-ed36c8901bd1,Ruben u,"Really like the new app. Feels smoother and more modern. Things I would like to see added: 1) Miliseconds in game and in analysis (game recap) can be made an option in boardsettings 2) Additional warning sound, select manual in boardsetting, extra checkmark for repeat 3) In profile, top three openings for white and black (so 6 total) within the different game mode. (Bullet, blitz, rapid and classical)",5,57,0.18.2,0.18.2,2026-01-04 15:56:34,,,Lichess,Google Play,en,us,2026-04-17 17:51:35
208a901e-ae60-4281-b388-e964f1614679,Ak 1,"Pre move not work in End Game, when opponent move after 4-5 seconds. I loose dozens off matches due to this bug, premove not work in endling.",1,1,0.18.2,0.18.2,2026-01-03 09:45:04,,,Lichess,Google Play,en,us,2026-04-17 17:51:35
07f73aeb-01e3-41b0-b9c6-7d8934c22fdd,Tsepo Morojele,"Not bad; has no controls to prevent cheating unlike chess. com, which because of this, to me is the superior of the two.",2,0,0.18.2,0.18.2,2026-01-03 08:05:04,,,Lichess,Google Play,en,us,2026-04-17 17:51:35
515b99e0-09f7-4563-b853-d50097b2c591,Vijay Kumar,nice app 🙏🙏🙏,1,0,,,2026-01-02 21:09:37,,,Lichess,Google Play,en,us,2026-04-17 17:51:35
a7337944-91c8-45dd-9904-72efe7b78add,Ravdeep Singh,it's good,5,1,0.18.2,0.18.2,2026-01-02 16:31:19,,,Lichess,Google Play,en,us,2026-04-17 17:51:35
cfe4a06b-b4cf-4573-9454-caed1a85b82d,CHeDDa_BOB,"cheaters run rampant on this app, mainly coming from the Middle East.",1,1,0.18.2,0.18.2,2026-01-02 07:39:47,,,Lichess,Google Play,en,us,2026-04-17 17:51:35
a27b1c02-1be7-4181-ac94-9babaa44e652,Sander Skjegstad,This one is still pretty terrible compared to the legacy version. Basic things like being able to pull out the sidebar while doing something else to access the settings is not possible.,1,5,0.18.2,0.18.2,2026-01-02 04:09:29,,,Lichess,Google Play,en,us,2026-04-17 17:51:35
78647bf5-375c-4957-b603-4835d75c90f2,Aaron noone,meh.,1,0,,,2026-01-01 20:34:01,,,Lichess,Google Play,en,us,2026-04-17 17:51:35
0ffd883f-0ae1-4c25-ab2d-00bbf4db42a7,Jiří Lebl,"no nonsense chess app, focused on the game.",5,1,0.18.2,0.18.2,2026-01-01 18:05:16,,,Lichess,Google Play,en,us,2026-04-17 17:51:35
6ddcd59d-3012-4cdf-87cc-b1d3b9caa262,Jonathan Moonsamy,very good app it's very good you get to play with your friends and other people good job and you get to play stockfish and tourments,5,1,,,2026-01-01 17:57:11,,,Lichess,Google Play,en,us,2026-04-17 17:51:35
abdf72b5-cb67-4319-94e5-18d0b844b7bc,Muhammad Hafiz Mukhlis,"cant login my account, authorize didnt respon",2,0,0.18.2,0.18.2,2026-01-01 13:05:01,,,Lichess,Google Play,en,us,2026-04-17 17:51:35
10d637fa-3f3e-4cc9-ab63-3aef1bf3e4a0,Daryl Wilkinson,"dont bother i spent 30 mins trying different usernames to register all are taken, stupid idea",1,0,,,2025-12-31 17:40:08,,,Lichess,Google Play,en,us,2026-04-17 17:51:35
17358cfc-1b75-4f94-abf4-170460f4be80,John Makuyana,Tym controls are a mess,5,1,0.18.2,0.18.2,2025-12-30 20:34:04,,,Lichess,Google Play,en,us,2026-04-17 17:51:35
13ff6bcb-118e-458a-80bd-0895be57471e,Oleksandr Maksymikhin,"After the app installation I get no icon to launch it. To launch the app I have to go to Play market > find the app > press Play. And the icon of Legacy Lechess also disappieted from my smartphone. To launch the legacy Lechess I also had to go to Play market. If it matters, I use Samsung A40 with Android 11. Also installed the app to the old Redmi 8 with Android 10 -> everything works, both app and icon.",5,5,0.18.2,0.18.2,2025-12-30 15:54:57,,,Lichess,Google Play,en,us,2026-04-17 17:51:35
424a69be-c87a-4641-9811-32586a9d490c,Luffy MONKEY,this is a pethic game it move automatically peices without moving,1,0,0.18.2,0.18.2,2025-12-30 15:03:00,,,Lichess,Google Play,en,us,2026-04-17 17:51:35
32b073d6-565d-4924-bf5b-ccad09e1bf8e,JUBY K GEORGE,amazing game! I like this chess game.,5,0,,,2025-12-30 12:55:03,,,Lichess,Google Play,en,us,2026-04-17 17:51:35
114063ae-661f-413f-9258-4e192fe29eb7,Ben Johnson,"Devs, sign in is 100% broken on my Pixel 10 Pro. clicking either button is a no-op.",1,1,0.18.2,0.18.2,2025-12-29 15:29:05,,,Lichess,Google Play,en,us,2026-04-17 17:51:35
b96d791b-bc90-49d7-abc9-beae636706f4,Paan,"I can't sign in to my account, and keep loading at the authorization page. What a disappointment.",1,0,,,2025-12-29 10:45:06,,,Lichess,Google Play,en,us,2026-04-17 17:51:35
3dbf9841-760f-42b6-8eb0-f0a1455a75fc,alireza,the best chess website and the worst chess app. 1 star is more than this app deserves.,1,1,0.18.2,0.18.2,2025-12-29 10:37:11,,,Lichess,Google Play,en,us,2026-04-17 17:51:35
62a1bfc1-12c3-47a3-8eb8-c7f9df26bc39,Rosa Rautiainen,"used to be a great app, after the redesign I have to restart it over and over again to get it working again.",1,3,0.18.2,0.18.2,2025-12-28 10:40:02,,,Lichess,Google Play,en,us,2026-04-17 17:51:35
3d9e9f71-5e4b-46ba-bf99-5e0c89440e9f,Muhammad Mubashir Toor,"One Of My Favourite Chess Apps... Better Than All Others...All Features Are Great.... Especially That It is Totally Free...No Require Premium... ""Caught And Block Cheaters"" Feature Is Also Admirable...Only I Suggest You That Please Add ""Choose Custom Colour (White or Black) To Play"" Feature Again... I Think It Will Be The Biggest Advantage Of This Against Other Apps...",5,0,,,2025-12-28 10:00:45,,,Lichess,Google Play,en,us,2026-04-17 17:51:35
5d967d79-a35a-4af4-8d1f-fd4c381ed50f,Sabir A.,"The app authorize does not work at all. Android 11, MUI 12.2.2.",4,0,0.18.2,0.18.2,2025-12-27 17:32:52,,,Lichess,Google Play,en,us,2026-04-17 17:51:35
386a438a-7058-41ef-937e-69dd18056aae,jazon baltazar,"This got to be the best app. The puzzles are a 10/10, the learning learning tab is very good.",5,0,0.18.2,0.18.2,2025-12-27 13:42:24,,,Lichess,Google Play,en,us,2026-04-17 17:51:35
a23ed7e8-b723-4da2-85d4-3240e0697da8,Srajan R Aithal,"Used to be better. Ping spikes are very high, more than 1300ms, unplayable in blitz or bullet tournaments.",1,3,0.18.2,0.18.2,2025-12-27 12:15:35,,,Lichess,Google Play,en,us,2026-04-17 17:51:35
751b2e1b-5ce8-4a13-a8d3-1750de5162e6,Pasha yashar,Be aware: This app uses AI-controlled opponents. That’s why many players can’t progress beyond a certain rank — the ranking system is controlled by AI.,1,4,0.18.2,0.18.2,2025-12-27 11:39:43,,,Lichess,Google Play,en,us,2026-04-17 17:51:35
8f359a98-01ef-4f99-87d1-40a3b44b5b4f,kennedy Odhiambo,"garbage,spent the last hour trying to get past login screen to no avail",2,0,0.18.2,0.18.2,2025-12-27 10:56:17,,,Lichess,Google Play,en,us,2026-04-17 17:51:35
155a8e76-4333-4d20-9412-fef08999232a,नीतीश सिंह,can a human move 20 moves in less than a second? in a limited time game with no time increment how can anyone move continuously and his time still remains the same less than a second? it's rubbish.,1,0,,,2025-12-27 08:12:00,,,Lichess,Google Play,en,us,2026-04-17 17:51:35
2048e29a-aae6-4470-8d69-e9a947d9c720,JR Villanueva,All players are AI fast play no mistakes,1,0,0.18.2,0.18.2,2025-12-27 07:29:09,,,Lichess,Google Play,en,us,2026-04-17 17:51:35
03df6777-9538-48da-b2e7-cd32776cecbf,Vishal Tiwadi,"The new update is pure trash.. Computer analysis gone, offline vs computer gone, PGN uploaded from website can't be found... It's a nightmare. Bring the old app back. I'm not removing the 1 star until then..",1,1,,,2025-12-27 07:20:24,,,Lichess,Google Play,en,us,2026-04-17 17:51:35
e80456f5-0c9f-43ca-8e8a-d31a7b863f2a,Сергей Кокурин,I have Honour x9d and the latest version of your app. There is no optio to play against stockfish locally,4,0,0.18.2,0.18.2,2025-12-27 04:30:08,,,Lichess,Google Play,en,us,2026-04-17 17:51:35
45b95408-5658-4634-9c89-25bc54796f66,Rohan Tanbir,"1.annoying over the board pieces orientation, no way to stop it. 2. Played by AI opponent, not real people. 3. pieces are not visible unbelievable!",1,6,0.18.2,0.18.2,2025-12-26 09:29:23,,,Lichess,Google Play,en,us,2026-04-17 17:51:35
d9bb38f9-39d4-46aa-a119-d64a19059ceb,Aarav Sharma,I tried login but I couldn't they didn't send the mail and when I played the game there was no elo/rating of the other person or the opponent,1,0,,,2025-12-26 09:17:52,,,Lichess,Google Play,en,us,2026-04-17 17:51:35
e10117c2-7cc6-435b-a4bd-a533496d1924,Martín Xolalpa,I love the collection of puzzles on the app,5,1,0.18.2,0.18.2,2025-12-26 08:54:47,,,Lichess,Google Play,en,us,2026-04-17 17:51:35
afdd5692-7bdf-4c3a-a1df-6704f1d711ed,Rafiq Shar,there should be option in analysis where the moves like brilliant or blunders should be shown. others moves like good or normal are shown but brilliant or blunders are not shown. if this option is added it will be easy to understand the game mistakes and analysis will be good.,3,1,0.18.2,0.18.2,2025-12-26 07:04:35,,,Lichess,Google Play,en,us,2026-04-17 17:51:35
453810d2-f1ee-40bd-a6f7-a49536d00001,Yogi Phani 79,Regularly Iam playing with strong players and improve my game allot.I like lichess very much.Thanks to team.,5,1,0.18.2,0.18.2,2025-12-26 04:51:30,,,Lichess,Google Play,en,us,2026-04-17 17:51:35
bcb8efee-6b26-4c2a-8acf-fefeaad688b3,Tushar Nag,Ui is not working it freezes after a few minutes I'm not sure but after opening your rating graphs it stops working,2,0,0.18.2,0.18.2,2025-12-26 04:11:40,,,Lichess,Google Play,en,us,2026-04-17 17:51:35
1753f5b9-1b2b-4e53-8326-a5be3fd7d081,Tom Hathaway,app is kinda bad. was prepared to put up with that until I got a an unacceptable message from one of their moderators. uninstalled,1,1,,,2025-12-25 22:39:10,,,Lichess,Google Play,en,us,2026-04-17 17:51:35
6df27eb2-8a22-4c20-b856-6fd9fe89df04,Himanshu Beflawat,material ui update is so good,5,0,0.18.2,0.18.2,2025-12-25 09:12:45,,,Lichess,Google Play,en,us,2026-04-17 17:51:35
4c9e9338-1f99-49b8-9a2c-31199d5d5f42,Ed Pollan,excellent game to play,5,0,0.18.2,0.18.2,2025-12-25 02:26:41,,,Lichess,Google Play,en,us,2026-04-17 17:51:35
58f95f32-ff9e-4b22-a86e-6ab957a2dedd,Avideep Singh,Best free open source,5,0,0.18.2,0.18.2,2025-12-24 23:20:12,,,Lichess,Google Play,en,us,2026-04-17 17:51:35
1425695f-7e54-4d5e-b294-cdfc5091458e,Sam Griffiths,new app sucks,1,0,0.18.0,0.18.0,2025-12-24 20:34:26,,,Lichess,Google Play,en,us,2026-04-17 17:51:35
c281cc44-d7c4-484c-86be-6a9123a71bf9,Omar taz Ardi,Just the best. Better than your known one trust me.,5,0,0.18.2,0.18.2,2025-12-24 18:39:45,,,Lichess,Google Play,en,us,2026-04-17 17:51:35
fcb7623d-9b6c-4db0-b87a-9a0cdb94fb96,Mr Sunny,"Pleasantries, your platform is ok, however my experience with it is very annoying, I am in a 3rd world country with EXTREMELY BAD network connections that very frequently turn off, this is viewed by your app as logging off during games and then i get unjustly logged out and penalized. fix your app to detect this or scrap out that whole part of the gaming experience it's counterintuitive and unjust",3,0,,,2025-12-24 18:27:53,,,Lichess,Google Play,en,us,2026-04-17 17:51:35
567849fa-98e7-4074-8eee-ee39ab282ae0,Joydeep Roy,what in the greatest world of God whenever I back any part of lichess it return back and frozen on my screen unable to let me do other things like puzzle and all what the heck fix this update,1,1,0.18.2,0.18.2,2025-12-24 12:06:29,,,Lichess,Google Play,en,us,2026-04-17 17:51:35
a86ea857-0352-4235-9a34-2a34f1419b10,Michael Sullivan,Kudos to all the volunteers that make LiChess so great. The best platform out there.,5,0,0.18.2,0.18.2,2025-12-24 06:01:39,,,Lichess,Google Play,en,us,2026-04-17 17:51:35
021b5244-b993-4271-8095-77eadb08b3c0,Tukaram Todkari,"Too many bugs, application stop working. No touch available on the screen so I need to restart the app again to make it work....",2,0,0.18.2,0.18.2,2025-12-23 11:53:39,,,Lichess,Google Play,en,us,2026-04-17 17:51:35
60a34b61-e2aa-4202-8f06-9374c69c496d,Clash of Clan Main Account,i think the report system is trash too many cheaters theres no way they can find all the top engine moves in blitz,1,1,,,2025-12-23 11:08:03,,,Lichess,Google Play,en,us,2026-04-17 17:51:35
b5d41967-c74a-4bdb-9e60-720e5745878d,Divyam Sharma,"As a professional player,if you want a good and serious chess players like that of a tournament,lichess is best for that. Its the best training,lessons,playing,analyzing game which involves a lot of categories for puzzels. And the best thing about it is that its 100% free. If you are a chess player,lichess is a must to install and used app. also donate to the lichess to encourage this amazing creation of the devlopers. 10/10",5,38,0.18.2,0.18.2,2025-12-22 20:21:44,,,Lichess,Google Play,en,us,2026-04-17 17:51:35
f3f299e3-c013-4c6d-940b-1580bfa004e8,Nimrod Pasaporte,This is the best chess app because it has no ad and app purchases and you can play this online or offline and Plus it's high quality (recommended)😎,5,0,0.18.2,0.18.2,2025-12-22 07:24:30,,,Lichess,Google Play,en,us,2026-04-17 17:51:35
d70bdfe4-c1d0-4a61-91c8-c124f772370c,Eugene Nwigwe,Frustrating and not very beginner friendly. If you're brand new to chess or online chess platforms please stay away from this one.,2,2,0.18.2,0.18.2,2025-12-21 23:43:02,,,Lichess,Google Play,en,us,2026-04-17 17:51:35
4f4f0a58-50c7-4fcd-8877-bc33acd8dc27,Chedo Wegarik Domba,I have learned everything on this app best for learning and analysis it's completely free and I love playing.The boards are very fast and goes smooth I love it I don't have words to describe It's just Amazing 🤩,5,15,0.18.2,0.18.2,2025-12-21 19:53:18,,,Lichess,Google Play,en,us,2026-04-17 17:51:35
a2425ad4-32f5-4a71-9449-eaad75f5e1eb,Yash Pedhekar,to much lag,1,0,0.18.2,0.18.2,2025-12-21 12:23:47,,,Lichess,Google Play,en,us,2026-04-17 17:51:35
9d23d88e-eb1a-4f19-b3b1-07d8f6dd15f0,ruturaj bankar,"Excellent chess app! ♟️ Lichess is completely free and very smooth. It has puzzles, analysis, and online games. Best app to improve chess skills. Highly recommended. ⭐⭐⭐⭐⭐",5,18,0.18.2,0.18.2,2025-12-21 11:39:54,,,Lichess,Google Play,en,us,2026-04-17 17:51:35
83851715-714b-4ddf-b02b-2ab376651320,anton kasalika,It is great only that they should add more analysis features and its also boring that you are 2000 rated and they play you 1800 rated players,3,0,0.17.12,0.17.12,2025-12-20 15:05:57,,,Lichess,Google Play,en,us,2026-04-17 17:51:35
5d3bb06f-730f-4414-b0af-caa27ecacaab,Paul Eboselume,Crashes every 2 minutes,3,0,0.18.2,0.18.2,2025-12-20 07:20:44,,,Lichess,Google Play,en,us,2026-04-17 17:51:35
e9efe532-904a-40a6-82c1-f12a5c00ac21,Sajid,Addicted to chess,5,0,0.18.2,0.18.2,2025-12-19 13:03:11,,,Lichess,Google Play,en,us,2026-04-17 17:51:35
23c5b27e-f1d8-4b90-ae0e-392db1df54ae,Randle John Lamina,10/10. Would recommend.,5,0,0.18.2,0.18.2,2025-12-19 04:24:11,,,Lichess,Google Play,en,us,2026-04-17 17:51:35
09658f72-732c-43e0-a921-d5b733b5aedd,Mars Ryan,very nice.,4,0,0.18.2,0.18.2,2025-12-18 15:55:12,,,Lichess,Google Play,en,us,2026-04-17 17:51:35
b8a5a836-404a-413f-a665-9d78281dde26,Martin Yau,connections are quite bad,2,0,,,2025-12-18 15:11:52,,,Lichess,Google Play,en,us,2026-04-17 17:51:35
ac13c4bc-55c7-41aa-946b-8887e55640e3,Bhupinder,"Very useful chess app, puzzles are free and experience is smooth. Very nice app 🐱👍",5,0,0.18.2,0.18.2,2025-12-18 10:45:23,,,Lichess,Google Play,en,us,2026-04-17 17:51:35
002ee0bc-9d48-4d27-8312-2f753da8bc32,SHEPHERD SYDNEY,Am a best and my chess game is best,5,0,0.18.2,0.18.2,2025-12-18 06:20:40,,,Lichess,Google Play,en,us,2026-04-17 17:51:35
f37124b9-64e4-4d57-a723-f5d89841f399,SANATAN BAGARIA,"i have no idea, why there is a network issue in this app, I am so done with this issue.",1,1,0.18.2,0.18.2,2025-12-17 18:20:50,,,Lichess,Google Play,en,us,2026-04-17 17:51:35
5ad271d9-d6a4-48eb-921c-8cf1c5bc36c5,Matt Britain,"Great app generally with lots of free content useful to new players, however, volume of cheaters is significantly higher than others platforms. Destroys the playing experience and integrity of the game. LiChess is one of the worst for it, probably as its donation only, so resources to monitor is limited. Would recommend more serious players revert to more established pay-for apps.",2,1,,,2025-12-17 03:24:34,,,Lichess,Google Play,en,us,2026-04-17 17:51:35
ec98f380-5160-48a1-b71b-0b266087d654,ummah habiba,A good game for learning chess,5,0,,,2025-12-16 15:46:20,,,Lichess,Google Play,en,us,2026-04-17 17:51:35
980f0780-9f95-4efe-b9cb-d0445b6204a5,HARSH KUMAR TRIPATHI,seriously it's underrated 😭,5,0,,,2025-12-16 09:21:37,,,Lichess,Google Play,en,us,2026-04-17 17:51:35
d74cb152-2a76-4611-870c-10ed8dcdce23,"It Runs, Idk How","While the UI is a massive improvement over the previous one, you removed the one feature that made me play lichess instead of the other chess games, offline stockfish. Please give us offline bots to play with I beg you 🙏",3,1,0.18.2,0.18.2,2025-12-15 18:31:44,,,Lichess,Google Play,en,us,2026-04-17 17:51:35
e873d191-cff6-4879-bf44-ed02e273cce9,Kyle Ford,the puzzle streak challenge is by far the best way to increase your chess strength and rating,5,0,0.17.8,0.17.8,2025-12-15 00:19:49,,,Lichess,Google Play,en,us,2026-04-17 17:51:35
7ca947b2-abf1-49ba-bf72-4266c01877cf,ANGEL GONZALEZ,"I am being impeded, from checkmating. Some sort of a.i, or kb cheating format. Must be formally addressed.",1,1,0.18.2,0.18.2,2025-12-14 21:03:19,,,Lichess,Google Play,en,us,2026-04-17 17:51:35
d049f554-ecdc-4f01-b920-33efcc12434d,Krixl Duke,doesnt support free speech,1,0,0.18.2,0.18.2,2025-12-14 17:26:49,,,Lichess,Google Play,en,us,2026-04-17 17:51:35
bffbb199-cd34-4876-9a4a-1d57c692f885,David Balogun,"I seriously don't get all the bad reviews. Almost like people forget this is open source. Great free content, unlimited puzzles at different difficulties, and can study user made mini courses. The UX is much cleaner and fresh too. Edit okay, new bug, needing to tap pieces multiple times before they move. Games unplayable. I literally came here after I got flagged trying to move my queen away from a square. I'm rated 1500 so no excuses about not knowing the rules.",1,14,0.17.8,0.17.8,2025-12-14 13:48:18,,,Lichess,Google Play,en,us,2026-04-17 17:51:35
b480eeec-f980-4b3b-9747-25fca1ca11c5,Saurav Parajuli,this app was the best chess app but with this update and users interface change it not good,1,1,,,2025-12-14 10:21:57,,,Lichess,Google Play,en,us,2026-04-17 17:51:35
e18c8da1-df40-46fc-a1c1-052c91266ee3,Asmit Thakur,"when i analyse after puzzles or games. it works sometimes but other times it randomly doesn't work at all. I can't see any evaluation. i tried changing settings, turning off server analysis. nothing worked",3,5,0.18.2,0.18.2,2025-12-14 03:45:16,,,Lichess,Google Play,en,us,2026-04-17 17:51:35
59e8869a-a1c3-4e5d-99b7-b11db00fe4d1,Busisiwe Mazibuko,"It's a really good game,requires a lot of thinking skills and strategies",4,1,0.18.2,0.18.2,2025-12-13 20:53:03,,,Lichess,Google Play,en,us,2026-04-17 17:51:35
2906e853-a10a-49eb-8de0-69b188af130a,Spooshball,Great,5,0,0.18.2,0.18.2,2025-12-13 17:27:01,,,Lichess,Google Play,en,us,2026-04-17 17:51:35
ce76ee18-5b1d-4941-8143-10242427c64a,Puppet,"if you are close to the server locations then this is a better choice for a chess app, but if you're far away from the server I don't recommend this because your ping will be in the 1000ms(not good for bullet), I lose MAJORITY of MY GAME because the ping is high even though I have 5G network..",2,1,0.17.8,0.17.8,2025-12-13 16:55:55,,,Lichess,Google Play,en,us,2026-04-17 17:51:35
5b165c2e-2213-465f-abe6-6922d718bf9e,Begenç Ýazdurdyýew,"the game is absolutely trash, I syggest to play chesscom.",1,0,,,2025-12-13 13:24:39,,,Lichess,Google Play,en,us,2026-04-17 17:51:35
a68812fa-fd91-4447-88c6-20b2a53114b7,Manish Bhandari,"why this lacks basic features like game lobby, needs massive improvement. a mobile version of web will be 10 times better than this 😞",1,1,0.18.2,0.18.2,2025-12-13 09:16:46,,,Lichess,Google Play,en,us,2026-04-17 17:51:35
35223fb5-960f-42ba-b5f2-c80c2262649a,Tareg Soliman,I enjoy this game a lot,5,0,0.15.11,0.15.11,2025-12-13 07:30:00,,,Lichess,Google Play,en,us,2026-04-17 17:51:35
4d227166-e399-4776-9199-13be31e94857,KARTIK IYER,yes very good game very nice game,5,0,0.18.2,0.18.2,2025-12-12 13:10:53,,,Lichess,Google Play,en,us,2026-04-17 17:51:35
4b50ea2b-c875-4fbe-93e3-3aba0aacbef4,Bibek Paul,BEST OF CHESS,5,1,0.18.2,0.18.2,2025-12-11 21:05:46,,,Lichess,Google Play,en,us,2026-04-17 17:51:35
1a447b81-5dbe-4ee5-a7cc-44569b24a1bd,Behzodbek Muxtorjonov,good game,5,1,0.18.2,0.18.2,2025-12-11 16:42:00,,,Lichess,Google Play,en,us,2026-04-17 17:51:35
fc4c330e-9c8f-43d8-a4e8-4252b175a081,734gman,"had to install a second time just to rate. anybody else have it work fine until you have ten seconds left, then suddenly your screen wont register you hitting it repeatedly?",2,0,,,2025-12-11 08:39:21,,,Lichess,Google Play,en,us,2026-04-17 17:51:35
dca666c1-645b-4a64-9fad-2eed1bcebb8b,J D,I would like to try the app but I cant register. It says the name I chose is good but when I click register it just goes back to the username box no matter what name I try to use. under the contact tab I cant leave a message so no way to use the app,1,5,0.18.2,0.18.2,2025-12-10 18:30:05,,,Lichess,Google Play,en,us,2026-04-17 17:51:35
581c33ef-d03b-4592-b8d5-690e3b66ce2c,Yuta Osukar,Good game and fun to play,5,0,0.18.2,0.18.2,2025-12-10 15:27:20,,,Lichess,Google Play,en,us,2026-04-17 17:51:35
1d93e614-f469-42d5-94ba-4e47221d47d5,Sarvesh Potdar,best chess app,5,0,,,2025-12-10 10:05:11,,,Lichess,Google Play,en,us,2026-04-17 17:51:35
4fafba71-713a-447f-9e2a-c1a751428e8d,Kayode Agunloye,"Why not improve on the old app, both are free but not good enough.",2,0,,,2025-12-10 03:31:32,,,Lichess,Google Play,en,us,2026-04-17 17:51:35
b4e0886e-caf8-4cd1-9281-9f1bff8b256f,Пастухов Владимир,It is addictive and takes a huge amount of time from your life,1,0,,,2025-12-09 18:28:20,,,Lichess,Google Play,en,us,2026-04-17 17:51:35
872d52e0-2313-44fb-9f01-4602b68f293a,Ryan Varghese,incredible now I just need to learn how to play,5,1,0.18.2,0.18.2,2025-12-09 04:41:33,,,Lichess,Google Play,en,us,2026-04-17 17:51:35
dbf3e3a1-a613-4112-b89f-e3f2fe6e5c00,çèdskîê tv,Nice app,5,1,0.18.2,0.18.2,2025-12-08 13:04:27,,,Lichess,Google Play,en,us,2026-04-17 17:51:35
85ea718c-4924-47c3-9db0-e35adc79c7ee,Nothing Nothing,"It has everything the chess app market has to offer for free. There's no need to use any other app. Also, it has a huge player base which makes finding games easy.",5,1,,,2025-12-07 18:53:26,,,Lichess,Google Play,en,us,2026-04-17 17:51:35
496ed20c-7bca-4298-b242-dd2e0dfd8b6c,Aiden Richmond,"I previously would have rated it a solid 4 or 5 stars. But I got a new phone and it made me use the new app. The new app doesn't let me play against bots offline. So I made an account to play against bots online, only to find out the bots won't let me play against them with unlimited time. So screw that. I've looked it up to see if it's possible, and I can't find anything. So that's it for me. I'm not waiting around for this to change, I imagine it never will. So I'm finding a different app.",1,8,0.18.2,0.18.2,2025-12-07 16:49:06,,,Lichess,Google Play,en,us,2026-04-17 17:51:35
988d8ea8-6cbc-487a-968a-27dca6784144,Arthur Grig,I understand it is free but its a trash.,1,0,,,2025-12-07 11:03:47,,,Lichess,Google Play,en,us,2026-04-17 17:51:35
4790f854-8c5d-4038-8208-a3807ea86532,Thanuja Kumari,this is not good,5,0,,,2025-12-07 10:08:38,,,Lichess,Google Play,en,us,2026-04-17 17:51:35
cc8b8637-6741-46b7-b2d2-cd9566c3e3e9,Pawan Suryavanshi,"I have been playing on lichess for more than 7 years and I absolutely love it. I have the following suggestions for the app's new interface. Now while watching online games, the screen gets timeout automatically. This was not the case with the previous interface. Please update the functionality as we have to increase our screen timeout time every time.",5,1,,,2025-12-07 05:19:38,,,Lichess,Google Play,en,us,2026-04-17 17:51:35
e18b051f-b423-4528-b38b-537d2126a38a,Peter Berezyuk,don't waste your time.,1,1,0.18.2,0.18.2,2025-12-06 21:22:01,,,Lichess,Google Play,en,us,2026-04-17 17:51:35
36593b95-4616-42b8-84da-7d01911c8b44,Chad B. L.,So many people cheating lmao.,1,3,0.18.2,0.18.2,2025-12-06 19:56:08,,,Lichess,Google Play,en,us,2026-04-17 17:51:35
7afadf2a-67f3-4cf5-94c6-114dbbe57e24,Mark,"app lacks most functionality, use website instead (even if on android)",1,2,0.18.2,0.18.2,2025-12-06 17:19:09,,,Lichess,Google Play,en,us,2026-04-17 17:51:35
caf17ef7-85da-4897-8175-05659a1e30ee,T,It's decent chess app the threats from the system are annoying with no ability to communicate back.,1,3,0.18.2,0.18.2,2025-12-06 15:10:55,,,Lichess,Google Play,en,us,2026-04-17 17:51:35
4943a1d2-f089-4a63-869f-4630c936aa26,Srikar J V,The variants from the old app have been removed and only 960 is left now. Can they be brought back.,4,0,0.18.2,0.18.2,2025-12-06 08:30:14,,,Lichess,Google Play,en,us,2026-04-17 17:51:35
7694a8a5-c7ad-4eed-bb6f-6fe3ade99e9a,Nirbhay Jain,worst app stokfish never works,1,1,,,2025-12-06 05:18:17,,,Lichess,Google Play,en,us,2026-04-17 17:51:35
027fce71-db5f-4de3-acda-7d159c10b03a,Ravi Thakur,"it donot show play icons lile bullet blitz classic....very annnoying, how to start play. 0 star.",1,3,0.18.2,0.18.2,2025-12-06 03:50:17,,,Lichess,Google Play,en,us,2026-04-17 17:51:35
06ebe777-7a31-443c-842a-fc8db573d6cd,Matthew Simon Salvacion,"this is clear that even a hard work of rating is like didn't payoff, whenever I am defeated, the cost of rating is higher than my own winning rating.",1,2,0.18.2,0.18.2,2025-12-06 02:19:46,,,Lichess,Google Play,en,us,2026-04-17 17:51:35
780bc9ac-d5cb-46df-b8b2-bc014770b536,Bonnie Banks,"free, open source, does not allow bots to play offline. terrible, terrible business decision. bye.",1,3,0.18.2,0.18.2,2025-12-05 15:14:24,,,Lichess,Google Play,en,us,2026-04-17 17:51:35
3ed29e42-b41e-4f35-99d8-38419a13a0d1,KhairulNadzmi Bin Md Yusoff,So much feature were missing. I get that you are trying to create this for free but please let us get the feature that was in pc,1,3,0.18.2,0.18.2,2025-12-05 12:45:54,,,Lichess,Google Play,en,us,2026-04-17 17:51:35
2fa73a01-175d-4992-8172-b06465ecfd7e,1 2,cant play against the computer anymore. what a scam!,1,3,0.18.2,0.18.2,2025-12-04 21:43:15,,,Lichess,Google Play,en,us,2026-04-17 17:51:35
b8338951-1e8c-4730-8f97-3fae6e2c951d,Rohit Kushwah,interface better than other app.,5,1,0.18.0,0.18.0,2025-12-04 12:21:31,,,Lichess,Google Play,en,us,2026-04-17 17:51:35
76161887-877c-470a-8f88-3ba1dab03689,Zero Cool,Please add play with computer section.,4,0,,,2025-12-04 10:03:52,,,Lichess,Google Play,en,us,2026-04-17 17:51:35
5d884518-4fe2-43fb-9181-92480e06b225,Ayush,I can't login at all.,1,0,,,2025-12-04 07:56:49,,,Lichess,Google Play,en,us,2026-04-17 17:51:35
f703a43e-c9f8-435c-9913-9be51cea501c,Maharjanゼビッシュ,it's free and reliable,5,0,0.18.2,0.18.2,2025-12-04 07:22:02,,,Lichess,Google Play,en,us,2026-04-17 17:51:35
ccbe28cd-975a-408f-b5bf-478852a9f253,Clare Amanna,You people seriously should improve your server. I use a 5G network in 5g area with full connectivity. Inspite of having excellent connection I am unable to play bullet games properly. The game suddenly freezes and I either lose some seconds on the clock or I lose the whole game because of timeout. It is very frustrating because I lose on time in winning positions. I have literally lost more than a 100 rating points due to this. Lichess is one of the worst chess servers.,1,26,0.17.12,0.17.12,2025-12-04 06:38:38,,,Lichess,Google Play,en,us,2026-04-17 17:51:35
406b72c4-aa25-43e0-b2a6-b3c8429ae67a,Theodore,great ui update (I used the web app wpa on my browser for years and I just recently installed this app again) but please bring more features from the web version to the app like in the 'learn' section it is missing the 'chess basics' etc! but a very good app overall!,3,0,,,2025-12-04 00:52:51,,,Lichess,Google Play,en,us,2026-04-17 17:51:35
aa1f2c4a-33ae-443f-b013-9bebe948c770,Partha Sarathi Acharyya,"I am using this app for long time. It's a excellent app, but now I fece some problem in my new 5G mobile set. It take lot of time to find out the opponent player.",4,0,0.18.2,0.18.2,2025-12-03 18:37:01,,,Lichess,Google Play,en,us,2026-04-17 17:51:35
d568da3c-247b-4138-845a-a5b426bb8b9d,Chotu,challenge game with computer (from middle game )option not available,2,1,0.18.2,0.18.2,2025-12-03 14:01:11,,,Lichess,Google Play,en,us,2026-04-17 17:51:35
3bf158ee-aeae-4737-82d6-a631937a815b,Hannah grace Diaros Galolo,not developed properly,1,1,0.18.2,0.18.2,2025-12-03 01:37:50,,,Lichess,Google Play,en,us,2026-04-17 17:51:35
28debcf0-7dad-4670-920f-7136ebc8143f,Michael Martin,Can't login because it expects a captcha that it doesn't render anywhere on my screen in order to be sent a password reset.,1,1,0.18.2,0.18.2,2025-12-02 22:55:43,,,Lichess,Google Play,en,us,2026-04-17 17:51:35
57b29138-fd9d-4dfd-ad59-e44752fb74c1,Imtiaz Ali,"Totally distroyed the app by new version, very inconvenient, not easy like previous version, open play arena hard to find",1,2,0.18.2,0.18.2,2025-12-02 15:16:45,,,Lichess,Google Play,en,us,2026-04-17 17:51:35
bc75cf2c-018d-4d16-9114-5b014809dec2,tani imalshi,I like this,5,1,0.18.2,0.18.2,2025-12-02 13:51:22,,,Lichess,Google Play,en,us,2026-04-17 17:51:35
0945e175-7ad5-422e-92ba-91a18ca1d1e5,Naushad Ahmad,there is no way to back pieces during games like in puzzle start or midway but this feature is available on app.,4,0,0.18.2,0.18.2,2025-12-02 04:41:19,,,Lichess,Google Play,en,us,2026-04-17 17:51:35
1796042b-1e65-4e9b-863a-df29b57719d2,Za Xo,"garbage match making, wait hours",1,1,,,2025-12-01 05:44:19,,,Lichess,Google Play,en,us,2026-04-17 17:51:35
3c4bb58c-ef34-4cae-947b-c928758cac32,Simar Arora,old was better,1,0,,,2025-12-01 02:08:38,,,Lichess,Google Play,en,us,2026-04-17 17:51:35
6d9d26ec-f117-45d0-8cdb-a5629ba58386,Robert Kean,abundant cheaters. moderation is a joke for the average level of play.,1,3,0.18.2,0.18.2,2025-11-30 12:40:34,,,Lichess,Google Play,en,us,2026-04-17 17:51:35
638d5b30-d983-4430-8696-d1d107bf19d0,Oderzy,"tysm lichess, free with no ads and unlimited game review and puzzles, you are my savior 🤑",5,1,0.18.2,0.18.2,2025-11-30 12:24:29,,,Lichess,Google Play,en,us,2026-04-17 17:51:35
417e0841-69da-4ef9-b8b6-a3e5d6b9a89b,keira maudsley,best,5,2,0.18.2,0.18.2,2025-11-29 15:37:54,,,Lichess,Google Play,en,us,2026-04-17 17:51:35
c64a0326-96fc-4c26-8977-4145fb5716c8,tu1987,old app is worlds better. This app looks terriblw,1,1,,,2025-11-29 08:23:46,,,Lichess,Google Play,en,us,2026-04-17 17:51:35
cfb589e5-4c40-42e8-b4e8-af4b083cdba7,Jeevani Wickramasinghe,Excelent app.,5,0,,,2025-11-29 05:06:19,,,Lichess,Google Play,en,us,2026-04-17 17:51:35
5d3bc517-1291-40d5-9b0e-93f85666bb8e,zuhrah azura,This is so good because I need to join some of Chess tournaments ♟️♟️♟️♟️♟️♟️,5,0,0.18.2,0.18.2,2025-11-28 03:22:17,,,Lichess,Google Play,en,us,2026-04-17 17:51:35
2856b596-2ee6-4d07-91c9-0c4dc1df13aa,Vinod Longani,too much lag in the game.,1,2,0.18.0,0.18.0,2025-11-27 14:49:22,,,Lichess,Google Play,en,us,2026-04-17 17:51:35
87e74694-4b96-4a7a-b5f4-e4495ec4a3a7,Ibn Akmal Fakhri,super best the best thing I had in lichess is the chat thingy,5,0,0.18.2,0.18.2,2025-11-27 10:45:38,,,Lichess,Google Play,en,us,2026-04-17 17:51:35
6db3c59a-94ed-4214-949c-9f99af8ca735,oirein,I blindly love this project even though I can't log in to the android app,5,0,0.18.2,0.18.2,2025-11-27 03:23:50,,,Lichess,Google Play,en,us,2026-04-17 17:51:35
ed73c4a5-9bc3-40f7-a857-ba5404eecd7b,Charles Augustus,"They will pair you with bots for rated games disguised as humans. These bots have many different niches but they will usually drag every game out. Not only do humans cheat, but this company likes to scam you 24/7. I wouldn't trust this software.",1,5,0.17.8,0.17.8,2025-11-26 19:15:04,,,Lichess,Google Play,en,us,2026-04-17 17:51:35
688d6fa9-5350-4590-9799-fb69229122bc,Ed Manning,"Don't know what the complaints are about. It works great, although eventually it would be nice to see feature parity with the website.",5,1,0.18.2,0.18.2,2025-11-26 12:08:35,,,Lichess,Google Play,en,us,2026-04-17 17:51:35
8763b6d5-73a8-4099-abd8-683cfe4ba765,Keirey da Kant,Different types of puzzles,5,0,0.18.2,0.18.2,2025-11-26 03:37:56,,,Lichess,Google Play,en,us,2026-04-17 17:51:35
54722f5a-3837-4499-8657-1e9e38b8c8d5,Madhumita Sesl,The premove doesn't work properly .,1,1,0.15.11,0.15.11,2025-11-25 22:04:14,,,Lichess,Google Play,en,us,2026-04-17 17:51:35
e7ef2b43-09ce-4878-a320-d53b8941cfc1,Atiqua Ulfat Tuba,"Really love this app, it has very smooth and easygoing interface imo.",5,2,,,2025-11-25 13:04:43,,,Lichess,Google Play,en,us,2026-04-17 17:51:35
4d8071a3-0fbe-4098-9582-ccefc1caeac7,Some Guy,"Game mechanics themselves are broken, I've just been unable to take a piece that was checking me despite the move being perfectly legal with nothing to prevent it, forcibly turning a draw into a loss for no apparent reason. I loved Lichess for years, but lately it's been SO buggy and it's become impossible to use. Constant freezing and failure to respond - in literally every game. Glitches in clocks and moves. Please fix whatever you did to it.",1,32,0.18.2,0.18.2,2025-11-25 06:05:40,,,Lichess,Google Play,en,us,2026-04-17 17:51:35
1cd23fcb-b26e-4cc3-9c5e-02fbb49ed1a7,Albert George,Very good chess app. it would be nice if players can chat while Playing as in have a voice chat.,5,1,0.18.2,0.18.2,2025-11-24 22:28:49,,,Lichess,Google Play,en,us,2026-04-17 17:51:35
76315f2c-a959-4049-b7f0-c94c34f24f1b,Darsh SM-909,"Good for both offline and online platform.. But the design is not that good or worth how the app is made.. Chess. com is better than liches, but I used to play for offline purposes, yeah yeah it's not that good or bad but useful to used the app or website for beginners or pros, playing in the website is also better for streamers..... ✅⚔️:-) I m using it because I feel helpful ☺️..",4,1,0.18.2,0.18.2,2025-11-24 20:03:16,,,Lichess,Google Play,en,us,2026-04-17 17:51:35
86bba9ec-66ef-4ea3-b0d3-5c39d5c090ec,Austin Chen,they can't fix lag issues. y'all might as well migrate to other online chess apps/websites cuz this is starting to get ridiculous.,1,2,,,2025-11-24 14:45:22,,,Lichess,Google Play,en,us,2026-04-17 17:51:35
6f0ad684-aa4f-4194-88fc-be1b8bdcd941,chris dillon,"this app and website has people who only use AI and programmes to cheat and win every game possible, so normal chess players are getting ready to give up chess for the rest of their lives all because of the cheaters, all 200 people I know using this site have stopped using the site and app to many cheaters",1,6,0.17.12,0.17.12,2025-11-24 04:33:13,,,Lichess,Google Play,en,us,2026-04-17 17:51:35
6f77bc7a-a9d0-4dec-aa29-3b662235b903,Mohamed Boulmers,excellent 👌,5,0,0.18.0,0.18.0,2025-11-24 00:33:38,,,Lichess,Google Play,en,us,2026-04-17 17:51:35
5ffbe4fd-ae56-4b96-97c4-04d17868e414,yaron shshe,Best chess app,5,1,0.18.0,0.18.0,2025-11-23 16:46:45,,,Lichess,Google Play,en,us,2026-04-17 17:51:35
bf50a5f9-8f29-4653-924c-03d2599079ab,Shrikaa VR,very good . application. update version not user friendly and new lichess creating is very complicated,5,1,0.18.0,0.18.0,2025-11-23 13:44:57,,,Lichess,Google Play,en,us,2026-04-17 17:51:35
0482f1c0-1814-4b30-9625-b2a44178ec45,Tadiwa Albert Sibanda (Sibbzz),very good app,5,1,0.17.8,0.17.8,2025-11-23 10:36:58,,,Lichess,Google Play,en,us,2026-04-17 17:51:35
644e02d2-3bd3-4f6b-8a16-3e7fdb864957,By Hacker,bad lichess analysis cloud sometimes it disappeared from my analysis,1,1,0.18.0,0.18.0,2025-11-23 04:50:49,,,Lichess,Google Play,en,us,2026-04-17 17:51:35
aae8b698-a3b7-448b-a5c9-75eafc35ec96,אוריה נעוס,"unlimited analysis, puzzles, well rounded app. no premium stuff",5,1,0.18.0,0.18.0,2025-11-22 10:33:54,,,Lichess,Google Play,en,us,2026-04-17 17:51:35
562f8e03-29b0-4d85-bd9b-00fb8dd3c088,Cas,"best chess app, open source, free & community driven by chess lovers",5,1,0.18.0,0.18.0,2025-11-21 21:41:53,,,Lichess,Google Play,en,us,2026-04-17 17:51:35
24a67795-ab4e-42b0-893f-a26aebd1b0e9,David Cicai,very bad design and unintuitive,1,0,0.17.3,0.17.3,2025-11-21 08:35:44,,,Lichess,Google Play,en,us,2026-04-17 17:51:35
1d8fa22a-4aea-4afa-99a9-0d287f82ca1d,Koli Sikder Das,good game but have some lagging issues...,4,1,,,2025-11-21 05:12:40,,,Lichess,Google Play,en,us,2026-04-17 17:51:35
fdec5176-8c22-43a9-9d33-34267680e6ec,Behdad,it's very good 👍 👌,5,1,0.17.12,0.17.12,2025-11-20 13:22:58,,,Lichess,Google Play,en,us,2026-04-17 17:51:35
3dc9ee8e-eeec-4f57-b549-5832c6f13480,Prabhav Tengse,Too heavy for a chess app I am not paired fpr even 5 mins even in a bandwidth of more than 50Mb/s,2,1,,,2025-11-20 13:05:41,,,Lichess,Google Play,en,us,2026-04-17 17:51:35
9b629b65-1b65-4a40-9ee8-0908ab246474,Rohan Rakish,Love it,5,1,0.18.0,0.18.0,2025-11-20 12:40:56,,,Lichess,Google Play,en,us,2026-04-17 17:51:35
65c81e91-fee9-47f2-8b2e-b6bffa67e231,Hambubits NHFZ,"on previous update of this app, it signed me out, and had trouble signing back so had to reset password. even then, the built-in-app browser didn't automatically synced & lead user back to the home app. don't erase user's data from prior version during updates. also, why to solve puzzles we had to assume the next move engine makes from mine would be a miss and not their best ones, the only sequence of moves to solve it implement irrational decision for user to consider. it's weird.",4,4,0.18.0,0.18.0,2025-11-20 10:54:17,,,Lichess,Google Play,en,us,2026-04-17 17:51:35
bfc721c3-e3d9-4d6b-bf8e-f11c993fcd4c,Stepan Kosyrkov,"good, everything you need in chess is here give us back the previous degign, it was more informative and easy to use. this looks pretty like casual thing. or give an ability to switch to it",4,0,0.18.0,0.18.0,2025-11-19 12:45:17,,,Lichess,Google Play,en,us,2026-04-17 17:51:35
9b520f90-dea3-4901-bf9c-d5f9b69a9e35,Paul Teale,Password reset email takes you to a non existent page,1,0,0.18.0,0.18.0,2025-11-19 08:42:04,,,Lichess,Google Play,en,us,2026-04-17 17:51:35
dd1fae06-9b7a-48c5-945e-5b3e03c7a088,avinash subramaniam,"Clean, elegant, brilliant. Free and fantastic.",5,1,0.18.0,0.18.0,2025-11-18 17:07:59,,,Lichess,Google Play,en,us,2026-04-17 17:51:35
208c6a88-7ba8-4007-8df6-5126f6b56546,Abhishek,"while solving puzzles, there needs to be a feature to rewind what the opponent played to see what they captured. cuz when you start a puzzle and the opponent captures a piece immediately without seeing what piece it was, it gets harder to assess the next move. I just wanna see what piece they captured.",4,11,0.18.0,0.18.0,2025-11-18 11:33:04,,,Lichess,Google Play,en,us,2026-04-17 17:51:35
d236ad80-d5d0-4c9f-b3b6-aa699adaa9d1,David Wennersten,"Ditching offline play was a disastrous choice. Lichess is certainly not a one-star platform overall, but as far as reviewing THIS APP goes, I question and strongly dislike the decision to remove a major function.",1,4,,,2025-11-18 03:45:43,,,Lichess,Google Play,en,us,2026-04-17 17:51:35
584f0c8e-b8c5-4306-b345-4950d30638cf,Aayush Shah,"Literally the best chess app ever. It has literally everything for free, Lessons, puzzles, game review, analysis. For those who are new at chess, please try lichess once, you won't regret.",5,53,0.18.0,0.18.0,2025-11-17 18:10:47,,,Lichess,Google Play,en,us,2026-04-17 17:51:35
0489c22c-3057-4696-88a6-646bd897b259,Peter Oyedeji,"Well this seems to be another Lichess app entirely, I thought the old good app design was changed, but now I see this is another app, which look more official, larger in size, fine UI may but poor UX, How exactly is normal games even meant to be started on a ""stats and recent games"" initial screen...",1,8,0.18.0,0.18.0,2025-11-17 09:08:38,,,Lichess,Google Play,en,us,2026-04-17 17:51:35
c5194f8e-6a03-467c-908c-0e226b5778e0,Tihomir Pureta,new app is several times worse than the last one,2,4,0.18.0,0.18.0,2025-11-17 00:40:33,,,Lichess,Google Play,en,us,2026-04-17 17:51:35
de471753-32c6-49e5-bfc6-9384964b059a,Ivan Strydom,the best ever board game,5,0,0.15.11,0.15.11,2025-11-16 23:23:38,,,Lichess,Google Play,en,us,2026-04-17 17:51:35
90ab20b5-c3c6-4368-8280-ca688e0c5f54,Yoshi Mori,My internet is stable but always reconnecting..,1,4,0.18.0,0.18.0,2025-11-16 17:56:03,,,Lichess,Google Play,en,us,2026-04-17 17:51:35
8ae98ac2-a3fd-406e-b758-07b26f5e6412,Egon Glavas,No offline chess games vs computer. Really?,2,3,,,2025-11-16 12:02:55,,,Lichess,Google Play,en,us,2026-04-17 17:51:35
54ed6c74-8d38-4f30-92d1-cbddb02bc87a,ian “magus” ochieng,"The best, its ui is superb... I would love that you consider multiple premoves. That would attract more players into this site... Nonetheless, its the best.",5,0,0.18.0,0.18.0,2025-11-16 11:18:08,,,Lichess,Google Play,en,us,2026-04-17 17:51:35
fe07ead4-1ad2-41b3-930f-8b0126be81c5,Paco,"Very bad, forget about Lichess! the pieces move wherever they want, not where you place them, 3+0 is not real, they keep adding time from nowhere, people leaves games all the time, so you have to wait over 50 seconds each time someone leaves the game because they are loosing or lost important pieces... so far, very bad.",1,15,0.18.0,0.18.0,2025-11-16 08:49:59,,,Lichess,Google Play,en,us,2026-04-17 17:51:35
073e73a4-cfbf-414a-bae7-76338dc0ff1d,D. G.,"FIX THIS BS. Look, there wasn't anything wrong with the white knight version, but now we have to deal with this one. sigh. First off, why can't I set the ELO range for a custom game anymore!??? Got this version for my son, and he can't get into it because he is not able to play people AT HIS LEVEL. I am done, other reviews say there are plenty more issues. WHY DID YOU CHANGE IT?",2,6,0.17.8,0.17.8,2025-11-16 06:57:47,,,Lichess,Google Play,en,us,2026-04-17 17:51:35
913882d6-d5ce-40d3-8cd8-40f5c2e75de5,Sankhendu Chakraborty,"The new version is sooo good. First of all its free and you can easily analyse your ganes, check the best engine moves to improve.",5,2,0.18.0,0.18.0,2025-11-15 13:27:47,,,Lichess,Google Play,en,us,2026-04-17 17:51:35
b942164b-cac2-4c25-a714-45205ff1c467,Rajan Kumar Sahani,"great app for absolutely no cost, millions of puzzles, and more",5,1,,,2025-11-15 12:45:15,,,Lichess,Google Play,en,us,2026-04-17 17:51:35
212f3862-2f36-4300-ab41-589c34084d4e,Fanele Tshabalala,this app have everything that's I need,5,1,,,2025-11-15 11:41:49,,,Lichess,Google Play,en,us,2026-04-17 17:51:35
f011c60d-ae04-4618-afb0-c537621b28f4,d b,very nice ad free app,5,1,0.18.0,0.18.0,2025-11-15 07:55:35,,,Lichess,Google Play,en,us,2026-04-17 17:51:35
3d731c32-8edc-4ff9-bbd0-0f28a99937b9,Mark K.,"please let us choose the puzzle difficulty range and even perhaps type of puzzle on the mobile app. I want to practice ones to ensure that I fully understand a concept before advancing, instead I'll receive a 2175 level puzzle followed by a 1704 and vice versa.. it makes no sense.",1,1,,,2025-11-14 23:14:23,,,Lichess,Google Play,en,us,2026-04-17 17:51:35
4c9d59d9-878f-44be-a004-e127ed46f09d,mohmmed awad alla,very bad and it crush,1,0,0.18.0,0.18.0,2025-11-14 23:05:47,,,Lichess,Google Play,en,us,2026-04-17 17:51:35
6533610c-b6f3-4700-b389-c6678e330e9e,Riddhiman Chattopadhyay,it was a superb chess app unless it removed the play with computer option...I am uninstalling the app for now looking forward to have it back in future,1,2,,,2025-11-14 15:03:57,,,Lichess,Google Play,en,us,2026-04-17 17:51:35
6aa2f1f2-5b31-4aed-9c1c-0082af1f75d1,Jay Bird,"It's really free. No, I mean it. I'm not lying. This application is great and more streamlined than ever. Great job, guys. Thanks for making it free. Thank you for your philanthropy. 💯",5,0,0.18.0,0.18.0,2025-11-13 22:28:51,,,Lichess,Google Play,en,us,2026-04-17 17:51:35
61bd6d29-dabb-4a59-8acb-633dce1c4607,OP,nicee,5,0,0.18.0,0.18.0,2025-11-13 16:27:47,,,Lichess,Google Play,en,us,2026-04-17 17:51:35
6d46fdbf-7c12-497d-9f3a-e1e2a5796ed5,Collins Walter,App keeps stopping all time ...,2,0,0.18.0,0.18.0,2025-11-13 13:52:18,,,Lichess,Google Play,en,us,2026-04-17 17:51:35
78ca1443-1bdc-4d13-a7e0-7dc037669d2d,Reza Farokh,It's really good but it doesn't have defense puzzles please solve it.,5,0,0.18.0,0.18.0,2025-11-12 11:17:59,,,Lichess,Google Play,en,us,2026-04-17 17:51:35
c0678f51-54f4-4a1d-85b0-4aba48fc2337,Jomari Arcilla,best online/offline puzzles,5,0,0.17.3,0.17.3,2025-11-12 08:59:39,,,Lichess,Google Play,en,us,2026-04-17 17:51:35
62366e31-7a06-45e0-914e-de819342fa4a,Eddy,im a game where i was winning slightly in a colle zuckertort my bishop moved by itself to allow my opponent to take a pawn then moved it back so that same pawn could take the bishop. i believe theres an exploit where your opponent can make your moves for you. mist games are ok tho,1,1,0.18.0,0.18.0,2025-11-12 06:00:44,,,Lichess,Google Play,en,us,2026-04-17 17:51:35
25d066ff-9a00-43bb-82d8-c646a9f40837,Nos Otros,better than chess dot com,5,1,,,2025-11-11 23:21:06,,,Lichess,Google Play,en,us,2026-04-17 17:51:35
643c626f-46e4-4e68-9ba6-c3e6b801a243,Emeldah Achieng,This is the best app ever,5,1,,,2025-11-11 14:00:03,,,Lichess,Google Play,en,us,2026-04-17 17:51:35
f7752243-d65a-40e2-b0e1-8e6c6f5e264f,NANE,"cheaters are not getting banned, and the app is full of bugs",1,1,0.18.0,0.18.0,2025-11-11 13:35:08,,,Lichess,Google Play,en,us,2026-04-17 17:51:35
1e6ccf63-21f7-48c0-91a3-9678b0a7660c,Greg Otterstein,"I've spent hundreds of hours playing on Lichess, and I'll never give them a penny! They don't care if people cheat, bully, harass, run the clock out and waste your time, or anything at all. Feel free to take advantage of this free app, just don't EVER give them money!",1,5,0.18.0,0.18.0,2025-11-11 05:17:41,,,Lichess,Google Play,en,us,2026-04-17 17:51:35
112110b9-d0ec-4985-9ed2-30fccb733e96,M,Sometimes I get network connection errors.,4,0,0.18.0,0.18.0,2025-11-10 23:30:13,,,Lichess,Google Play,en,us,2026-04-17 17:51:35
f9a8571e-dbc9-4151-90d7-6eab64003361,Praiseworthy Mashoko,the best ever,5,0,0.18.0,0.18.0,2025-11-10 19:58:05,,,Lichess,Google Play,en,us,2026-04-17 17:51:35
3d27b01c-0a2d-4c3a-80c1-3dc15dca9c3a,Guru Vatsal P,Best chess app ever seen.. The new update is so cool they provide free puzzles which is very good positive in this app.. Also the computer and studies are absolutely free which helps to improve players by themselves.. Hatsoff to the Lichess department for such a wonderful app,5,9,0.18.0,0.18.0,2025-11-10 13:35:27,,,Lichess,Google Play,en,us,2026-04-17 17:51:35
2a4c5789-3e0e-4e66-a5cd-2e063bdfcb14,Neat,Where's the offline mode?,1,1,0.18.0,0.18.0,2025-11-10 12:58:18,,,Lichess,Google Play,en,us,2026-04-17 17:51:35
df022960-dc6a-4729-b59f-e3be71d7820f,Mar Carlo Dela Torre,app crashes during analysis mode using SF 17.1 with NNUE,1,2,0.17.8,0.17.8,2025-11-10 05:18:03,,,Lichess,Google Play,en,us,2026-04-17 17:51:35
414427a9-4136-447d-9e8b-732fe6ee0f9c,Leonardo,the new functions and layout are great ...first I thought please no than I took a closer look thanks guys,5,0,0.18.0,0.18.0,2025-11-09 20:13:43,,,Lichess,Google Play,en,us,2026-04-17 17:51:35
512ecf01-de38-4d9a-80c6-1c32f861c402,Gamer Square,"culprit app, timer never work genuinely, improve your timer. since year I'm noticing this issue, expected it will be sort out but didn't. Please, make this corrections. when is your perfect update will be without a bug",1,7,0.18.0,0.18.0,2025-11-09 15:02:52,,,Lichess,Google Play,en,us,2026-04-17 17:51:35
c14471fa-7780-4e39-9de2-30a898f34e3d,SUDARSAN Borah,how to play with bot(computer) in offline in lichess app .,5,0,0.18.0,0.18.0,2025-11-09 12:56:11,,,Lichess,Google Play,en,us,2026-04-17 17:51:35
7ac83c28-81cb-47d2-a532-44fab3faad5b,Ali,excellent app 100% one of the best chess apps ever made easily.,5,1,0.18.0,0.18.0,2025-11-09 11:32:23,,,Lichess,Google Play,en,us,2026-04-17 17:51:35
6559cd4c-2250-44e0-9205-6ec6e705a28e,Zandrothegreat30,"I really like the open source of it, and thank you for making this free. I have a suggestion: please make the number of premoves unlimited, add profile feature, add the national rating for the Philippines in the rating settings, and please make the game analysis explain the move why is it good or bad .I hope you notice my suggestion. Thank you.",5,7,0.17.15,0.17.15,2025-11-09 05:58:09,,,Lichess,Google Play,en,us,2026-04-17 17:51:35
3fde15f8-2514-4ca6-866f-790d2fa9a720,GirdhaR,thanks for keeping it foss🫡,5,1,0.15.10,0.15.10,2025-11-08 16:35:29,,,Lichess,Google Play,en,us,2026-04-17 17:51:35
53908729-2f80-4a1e-afa0-bba8f44af1da,Rodney Swindle,"Why did we remove the offline vs computer option with regular stockfish? Used to be the best chess app ever. Bots suck. They take forever to play, especially when there's no timer. Stockfish was the number one way to improve your game. Uninstalling until it comes back.",1,252,0.18.0,0.18.0,2025-11-08 16:30:55,,,Lichess,Google Play,en,us,2026-04-17 17:51:35
b2511040-d380-4668-a897-0666e14c09f0,Carl Brigance,what's the point of updates when the older version is better stable clearer 😃,1,1,,,2025-11-08 12:26:05,,,Lichess,Google Play,en,us,2026-04-17 17:51:35
1feefa95-d856-49ff-b130-3f39ab248a88,Brian Williams,"big security risk. during a game opponent could open apps on my device ... instantly uninstalled, won't be back",1,2,,,2025-11-08 08:07:19,,,Lichess,Google Play,en,us,2026-04-17 17:51:35
3c99b4a7-1759-4b5e-89b8-ae4b51c8b2a0,Keegan Graham,Used to use website on mobile because the app sucked but it's great now.,5,1,,,2025-11-08 06:12:20,,,Lichess,Google Play,en,us,2026-04-17 17:51:35
6b2be874-2158-4ca9-9c26-499ef7e1ebf0,Fitra Qurota,cannot login,1,0,0.17.15,0.17.15,2025-11-08 03:53:29,,,Lichess,Google Play,en,us,2026-04-17 17:51:35
910a1655-d52e-4bf3-ade5-f762485c8cc2,M T (jugadorprecioso),"weird layout. needs some fixing. for example, would like to save the 'healthy mix' puzzle.",1,2,0.17.15,0.17.15,2025-11-07 22:28:16,,,Lichess,Google Play,en,us,2026-04-17 17:51:35
f2b8cfbb-4050-4f49-8648-9ecf9aa15a92,oscar l,app crashes when you use analysis board,3,0,0.17.15,0.17.15,2025-11-07 20:42:59,,,Lichess,Google Play,en,us,2026-04-17 17:51:35
a2cf6a23-bb8b-4025-8582-b34ac70a8892,chloe samia,i cant log in it doesn't send my gmail a code,1,0,,,2025-11-07 16:19:39,,,Lichess,Google Play,en,us,2026-04-17 17:51:35
ff5e1d8a-e403-4550-b7a7-95c85821a01b,Aashish Gaur,purrrfect chesscom competition,5,1,,,2025-11-07 15:49:40,,,Lichess,Google Play,en,us,2026-04-17 17:51:35
0ea704d3-0440-4380-a644-743328171c2f,Priyanka Bhujbal,व्हेरी बेस्ट एक्सपिरीयन्स,5,1,0.17.8,0.17.8,2025-11-07 14:36:25,,,Lichess,Google Play,en,us,2026-04-17 17:51:35
cf6df39d-92a5-42bd-8dd7-02ae67cb8ca0,Mohammad Salameh,The best chess game ever ❤️,5,1,0.17.12,0.17.12,2025-11-07 12:36:32,,,Lichess,Google Play,en,us,2026-04-17 17:51:35
41ca484a-5a8d-4d32-8989-0d3e8e1e811d,Joshua Grasser,couldn't figure out how to begin a game,1,0,0.17.15,0.17.15,2025-11-06 21:09:44,,,Lichess,Google Play,en,us,2026-04-17 17:51:35
bc3e030e-c9b3-40ca-971f-2c98fedc87ee,Roc Boronat,A free and open source chess app? That's an 11 over 10!,5,0,0.17.15,0.17.15,2025-11-06 12:20:39,,,Lichess,Google Play,en,us,2026-04-17 17:51:35
7b7b783c-d6c2-42b5-bdf9-415ee3136446,Mja ant,unable to get play with computer option on android app,1,1,,,2025-11-06 06:16:16,,,Lichess,Google Play,en,us,2026-04-17 17:51:35
ee1e9094-1fb5-449d-ac87-c8da4d4e1116,giustopersapere,The Goat of chess apps,5,1,0.17.12,0.17.12,2025-11-05 19:27:58,,,Lichess,Google Play,en,us,2026-04-17 17:51:35
b58d4e4a-3311-47cc-ae1e-f3fbd245eb5e,Racouchot Renaud,"Donc en plus d'avoir un gameplay horrible, mon avis est censuré.",1,1,0.17.12,0.17.12,2025-11-05 17:14:03,,,Lichess,Google Play,en,us,2026-04-17 17:51:35
9e0b3bac-72a1-448a-9775-dab46a8ab91b,Michael Angelo Corral,can't login using gmail only redirecting to webpage and logging it in the webpage.,1,1,0.17.15,0.17.15,2025-11-05 14:07:57,,,Lichess,Google Play,en,us,2026-04-17 17:51:35
cf7a1c37-ad63-4132-925a-0a2a8600aaf8,DOUGLAS,it is a nice with free puzzles and free lessons,5,0,0.17.12,0.17.12,2025-11-05 10:06:52,,,Lichess,Google Play,en,us,2026-04-17 17:51:35
4c145ae8-fdb8-49c9-97b9-ed965a209e9e,Muhammad Ul Hasnain,the rest is best. i have only issue with the login. it doesn't proceed when i authorise from the link it opens. please leave updating the other features and fix this one. its the fundamental feature every app should have. once its fixed i will give it 5 stars,3,1,0.17.12,0.17.12,2025-11-05 08:30:20,,,Lichess,Google Play,en,us,2026-04-17 17:51:35
7702f539-433b-49a1-91a4-2d796bb76b35,Pardeep singh,this aap is very very very Best. and players good play,5,1,0.17.12,0.17.12,2025-11-05 03:09:19,,,Lichess,Google Play,en,us,2026-04-17 17:51:35
9e2413fd-ef72-49ea-b494-675fc6ebfd02,Craig,love the idea of being free. but don't. the computer review doesn't work..just be cheaper than the competition,3,0,0.17.12,0.17.12,2025-11-04 23:36:04,,,Lichess,Google Play,en,us,2026-04-17 17:51:35
9f164698-8f8c-46e2-902a-ab3e8de84bd1,KSENIA TABAKINA,I like it!!!!!,5,0,,,2025-11-04 23:09:50,,,Lichess,Google Play,en,us,2026-04-17 17:51:35
ea11f289-621a-4621-9628-1675b4dafb43,vaishali phadtare,best chess platform ever,5,0,0.16.7,0.16.7,2025-11-04 10:21:40,,,Lichess,Google Play,en,us,2026-04-17 17:51:35
065433b2-7065-444d-ac4f-bd763c4dc2b9,Lilith,Невозможно зарегистрироваться,1,0,0.17.12,0.17.12,2025-11-03 21:22:44,,,Lichess,Google Play,en,us,2026-04-17 17:51:35
724e31e7-65d1-4e91-8c46-0142086e8f09,Dylan Jones,Text chat wont work on the app for me for whatever reason,2,0,0.17.12,0.17.12,2025-11-03 20:51:24,,,Lichess,Google Play,en,us,2026-04-17 17:51:35
9fe2b96a-7088-471f-b32f-e86bc7d7b0b6,Niki Taku,it is really good,5,0,0.17.8,0.17.8,2025-11-03 16:12:45,,,Lichess,Google Play,en,us,2026-04-17 17:51:35
9d3d1eee-91b1-4c7a-997e-50c2ccfe6dca,kirti srivastava,it is so had to make a account on this app.Use another app,1,0,0.17.12,0.17.12,2025-11-03 16:10:01,,,Lichess,Google Play,en,us,2026-04-17 17:51:35
24d9028b-4232-4a02-b6c7-385e4a462bcb,Ekta Verma,Must try 😁😉 nice app 😁😉,5,1,0.17.12,0.17.12,2025-11-03 05:07:37,,,Lichess,Google Play,en,us,2026-04-17 17:51:35
ea8c07d3-aa15-49d1-aafa-1d67602e068b,Adam Cooper,Lichess is a rip off even being free. The game constantly makes moves you don't make and support is completely unhelpful and more worried about pretending their game has no problems instead of actually trying to fix anything.,1,4,0.17.12,0.17.12,2025-11-02 18:46:29,,,Lichess,Google Play,en,us,2026-04-17 17:51:35
abb4c40e-d293-4aa2-b6b1-175efafb3237,anjana sharma,This app needs to stay otherwise online chess wil be monopolized by other apps and become completely premium.,5,1,,,2025-11-02 17:19:30,,,Lichess,Google Play,en,us,2026-04-17 17:51:35
285ca01a-1bd7-4c28-9ac5-d66a87a540a4,Adhiraj Banerjee,"Great app.Everything available.Tournaments,normal games,Games with the computer, simultaneous exhibition and you can learn there a lot of new stuff about chess,chess news is available in that app too.You can even do puzzles and race against people online or your friends in the puzzle racer.Overall,it is a great app for chess beginners, intermediate and advanced chess players also.",5,24,0.17.12,0.17.12,2025-11-02 09:03:07,,,Lichess,Google Play,en,us,2026-04-17 17:51:35
5716afb7-e330-44ae-8451-ceeaa28a1f63,meydit dev,some buggies at opening app,1,0,0.17.12,0.17.12,2025-11-02 07:11:18,,,Lichess,Google Play,en,us,2026-04-17 17:51:35
9a3319a2-22d2-4455-81fe-4a50b139d2f2,Vladimir Pogosyan,"in last half year 70% games lose, because terrible lags consume time, before - all was fine",1,0,0.17.12,0.17.12,2025-11-01 18:45:52,,,Lichess,Google Play,en,us,2026-04-17 17:51:35
9921177f-820b-49ee-bd98-9200ce7e0470,Gabriel Tødgjër,absolutely awesome,5,1,,,2025-11-01 18:12:06,,,Lichess,Google Play,en,us,2026-04-17 17:51:35
40364d90-bc0f-4d3f-a989-02e54fab1546,JIMENEZ- AARON SABACAHAN,"What I like the most in this app is it's all free, unlike other chess app limited and you have to pay to analyze games. This app is so good.",5,1,,,2025-11-01 14:02:11,,,Lichess,Google Play,en,us,2026-04-17 17:51:35
9ce7375d-bf6e-4e8f-b07d-e14f23c7eaf6,Maimbo Namalongo,awesome,5,1,0.17.12,0.17.12,2025-11-01 12:55:28,,,Lichess,Google Play,en,us,2026-04-17 17:51:35
f44de95b-cb1c-45a4-bfce-efaa63d3e70d,Ahmed Ali,bug: many games start and dont show any moves I have to look at oppositions game and its showing theyve moved then I go back and it fixes itself most times and sometimes not.,1,3,0.17.12,0.17.12,2025-10-31 17:14:06,,,Lichess,Google Play,en,us,2026-04-17 17:51:35
b8d914e0-9a55-414f-abce-b743e90728d2,AJAY SINGH,in new app I can't login. always opens crome and ask to give authorisation to lichess account and after that nothing happens,1,2,0.17.12,0.17.12,2025-10-31 04:14:58,,,Lichess,Google Play,en,us,2026-04-17 17:51:35
0f2f23c8-8d0d-40a5-a828-dc3840d4ca8e,Peter Owojuyigbe,WORST UPDATE EVER!!!! Don't waste your time downloading the app can't play from mobile only on website which cause the game and time to hang,1,1,0.17.12,0.17.12,2025-10-31 01:00:51,,,Lichess,Google Play,en,us,2026-04-17 17:51:35
495fb848-352e-4c64-8d6d-44f5979460b4,Mar Wan,why remove offline mode,1,3,,,2025-10-30 22:56:19,,,Lichess,Google Play,en,us,2026-04-17 17:51:35
1fd7b245-ecd0-4aa6-a4b4-09f9e2f85d89,Svetlana T,excellent and easy to use to play and train and connect with other players,5,0,0.17.12,0.17.12,2025-10-30 20:23:20,,,Lichess,Google Play,en,us,2026-04-17 17:51:35
f4de984a-6e98-430a-b871-1bc1f7d9668c,Fabio Vargas,"Sería genial que pudieran permitir compartir una imagen png para poder estudiarla directamente sin tener que poner posición por posición. Tomar pantallazo>opción ""compartir como png a lichess"">compartir png",5,2,0.17.12,0.17.12,2025-10-30 07:29:09,,,Lichess,Google Play,en,us,2026-04-17 17:51:35
198244bf-cb63-45ce-94f7-4299e42a1171,John Doe,"Why am I signed out every time I leave the app? What a stupid time wasting bug, fix it and I'll change my review.",1,1,0.17.12,0.17.12,2025-10-30 06:15:11,,,Lichess,Google Play,en,us,2026-04-17 17:51:35
8fab4f04-cc4a-45a6-ac12-4a008b52de61,Marcus Hamanaka,"This new UI doesnt seem to allow only standard or chess960 for some reason. Can't see crazyhouse, racing kings or any other variant in tournaments (they appear in the web version) and also cant create custom games with these variants edit: now there is some issue with the rematches as well. game doesnt connect to rematches",2,7,0.17.12,0.17.12,2025-10-29 17:51:35,,,Lichess,Google Play,en,us,2026-04-17 17:51:35
5cf58430-6b49-47e7-8fba-fcbbc5bcd52b,Milad Louak,The perfect app,5,3,0.17.12,0.17.12,2025-10-29 17:41:56,,,Lichess,Google Play,en,us,2026-04-17 17:51:35
a077a9bf-3161-4f5c-9820-7144d1df7293,Kaje Ralocse,Still a very confusing app. Totally unrecognizable from the web version. Uninstalled again. Will stick to website.,1,1,0.17.8,0.17.8,2025-10-29 04:06:29,,,Lichess,Google Play,en,us,2026-04-17 17:51:35
6a2b8010-abf6-4696-99fe-47de166d5711,ZEX,great,5,0,,,2025-10-28 15:43:42,,,Lichess,Google Play,en,us,2026-04-17 17:51:35
94f747a8-8205-4f92-9725-1374e870019c,Alex,chat is not working after update,4,0,0.17.12,0.17.12,2025-10-28 00:18:14,,,Lichess,Google Play,en,us,2026-04-17 17:51:35
17233dd1-3361-48c6-ab9a-e08080da9aaa,Princess Aniefiok,It is a very good app that helps me watch best of GM's and M's play.,4,0,0.17.8,0.17.8,2025-10-27 23:12:43,,,Lichess,Google Play,en,us,2026-04-17 17:51:35
7f774bb8-8b80-4148-8aee-9973c42677e9,Muhammad Esam,why banning someone for the entire life,1,0,0.17.12,0.17.12,2025-10-27 17:20:03,,,Lichess,Google Play,en,us,2026-04-17 17:51:35
904e835a-4944-4e7a-8680-3b4cf7929c01,James Tebbutt,hope gamè,5,0,0.17.12,0.17.12,2025-10-27 10:08:56,,,Lichess,Google Play,en,us,2026-04-17 17:51:35
e328e1e8-de8f-4e95-a9b8-cd1e108658c2,Satya Prakash Singh,best app for chess and absolutely free .,5,0,0.17.12,0.17.12,2025-10-27 09:47:29,,,Lichess,Google Play,en,us,2026-04-17 17:51:35
4f47f6fd-9eda-4f2f-98b3-358b0aa0f7f4,Brad Cramer,Why do I have to log in every time I launch? Why can't I play offline?,1,2,0.17.12,0.17.12,2025-10-27 04:34:57,,,Lichess,Google Play,en,us,2026-04-17 17:51:35
80d2f0d0-9264-4847-8f26-ce07d3ce47e7,Bahman Nouri,امکانات برنامه از سایت کمتره.,3,0,0.17.8,0.17.8,2025-10-27 04:21:39,,,Lichess,Google Play,en,us,2026-04-17 17:51:35
5ab60503-cf3c-4955-affd-c4a91e8c98f4,Doulathunneesa PS,good,4,0,,,2025-10-27 03:15:43,,,Lichess,Google Play,en,us,2026-04-17 17:51:35
197e9dd0-f241-46a6-99ae-308178fb8916,Ayomide Solola,Pls analysis Imported games,3,0,0.17.12,0.17.12,2025-10-26 18:32:13,,,Lichess,Google Play,en,us,2026-04-17 17:51:35
958ec9df-733c-4756-81db-3659ae92f78e,Anu S,brilliant,5,0,,,2025-10-26 07:26:19,,,Lichess,Google Play,en,us,2026-04-17 17:51:35
af49c75d-9010-4e06-a4e8-581d7c11c384,Grady Persell,This is a great app for improving my chess game and for playing against real people. Love it.,5,0,0.17.12,0.17.12,2025-10-25 17:48:16,,,Lichess,Google Play,en,us,2026-04-17 17:51:35
2b498c0f-28a7-42d6-be70-0b9e1e92a2fc,ifh sft,I installed it to play some games as anonymous. But when I am about to win other players don't move. I have to wait for the game to end or resign. There is nothing to do from my side. Is it fun!!! uninstalled it. bye,1,1,,,2025-10-25 10:02:43,,,Lichess,Google Play,en,us,2026-04-17 17:51:35
3789d856-cbcc-42e5-bd2d-6888f716ed3e,Nauras Ns.,Perfect,5,0,0.17.12,0.17.12,2025-10-24 22:18:01,,,Lichess,Google Play,en,us,2026-04-17 17:51:35
a74ed64a-07c2-4e09-b84d-ca853733d729,Samuel Joshua,👍👍,5,0,,,2025-10-24 18:26:10,,,Lichess,Google Play,en,us,2026-04-17 17:51:35
caeb4822-0c5d-4dc6-b2e6-26f0b6c4d7f1,Muhammed safvan Vp,"The new Lichess app is not as good as the old version. It lacks many useful features such as offline play, clock, analysis board, and board editor. The old Lichess was much better and more user-friendly. Please bring back all the classic features — the simplicity and functionality of the old app made it perfect. We really miss that experience!",1,4,,,2025-10-24 16:01:05,,,Lichess,Google Play,en,us,2026-04-17 17:51:35
bf91f4d3-10f8-427f-88b1-5f9b8574910b,Nicholas Harris,"So far, absolutely nothing to complain about. Zero ads, functions just fine. It takes while to let me know my opponents have made a move",5,2,0.17.12,0.17.12,2025-10-24 05:09:20,,,Lichess,Google Play,en,us,2026-04-17 17:51:35
97615d83-c180-4585-82c4-aa202e6990bc,Huu D. Nguyen,Lacking so many important features compared to the website. Like wth man why would it exist?,1,3,0.17.12,0.17.12,2025-10-24 03:23:58,,,Lichess,Google Play,en,us,2026-04-17 17:51:35
2af88bcc-171e-4c75-9ca4-c8458c3ed16c,Key9888,i don't understand why i can't play offline anymore. its like removing features just to add them later,1,3,,,2025-10-23 18:23:27,,,Lichess,Google Play,en,us,2026-04-17 17:51:35
8e179e9a-a485-4972-b2f2-f273c3192a26,Rosse Merlyn,it is nice fun and challenging keep up the good work,5,0,,,2025-10-23 16:00:54,,,Lichess,Google Play,en,us,2026-04-17 17:51:35
2e93d2b9-69a0-4ed9-b3ec-80ed0cc41825,Shafiq,"the Brilliant App And the main advantages is that it,s free and you can learn a lot",5,1,0.17.12,0.17.12,2025-10-23 08:25:27,,,Lichess,Google Play,en,us,2026-04-17 17:51:35
bec6ffc1-3e6e-47d3-ae04-740763ac2b55,Gajanan Ayya,third class application. I want to give zero stars to this application.,1,1,0.17.8,0.17.8,2025-10-22 09:13:59,,,Lichess,Google Play,en,us,2026-04-17 17:51:35
3bb4569f-d816-40c5-a770-69e3f7c6ed50,Sujay Guin,worst,1,0,0.17.12,0.17.12,2025-10-22 07:50:43,,,Lichess,Google Play,en,us,2026-04-17 17:51:35
6b77cabe-ce0e-4c8e-ad1d-054c273c120d,Tadiwanashe Ronnie Tivatyi,is anyone else having a login issue? I cant log into my account for the past month,2,1,,,2025-10-22 07:47:32,,,Lichess,Google Play,en,us,2026-04-17 17:51:35
44b3cf51-470a-4857-988f-a5f0e6675a92,Syafrul Niyaz,MINDBLOWING🤯,5,0,0.17.8,0.17.8,2025-10-21 13:13:41,,,Lichess,Google Play,en,us,2026-04-17 17:51:35
bbd8a1df-ef72-4b1a-9e24-768d7ea483f2,Alex Aka Lx,very good and highly underrated in my experience. really like it,5,0,0.17.12,0.17.12,2025-10-21 08:47:03,,,Lichess,Google Play,en,us,2026-04-17 17:51:35
9c77d727-7882-4066-ae31-bb0c7531be18,MD Sanuar Hosen Raju,Very excellent,5,0,,,2025-10-20 19:45:28,,,Lichess,Google Play,en,us,2026-04-17 17:51:35
11c7a30b-fd56-4262-bc01-fa51214f17b9,arindam guin,Great App ♥️,5,0,,,2025-10-20 18:26:38,,,Lichess,Google Play,en,us,2026-04-17 17:51:35
aa074521-4790-40d4-b302-948dadd32a46,sanish M,"Although it's a great app but one major issue I'm facing is that the ping remains high always, even though my connection is very fast and have low latency please fix this asap",3,1,0.17.12,0.17.12,2025-10-20 16:12:16,,,Lichess,Google Play,en,us,2026-04-17 17:51:35
b989448b-ce6d-4129-93d5-193aea03a261,Mekabe Mpi,good,5,0,0.17.12,0.17.12,2025-10-20 16:04:19,,,Lichess,Google Play,en,us,2026-04-17 17:51:35
b894c81c-1c71-49a5-bee2-214be0c271dc,Alexandr Petrov,New app is terrible 😞 it's disaster. why do you remove the possibility to play offline? where's all the chess variants?,1,2,0.17.12,0.17.12,2025-10-20 15:30:49,,,Lichess,Google Play,en,us,2026-04-17 17:51:35
c396a19e-a910-4ace-8f28-eff74da33d44,Onsarigo Alex,good,5,0,0.17.12,0.17.12,2025-10-20 09:56:24,,,Lichess,Google Play,en,us,2026-04-17 17:51:35
a3ab8a02-05a1-4687-a411-42b63ba2db7d,Dev Nambiar,great no payment,5,0,0.17.8,0.17.8,2025-10-19 21:23:42,,,Lichess,Google Play,en,us,2026-04-17 17:51:35
993eee68-8e34-415a-a16c-5ff908385886,TANISH PAL,This is the wrong app.,1,0,0.17.8,0.17.8,2025-10-19 12:47:51,,,Lichess,Google Play,en,us,2026-04-17 17:51:35
6be29e6f-45ab-4ad4-97be-cdb421e85aa7,prasad lucky,worest ui,1,0,0.17.8,0.17.8,2025-10-19 05:59:07,,,Lichess,Google Play,en,us,2026-04-17 17:51:35
19965ccb-2c5d-485e-b07f-7dbab3c28afd,Vishnu Ram,no option to play offline...which reduces your opportunity to improve...useless...uninstalled the app...wont suggest to any budding chess players,1,1,,,2025-10-19 05:42:36,,,Lichess,Google Play,en,us,2026-04-17 17:51:35
84eb91c2-4027-43ed-aed2-37272ce9d491,Aquilesvaesta,new app sucks,1,0,0.17.8,0.17.8,2025-10-18 22:56:25,,,Lichess,Google Play,en,us,2026-04-17 17:51:35
804aaad6-5897-44ad-b4d0-a0863bde278e,K 1,Could not register. Refused all my email addresses,1,1,0.17.8,0.17.8,2025-10-18 21:29:52,,,Lichess,Google Play,en,us,2026-04-17 17:51:35
7d4d0fcb-fe09-40f2-a329-47011c7da533,Bolayo Adewumi,one of the best chess app,5,0,,,2025-10-18 10:10:51,,,Lichess,Google Play,en,us,2026-04-17 17:51:35
0fb51d6e-462b-445e-9d97-d2409fd39135,DMC SHAH,soo bugs very poor experience invalid moves,1,0,0.17.8,0.17.8,2025-10-18 02:45:44,,,Lichess,Google Play,en,us,2026-04-17 17:51:35
38123645-4ba5-48b2-98fe-06529dd524f5,S K,"please bring back the offline mode, my friend has the older version which is better, playing against the engine without the need of internet connection.",2,3,0.17.8,0.17.8,2025-10-17 20:40:36,,,Lichess,Google Play,en,us,2026-04-17 17:51:35
0d6878f0-7056-4267-96f5-c3259e91cffe,Wolxlow,"Читер на читере. Рейтинг отсутствует напрочь и подбора игроков по уровню нет. Пожаловаться в службу поддержки невозмозно, банить читеров невозможно, ничего нельзя. Не прога а мусор.",1,0,0.17.8,0.17.8,2025-10-17 09:12:47,,,Lichess,Google Play,en,us,2026-04-17 17:51:35
fb69d329-5388-43fa-9d1c-e21d0f5348f2,Charbel Saliba,it didn't take me a second to move the piece and then I got more than 15 seconds on the clock down very laggy app to play chess not recommended to play also full of cheater and bot player that could be win,1,4,0.16.7,0.16.7,2025-10-17 05:44:09,,,Lichess,Google Play,en,us,2026-04-17 17:51:35
21e298c7-3928-4d88-b024-81be47b139d4,The Minimalist Poet,Great app!,5,0,,,2025-10-17 03:21:37,,,Lichess,Google Play,en,us,2026-04-17 17:51:35
848df463-dc1d-495e-9452-840fc963d311,Aarnav Sarangi,bedt,5,0,,,2025-10-17 01:50:09,,,Lichess,Google Play,en,us,2026-04-17 17:51:35
e01528b4-db67-44d2-94c3-6b7863f90cd0,Luis G Velásquez,App keeps logging me out after I close it. It's annoying to login every time I open the app,3,2,0.17.8,0.17.8,2025-10-16 21:16:31,,,Lichess,Google Play,en,us,2026-04-17 17:51:35
817fa211-faf3-49d1-aa22-32de01a51865,Nangre Sangma,best chess app ever,5,0,,,2025-10-16 17:55:32,,,Lichess,Google Play,en,us,2026-04-17 17:51:35
a051b513-cbe5-4a84-98d2-0157f0bc7854,Ali Aref,Trash app! we did 20+ repetitive moves it doesn't draw the game and we both did this for 7+ min so that some one timeout. draw request was also not accpted.,1,2,0.17.8,0.17.8,2025-10-16 16:57:10,,,Lichess,Google Play,en,us,2026-04-17 17:51:35
e0e4c84d-1d2d-4a8e-8976-2c90904c0efe,Fareedah Ayeni,best app for chess players😘😘😘😘😘🥰🥰🥰🥰,4,1,0.17.3,0.17.3,2025-10-15 23:20:46,,,Lichess,Google Play,en,us,2026-04-17 17:51:35
10282629-50dc-412c-aae9-2ae9c995b9cf,Kabir Marwaha,Does not feel like an improvement over the old app at this point,2,3,0.17.8,0.17.8,2025-10-15 17:24:17,,,Lichess,Google Play,en,us,2026-04-17 17:51:35
a1b9818a-338f-4947-a76d-eb1663603f0b,Dark Clouds,"Lichess is amazing! I just wish they’d add new sounds, more board color options, and bring back the offline mode. but When we comes to practice and analysis, it’s absolutely great thanks lichess🤍♟️",5,1,0.17.8,0.17.8,2025-10-15 08:18:37,,,Lichess,Google Play,en,us,2026-04-17 17:51:35
6f513dff-ab14-40d2-a993-87a3303c32c8,John Galt,I miss the old style app better,1,3,0.17.8,0.17.8,2025-10-15 05:54:39,,,Lichess,Google Play,en,us,2026-04-17 17:51:35
bbd4695d-b3f0-493e-aa16-23a4adc10e0c,frankie dunlop,"The upgrade on the app is appalling. Truly bad, you can't view your stats or create a profile picture. Nothing. It's. zero from me. very poor",1,3,0.17.8,0.17.8,2025-10-15 00:56:13,,,Lichess,Google Play,en,us,2026-04-17 17:51:35
ba74df04-8ee9-4350-b569-adeaad78c8f4,Ghg,the best,5,1,0.17.8,0.17.8,2025-10-14 23:18:51,,,Lichess,Google Play,en,us,2026-04-17 17:51:35
d81b23eb-e44b-406a-8eba-ae11f1445002,Ola W,So people can rage quit a rapid game mid-match because they are too salty to resign in a losing position resulting in me having to sit there and wait for multiple minutes for the game to be over but I get disconnected for 20 seconds as I'm being paired in a tournament and I lose elo and tournament points even though I haven't made a single move? Good job punishing people who happen to experience connection issues every once in a while and not doing anything to people purposely leaving games 🤡,1,8,0.17.8,0.17.8,2025-10-14 20:42:56,,,Lichess,Google Play,en,us,2026-04-17 17:51:35
3c02e5b9-172b-49eb-bfc0-e368c3b253aa,Harshitha,this app is more useful for begginers,5,1,0.17.8,0.17.8,2025-10-14 16:23:08,,,Lichess,Google Play,en,us,2026-04-17 17:51:35
96887906-5637-4fb8-87dd-d5b467250989,Pouria Khatami,The analysis section is very slow and sometimes hangs.,3,1,0.17.8,0.17.8,2025-10-14 16:09:21,,,Lichess,Google Play,en,us,2026-04-17 17:51:35
17bd37f9-989c-4122-b21e-2e2dba63c539,Glitch Over,is that an update or downgrade? - the ui is taking more clicks to start a match. - i cant change the pieces shapes. + they changed automatically. theres no synced data from web to app in that part - the update makes the app more complicated than before,1,5,0.17.8,0.17.8,2025-10-13 22:25:15,,,Lichess,Google Play,en,us,2026-04-17 17:51:35
0cb7d098-ef70-49e1-b137-c8bb2f88c750,Fernando,Theres a scrollbar stuck on the left side of the page always draws on top of everything and during gameplay it hinders moves on lower left corner of board.,3,1,0.17.8,0.17.8,2025-10-12 17:04:18,,,Lichess,Google Play,en,us,2026-04-17 17:51:35
448943d8-df5c-4819-b44d-0ef75e055ca0,Richmond Anumudu,I used to love this app but after an update I got logged out of the app and I have been trying to log in back but the website keeps freezing But I can login and play from the website but when I try the app the site just freezes,1,3,0.17.8,0.17.8,2025-10-12 06:57:25,,,Lichess,Google Play,en,us,2026-04-17 17:51:35
4b4bc4f6-1211-40ff-9b28-df916d72f1d5,Noel Selastin,"The option of playing against is completely removed, and I'm highly disappointed. It's one of the features I enjoyed the most. I love playing against computers.",1,0,,,2025-10-12 06:02:36,,,Lichess,Google Play,en,us,2026-04-17 17:51:35
78075bc8-35c2-4986-ac26-eaa0171332d1,J K Singh,best chess game for beginners and gm and m .🙂🙂🙂🙂🙂🙂🤩🤩🤩🤩🤩 you will learn . opening . rule . puzzle,5,0,0.17.8,0.17.8,2025-10-11 18:44:25,,,Lichess,Google Play,en,us,2026-04-17 17:51:35
8a8ff55b-2001-44dc-921b-11b280860f33,Saraswathi D,"very nice chess app, I love playing in this app",5,0,0.17.8,0.17.8,2025-10-11 09:24:38,,,Lichess,Google Play,en,us,2026-04-17 17:51:35
39ad29f7-4c90-47b4-9bf5-51ba3a9b0985,Jose Luis Da Silva,absolute dogcrap of an app please god let the UI UX designers never have a job for the rest of their lives,1,0,0.17.8,0.17.8,2025-10-11 02:42:30,,,Lichess,Google Play,en,us,2026-04-17 17:51:35
7e4c7431-ba6a-404e-9dfa-df076f14d744,Ahmad Karimi,best chess training and learning free app.,5,0,0.17.8,0.17.8,2025-10-10 21:45:07,,,Lichess,Google Play,en,us,2026-04-17 17:51:35
e87076b8-b96f-45e1-8853-6fb979f30d00,Luce,"love the website, but i can't sign in to this app with my lichess account",3,0,0.17.8,0.17.8,2025-10-10 17:05:08,,,Lichess,Google Play,en,us,2026-04-17 17:51:35
6caa8c69-038e-4d2a-9584-c5318a242f16,Nobel De Leon,This app looks nice than the old one. My problem is when watching live games it sleeps the screen follows my mobile setting. I can't see options how I can fix this it's very annoying that every time this is the routine,3,0,0.17.8,0.17.8,2025-10-10 12:46:14,,,Lichess,Google Play,en,us,2026-04-17 17:51:35
22cda5ab-f5b6-4222-bac8-567fca7ab2d4,billy sunaryo,good,5,0,0.17.8,0.17.8,2025-10-10 04:16:28,,,Lichess,Google Play,en,us,2026-04-17 17:51:35
09498bc8-7476-4495-abcc-b2d79aa8e769,Emeryk TV,awful UI,1,0,0.17.8,0.17.8,2025-10-09 21:51:19,,,Lichess,Google Play,en,us,2026-04-17 17:51:35
5718035b-7b79-4906-83aa-6aabfbd7616f,ELLORA CHAKRABORTY,the best chess privacy,5,0,,,2025-10-09 17:12:31,,,Lichess,Google Play,en,us,2026-04-17 17:51:35
0eabf9fb-5f54-4c41-b96d-c4a74c8d809c,Rishabh Sharma,"there is no option to ""learn from mistakes"" like earlier before update it has become bad with update ui and the options after games look terrible",3,0,,,2025-10-08 23:32:58,,,Lichess,Google Play,en,us,2026-04-17 17:51:35
04a119d6-9eb7-4238-a2c4-3285bb05634b,Piotrek Duda,Why is there no option to play offline anymore???,1,1,0.17.8,0.17.8,2025-10-08 21:29:11,,,Lichess,Google Play,en,us,2026-04-17 17:51:35
af42538b-a0f9-4013-a9ff-45d50cb0e03e,Ranz kyle Cotoner,I haven't played this game and it sucks,1,0,,,2025-10-08 10:57:21,,,Lichess,Google Play,en,us,2026-04-17 17:51:35
1bcee218-fda2-48c1-8ffc-d836ddadcfac,Nick Nordstrom,"new update unappealing, cumbersome, unintuitive, and unesthetic. boys if it ain't broke don't fix it. this ain't Microsoft. if something works leave it alone. let me know when you revert back and I'll download the old version. otherwise I'm out for good",1,2,,,2025-10-07 19:18:34,,,Lichess,Google Play,en,us,2026-04-17 17:51:35
cbe24763-c6de-4b01-819c-a1aa3f5b42d4,James Kean Antifuesto,adjust the plus rating and decrease when you lose,3,0,0.17.8,0.17.8,2025-10-07 14:06:28,,,Lichess,Google Play,en,us,2026-04-17 17:51:35
03975c55-7066-4dfc-96d3-5e73c913552e,Jarryd Beck,Perfect. It lets you play chess and analyze with no bloat. Fast and responsive.,5,0,0.17.8,0.17.8,2025-10-07 09:58:17,,,Lichess,Google Play,en,us,2026-04-17 17:51:35
abaf97bf-c35a-4418-804b-3bf8d8a2c709,Debojit Mozumder,"Very nice app but I recently can't sign in to my account after the recent update. After clicking authorize on the website, the app opens again with the sign in option. 😥",2,2,0.17.8,0.17.8,2025-10-06 16:06:50,,,Lichess,Google Play,en,us,2026-04-17 17:51:35
7151ab9b-a17e-45c9-8531-272fe4e771b0,Ani,this app wasn't work I was open puzzle section and chosen theme mate in 1 and more but he is loading and show me connect to internet but my internet connection was good he is glitches why? not expecting lichess organisation and again and again,1,0,,,2025-10-06 11:20:07,,,Lichess,Google Play,en,us,2026-04-17 17:51:35
e75b643f-6952-457c-a50e-b9129e2c14e4,Deepak Pathak,best chess app,5,0,,,2025-10-06 05:22:09,,,Lichess,Google Play,en,us,2026-04-17 17:51:35
22857ddd-5400-4b8e-bcea-a75a8269e86d,Liv,won't let me log in,4,0,0.17.8,0.17.8,2025-10-05 22:03:03,,,Lichess,Google Play,en,us,2026-04-17 17:51:35
bc64f9d2-43cd-4264-978d-ea296a7da472,Peter Sergas,Excellent app. Open to everyone.,5,0,0.17.8,0.17.8,2025-10-05 20:32:00,,,Lichess,Google Play,en,us,2026-04-17 17:51:35
c9e9ac22-8e03-4e1b-9604-9755ed830c15,Dickson,I can't rotate the screen and some parts of my phone doesn't work,1,0,0.17.8,0.17.8,2025-10-05 15:03:20,,,Lichess,Google Play,en,us,2026-04-17 17:51:35
eb2c7b0a-9434-40bb-afad-5fa0eca16e05,Christian James Villanueva,cant play with bot unlike before,1,0,,,2025-10-05 14:01:18,,,Lichess,Google Play,en,us,2026-04-17 17:51:35
97949a08-30f9-4d67-a437-b4ebe79ac4c8,Kanakamma Peethambaran Achari,helps to learn chess faster,5,0,0.17.8,0.17.8,2025-10-05 05:00:19,,,Lichess,Google Play,en,us,2026-04-17 17:51:35
a7ba34aa-0226-4fae-aa44-681689787988,Jeevan Yadav,without any cheat u block my id,1,1,,,2025-10-05 04:09:10,,,Lichess,Google Play,en,us,2026-04-17 17:51:35
585c24fb-bc25-4457-be6c-11e8182b62e8,輝く月影歩き,Add studies and other missing features.,5,1,0.17.8,0.17.8,2025-10-05 00:05:27,,,Lichess,Google Play,en,us,2026-04-17 17:51:35
6ce161d5-bb01-4c8e-a551-12a9ec338506,Vijay Pandey,bad,1,0,,,2025-10-04 20:16:40,,,Lichess,Google Play,en,us,2026-04-17 17:51:35
2b516d31-7d4e-4c9a-92d0-e10f83e5368e,vdn,Can't see when the opponent disconnects after update,1,1,0.17.8,0.17.8,2025-10-04 13:23:39,,,Lichess,Google Play,en,us,2026-04-17 17:51:35
f659bc4e-d82d-42c2-b4f8-e30ca8160c5f,Virmantas Rapalis,good app.,5,0,0.15.11,0.15.11,2025-10-04 08:10:01,,,Lichess,Google Play,en,us,2026-04-17 17:51:35
0bee8cc7-88b6-40a4-8ad0-3d04075bbdff,Jenat Biju,Very good platform for learning chess 👏,5,0,0.17.8,0.17.8,2025-10-03 15:53:53,,,Lichess,Google Play,en,us,2026-04-17 17:51:35
c908efe9-5b95-4811-9bf3-056dd7a26a0a,cicilia rosaria,This game dumb too many bugs,1,1,,,2025-10-03 13:40:03,,,Lichess,Google Play,en,us,2026-04-17 17:51:35
ce407d20-b141-4f71-b4ab-7bbfdd1db1ae,abhishek kumar,lots of bugs in this new update.,1,0,,,2025-10-02 20:08:45,,,Lichess,Google Play,en,us,2026-04-17 17:51:35
a4dfaf0f-a75f-40cf-ab5d-4fefb9da2866,Prashant Soni,"Can't play with stockfish anymore. Finding, adding and battling friends is tough. UI feels unorganised. I miss the old Lichess a lot.",3,3,0.17.8,0.17.8,2025-10-02 19:37:21,,,Lichess,Google Play,en,us,2026-04-17 17:51:35
932e6416-c505-46c0-b415-e3d4f99ac048,Krishna Adhikari,best chess app of all time,5,1,0.17.8,0.17.8,2025-10-02 08:21:35,,,Lichess,Google Play,en,us,2026-04-17 17:51:35
65a111e5-d6ad-49d3-a017-35abd06eb2ca,Ali Jahanpanah,copy of original lichess!,1,0,,,2025-10-02 07:30:57,,,Lichess,Google Play,en,us,2026-04-17 17:51:35
f8f08caa-c87f-48be-a66a-0b3ce4197321,Suranga Rathnayake,you have been very happy,5,1,0.17.8,0.17.8,2025-10-02 02:52:34,,,Lichess,Google Play,en,us,2026-04-17 17:51:35
fa0b623d-bf35-46f1-bfb1-707c3a922504,Parviz Imani,"When are you going to add blindfold mode? we can't do nothing with the application on the website as well we can't play easily with that mode because the focus jumps all the time frequently. I mean the focus isn't being kept steady, and takes us to other sections of the game I don't know what to do with this. What's the solution?",4,0,0.17.8,0.17.8,2025-10-01 23:43:28,,,Lichess,Google Play,en,us,2026-04-17 17:51:35
5b62f581-8286-4ee6-b5a1-2b2b397aacc9,Shane's Games,app is good but when I filter puzzles by opening I can't choose if I only want white or black which is annoying,4,0,0.17.8,0.17.8,2025-10-01 18:15:28,,,Lichess,Google Play,en,us,2026-04-17 17:51:35
bc5cf386-5186-4b40-b183-eb27c48152f9,Malvin Ndlovu,its difficult to remain on the tornamanent when you can a link from social platform,1,0,0.17.8,0.17.8,2025-10-01 18:14:39,,,Lichess,Google Play,en,us,2026-04-17 17:51:35
30276588-0a25-47a9-832b-cc3cd7d88b56,dhinakaran vasagam,please add the offline mode in new app. make puzzles offline,3,0,,,2025-10-01 08:08:51,,,Lichess,Google Play,en,us,2026-04-17 17:51:35
76df8b83-9224-4b54-a127-ff5230ab2769,Dmitry Dubov,no play with the computer option,2,0,0.17.8,0.17.8,2025-10-01 02:16:42,,,Lichess,Google Play,en,us,2026-04-17 17:51:35
28396a07-e7ca-4975-8a2e-a0bce97156e6,Simone Lungarella,It's by far the best chess application.,5,1,0.17.8,0.17.8,2025-09-30 21:28:17,,,Lichess,Google Play,en,us,2026-04-17 17:51:35
02129ec3-cd60-4759-8220-e8b90274bdd5,Elliot,engine analysis often stops working on this app,2,0,0.17.8,0.17.8,2025-09-30 17:28:42,,,Lichess,Google Play,en,us,2026-04-17 17:51:35
3db8421e-131e-47b1-ba8a-1e6d8acc0178,Sparsha Das,Very good app and provides premium meterial for free,5,1,0.17.8,0.17.8,2025-09-30 07:24:21,,,Lichess,Google Play,en,us,2026-04-17 17:51:35
f95284ca-e575-48d4-863e-98c536f16265,Kurtis SK,Games don't start properly.,1,0,0.17.8,0.17.8,2025-09-29 15:11:55,,,Lichess,Google Play,en,us,2026-04-17 17:51:35
6ad85d3b-f863-4410-91d1-c6227c9b3c86,Ali Hasan,Puzzles are very good .But players activity is not good.But I love this app So more,5,1,,,2025-09-29 04:38:35,,,Lichess,Google Play,en,us,2026-04-17 17:51:35
18e4d9af-bf8b-4280-81ac-9369e3b11bbd,Joseph Hlucny,"bring back the old UI, what is this garbage!?",1,0,0.17.8,0.17.8,2025-09-29 03:11:42,,,Lichess,Google Play,en,us,2026-04-17 17:51:35
e800db71-6f3b-4874-b265-1b7c017b94fe,Deepthi Damruwan,best app in my phone.,5,1,0.17.8,0.17.8,2025-09-28 21:10:21,,,Lichess,Google Play,en,us,2026-04-17 17:51:35
61fba1d1-1d94-4388-b0d8-f38ea13f77c1,کیان خسروی,very very good 👍,5,0,,,2025-09-28 15:48:58,,,Lichess,Google Play,en,us,2026-04-17 17:51:35
05a63808-2d87-4551-8092-0e113c7fb6fa,Harish Khan,this app atleast lets you evaluate your games 📵⬆️↗️➡️↘️⬇️⤵️,5,1,,,2025-09-28 08:32:44,,,Lichess,Google Play,en,us,2026-04-17 17:51:35
0712b588-134c-4533-b577-b8119fbd4fd4,Pratham,"For some strange reason, the entire app crashes every time I try to analyse my game post mortem. No matter how I try, the analysis board stays on screen for no more than a couple of seconds before I am booted to my home screen. Since analysis is such an important feature for Chess players, I hope some effort can be put in to solve this issue.",4,3,0.17.8,0.17.8,2025-09-28 06:31:57,,,Lichess,Google Play,en,us,2026-04-17 17:51:35
edd9daca-03c8-47b7-9c3d-ae94039ab730,Rohit Yadav,What a UI renovation!!! It's Superb,5,1,0.17.8,0.17.8,2025-09-27 22:09:38,,,Lichess,Google Play,en,us,2026-04-17 17:51:35
6bcbbad2-3715-4c95-9329-8d966d9bc712,Yassin Elawadi,chess is the most interesting game ever,5,0,0.17.8,0.17.8,2025-09-27 14:47:07,,,Lichess,Google Play,en,us,2026-04-17 17:51:35
574098b7-6ce2-4271-81b4-26f550bc327a,Minh Đỗ (M1dz),like zhis app,5,0,0.17.8,0.17.8,2025-09-27 08:35:24,,,Lichess,Google Play,en,us,2026-04-17 17:51:35
a4a2d3c9-2bd3-4ad6-a05f-ad801290a99a,DUSHYANT RAJASEGAR,really good,5,0,,,2025-09-26 17:42:51,,,Lichess,Google Play,en,us,2026-04-17 17:51:35
e78bee07-63a2-47a5-971c-3b70cad45107,Brad Schierer,"updated app with features removed is the first step to monetization. it's okay though bc their computer mode AI is a watered down, swingy version of Stockfish.",2,0,,,2025-09-26 15:16:13,,,Lichess,Google Play,en,us,2026-04-17 17:51:35
6041e95d-a95f-4fe0-a204-79fe2f783ba7,Giannis Antetokounmpo,"Lagging issues is annoying. Yeah, lichess is free but I've seen more the reconnecting text than what i can play. it's just the sad reality. yes, there's a ton of good things compared to chesscom but network issues is too much to handle. ofc, it will not be addressed because who i am to be heard by a big company.",1,29,0.17.8,0.17.8,2025-09-26 10:47:17,,,Lichess,Google Play,en,us,2026-04-17 17:51:35
dbb6dffe-b52f-47c2-900c-958ae195b3b0,sreeker siva,"the app is constantly logging me out. every time after i close the app, it asks me to login again. i love lichess but it's very annoying i have to login again and again",1,3,0.17.8,0.17.8,2025-09-26 09:39:18,,,Lichess,Google Play,en,us,2026-04-17 17:51:35
78b4effb-f426-4870-a2ea-b0e044a3780f,Kanchha Sah,"You will definitely love this app. Here, you can improve your chess skill with various chess puzzles: opening, attack, end puzzles, etc.",5,1,0.17.8,0.17.8,2025-09-26 07:01:19,,,Lichess,Google Play,en,us,2026-04-17 17:51:35
77f8ad20-6294-4738-9c32-32b44ed122b0,Aline Cabral,"Time outs all the time. I refused to play with someone 600 points lower than my rating and I was punished with 5 hours time out. MY OPPONENT was losing and left the time ran out and I was punished with 2 hours time out. Anyway, I uninstalled the game and downloaded another one.",1,0,,,2025-09-26 00:39:31,,,Lichess,Google Play,en,us,2026-04-17 17:51:35
7f7c5634-d411-47f2-885d-238692f05ba3,Marty,cannot use board editor to set up a game against the computer.,3,0,0.17.8,0.17.8,2025-09-25 23:39:20,,,Lichess,Google Play,en,us,2026-04-17 17:51:35
ece80273-b896-4405-8d76-3eb5d1806f02,F M,what did you do?? app is messed up. old version worked. this one it is nonresponsive and requires new sig. in each session.,1,1,0.17.8,0.17.8,2025-09-25 23:16:34,,,Lichess,Google Play,en,us,2026-04-17 17:51:35
997455b7-0580-4ca1-96b3-d2b3e7098344,Rahuul Borse,I am uninstall this app because pings very high on Indian network and broadbands... work on it.. my internet is fast and latency is best.,2,1,0.17.8,0.17.8,2025-09-25 21:56:10,,,Lichess,Google Play,en,us,2026-04-17 17:51:35
289bbd5c-ccc4-4e94-9d33-0fae9280fd60,Younos,Can't play anti chess on app,1,0,0.17.8,0.17.8,2025-09-25 18:35:01,,,Lichess,Google Play,en,us,2026-04-17 17:51:35
8d8469f5-6602-4bdb-90f0-e5988f2ed00c,Nitin Agarwal,"Updated. Now, every time I open the app I have to login. The app was so good before this update & equally horrible now.",1,2,0.17.8,0.17.8,2025-09-25 16:00:38,,,Lichess,Google Play,en,us,2026-04-17 17:51:35
0492d221-9323-4f4c-9b0d-decf9f821dcf,gareth towne,"why can I only do standard and 960? On the old version I used to do racing kings, Koth.",2,0,0.17.8,0.17.8,2025-09-24 20:24:58,,,Lichess,Google Play,en,us,2026-04-17 17:51:35
8e65cdd3-8397-4aad-a356-54fbb71a0301,Kay Kay,"really wish if u could add lc0 as 2nd chess engine board analyzer because even tho its slightly weaker, it uses mcts making it more open minded to explore bad moves even over time so pls update the game rn its easy to implement lc0 if its for stockfish",4,0,0.17.8,0.17.8,2025-09-24 17:13:32,,,Lichess,Google Play,en,us,2026-04-17 17:51:35
68062cde-99b3-4932-9b56-71cbe62e1639,chiru siddu,unable to use the app with mobile data.. it only works with Wi-Fi.. can anyone let me know if it's the same for all..,1,5,0.17.8,0.17.8,2025-09-24 15:07:44,,,Lichess,Google Play,en,us,2026-04-17 17:51:35
3255b3a1-77b5-45a0-aa2d-0a5d111133e1,Sandeep Ganeriwal,good,5,0,0.17.8,0.17.8,2025-09-24 12:27:15,,,Lichess,Google Play,en,us,2026-04-17 17:51:35
7ccc93d5-563d-443c-b312-db3b739127c9,Lovelesh Lodhi,"Lichess is an amazing platform. Everything is completely free puzzles, analysis, and practice tools. it’s perfect for everyone from beginners to advanced players. I like it pls lichess don't get premium.thank you.",5,0,0.17.8,0.17.8,2025-09-24 12:09:32,,,Lichess,Google Play,en,us,2026-04-17 17:51:35
8723739b-7a64-4348-ad01-1c9595e34b7e,Mathew Folasade,best online chess app,5,0,,,2025-09-23 12:15:39,,,Lichess,Google Play,en,us,2026-04-17 17:51:35
e02fc060-7ee4-4f74-a976-aa3443dedc0a,Marco Vargas,the new update is a trash 🗑️,1,0,0.17.8,0.17.8,2025-09-23 00:16:32,,,Lichess,Google Play,en,us,2026-04-17 17:51:35
0378621c-7581-4cbc-898a-aa8893d74667,Haitham Samy,BRILLIANT app keep going 💪💪💪❤️❤️❤️,5,0,0.17.8,0.17.8,2025-09-22 16:04:24,,,Lichess,Google Play,en,us,2026-04-17 17:51:35
4aa46d52-eb7d-47a6-99f2-de2fbad252fa,Canes Venatici,Bruh... offline functionality is basically almost non-existence now.,2,0,0.17.8,0.17.8,2025-09-22 15:12:07,,,Lichess,Google Play,en,us,2026-04-17 17:51:35
34577bad-e8f3-4f43-b63a-5f2d20bef383,Ryan Jay P. Pebenito,very good 👍,5,0,0.17.8,0.17.8,2025-09-22 12:58:48,,,Lichess,Google Play,en,us,2026-04-17 17:51:35
5559950a-3581-40d3-9ed5-2ed69e6d2cff,Cody,"it is a chess game, with people. This is profound. thanks",5,0,0.17.8,0.17.8,2025-09-22 03:57:15,,,Lichess,Google Play,en,us,2026-04-17 17:51:35
bdf5e936-7406-4380-9478-6a6dd7ea9f73,Arnab Dasgupta,bug with this app... Even though the opponent didn't play the game and took it to zero timer and I have much time still the game cut my score and added him score,1,1,0.17.8,0.17.8,2025-09-21 18:57:00,,,Lichess,Google Play,en,us,2026-04-17 17:51:35
9735d0d6-9737-45f1-83f0-04842b735de8,Jaiden Jansen,"Lichess… a battlefield without cost, where every move reveals weakness and every puzzle sharpens resolve. It offers endless simulations, analysis like a war council, and freedom from distraction. No ads, no limits—only strategy. If one seeks to rise as a commander of the board, this is the arena.",5,13,,,2025-09-21 16:09:00,,,Lichess,Google Play,en,us,2026-04-17 17:51:35
4cc754b7-0ae0-4f4e-8b40-ebedab8a5cd2,ahmad wasil shahrukhi,it's show my ping more then 2000 always while my internet is so fast in another app,1,0,0.17.8,0.17.8,2025-09-21 15:05:03,,,Lichess,Google Play,en,us,2026-04-17 17:51:35
70d9c52e-b65e-4944-8c2c-f00ad7d0db7f,Edvin Halmøy,best chess app,5,0,0.17.8,0.17.8,2025-09-21 12:37:08,,,Lichess,Google Play,en,us,2026-04-17 17:51:35
5d1ec8f2-f563-46ea-97c3-a2c72e41b607,J.R. Julius,"This is the best app I’ve ever used. It offers unlimited puzzles and strong engine analysis, and it’s definitely better than some apps I’ve paid for. If it added a feature to play against AI, it would be even better.",5,1,0.17.8,0.17.8,2025-09-21 02:08:36,,,Lichess,Google Play,en,us,2026-04-17 17:51:35
0a3e4b69-7161-419e-8195-26359f48bb1b,Burrup,"Can not login, please fix 🙏 I also have the other Lichess app installed simultaneously if that helps your diagnosis.",3,0,0.17.8,0.17.8,2025-09-20 21:28:37,,,Lichess,Google Play,en,us,2026-04-17 17:51:35
3864e675-e8c9-4246-bbd4-6681b1b13936,Utkarsh Acharya,L experience....very lagging app... just horrible.. just use for puzzles and training guys. edit 1: still ain't fixed..haha you're no competitor to that site.,1,3,0.17.3,0.17.3,2025-09-20 17:05:30,,,Lichess,Google Play,en,us,2026-04-17 17:51:35
559a2d8f-6233-4ac0-87f2-e084f6128199,Mitali Boruah,lichess have too strong players not good for noob like me all pairing are like grandmaaters,5,0,0.17.3,0.17.3,2025-09-20 15:35:56,,,Lichess,Google Play,en,us,2026-04-17 17:51:35
c88bfa55-6c3a-451a-8eb1-0d238308599a,Павел Авдеев,"If I get a message or a call, or even switch to another app for just a moment, the game resets and I automatically lose.",1,3,0.17.8,0.17.8,2025-09-19 22:37:58,,,Lichess,Google Play,en,us,2026-04-17 17:51:35
5d8654c0-c285-4c02-952d-f83ad97f2ed0,Paul Krabill,"losing points for a stalemate is so stupid, really encourages people to quit early",1,0,0.17.8,0.17.8,2025-09-19 18:51:09,,,Lichess,Google Play,en,us,2026-04-17 17:51:35
41e51e6c-e786-4a3d-aa8b-5ae0c1ff8bfa,Manojkumar Hemrajani,The app is so good but you should add computer analysis feature in app also just like lichess website has I love lichess and it is better than cheater. Com,5,0,,,2025-09-19 18:23:10,,,Lichess,Google Play,en,us,2026-04-17 17:51:35
a462b2d2-8730-4b12-b3f7-37e13e6a255a,Nicolas Smoot,"""Updated"" app no longer allows offline play against the computer. Why would you go to the trouble of removing such a useful feature? In the past I could keep playing even when there is no internet connection. Now when I am offline the app is worthless.",1,313,0.17.8,0.17.8,2025-09-19 12:47:10,,,Lichess,Google Play,en,us,2026-04-17 17:51:35
6f53028c-09fb-4c59-b1d2-ee3f203fcf9b,Chukwuemeka Celestine,"I don't even understand this latest update, it is a complete mess up, please bring back the old app",3,1,0.17.8,0.17.8,2025-09-19 07:40:37,,,Lichess,Google Play,en,us,2026-04-17 17:51:35
ae9587af-c546-4e34-b8e8-476cb70899e5,Death Lord,why i can't make my account.. why it says Lichess is unreachable.. and don't tell me to contact you through email.. you see this review.. now fix it!!,1,0,,,2025-09-18 17:04:28,,,Lichess,Google Play,en,us,2026-04-17 17:51:35
3d3afa10-5333-4b84-ab8c-30850e14efbe,Sanjay Kamar,Powerfull application,5,0,,,2025-09-18 15:25:33,,,Lichess,Google Play,en,us,2026-04-17 17:51:35
916bee0d-2ad7-4b67-8677-3dbdc9e41ded,Jay Michael,"Infested with Bots, AI, engines and cheaters. Especially Anonymous play. Uninstalling. 👎",1,1,0.17.8,0.17.8,2025-09-18 14:55:04,,,Lichess,Google Play,en,us,2026-04-17 17:51:35
0914325c-5fb8-4cba-8dd1-76b18010f3e3,Malcolm,works perfectly!,5,0,,,2025-09-17 22:16:21,,,Lichess,Google Play,en,us,2026-04-17 17:51:35
9942c2ac-44de-4c0b-9e48-1b0cc1837e8a,Hemant Apte,very bad always making me lose and nonsense chess is the worst game in the whole world,1,0,,,2025-09-17 15:40:02,,,Lichess,Google Play,en,us,2026-04-17 17:51:35
c21a2b00-1af0-4ded-af2f-cea11e8bd95f,Girraj Yadav,"The Lichess app is great overall, but it keeps crashing again and again, especially during game analysis. This issue makes it really hard to review my games properly. I am using a Xiaomi Pad 6, so maybe it’s a compatibility problem. Please fix this because the app is otherwise amazing and very useful for players.",2,3,0.17.8,0.17.8,2025-09-17 10:20:57,,,Lichess,Google Play,en,us,2026-04-17 17:51:35
efebbeb1-3a1b-4369-befb-96f3337188f7,AVENGERS CHESS ACADEMY,wonderful feature for professional chess players,5,0,0.17.8,0.17.8,2025-09-16 14:54:00,,,Lichess,Google Play,en,us,2026-04-17 17:51:35
44c5db72-2de4-472b-96b1-c98fbebf3355,Rangga Febryan,weird i couldn't login,1,0,0.17.8,0.17.8,2025-09-16 13:50:31,,,Lichess,Google Play,en,us,2026-04-17 17:51:35
800f1c57-8d82-40b8-a981-d2450d310a6b,Akhil Surya,super online chess app,5,1,,,2025-09-15 20:05:12,,,Lichess,Google Play,en,us,2026-04-17 17:51:35
4c33183f-e0b7-40d5-b9fa-4bedfdc6c0e1,نرگس,I don't like it.,1,0,0.17.8,0.17.8,2025-09-15 12:50:43,,,Lichess,Google Play,en,us,2026-04-17 17:51:35
8b360231-339b-4e13-bdc8-2626d358ecd6,ANURAG KUMAR,worst game server is so poor time waste,1,0,,,2025-09-15 11:27:47,,,Lichess,Google Play,en,us,2026-04-17 17:51:35
e262f596-1801-4952-9212-22031aa6c3d3,Mohammad “ScienceLover”,a lot of bugs,1,0,0.17.8,0.17.8,2025-09-14 22:28:06,,,Lichess,Google Play,en,us,2026-04-17 17:51:35
c4fac6ab-9e83-449f-8475-4cd14a6e7af9,vincent tholakele,Peak greatness. The network is amazing. Nolonger disconecting distroying my rating. This is better.,5,1,0.17.8,0.17.8,2025-09-14 22:04:41,,,Lichess,Google Play,en,us,2026-04-17 17:51:35
cd01a4b0-d896-49e5-80e2-74c8d12badec,Bhavath Krishna,good very good,5,1,0.17.8,0.17.8,2025-09-14 17:03:24,,,Lichess,Google Play,en,us,2026-04-17 17:51:35
acc2fd7e-41d1-403a-bf3c-9bbbc6c70228,Sebastian Thompson,"Same washed up players over and over, zero skill involved when you play against bots. Steer clear",1,0,,,2025-09-14 16:34:04,,,Lichess,Google Play,en,us,2026-04-17 17:51:35
77cf9118-ffbe-41dd-959b-71b5df585acb,Ricardo Carona,"After many years using other apps, I am quite satisfied with lichess. The only 2 features that I miss are ""correspondence"" tournaments (e.g. 3 days per move) and conditional moves. The rest is great 👍",4,0,0.17.8,0.17.8,2025-09-14 10:50:08,,,Lichess,Google Play,en,us,2026-04-17 17:51:35
baad778c-f6dc-4653-81d3-5e8caace197a,G'ulomjon,Amazing,5,0,0.17.8,0.17.8,2025-09-13 19:05:39,,,Lichess,Google Play,en,us,2026-04-17 17:51:35
c221ccc9-a171-4bff-8aee-d1dc47035959,Seema Ghotekar,not abble to signing in this app,1,0,,,2025-09-13 17:47:46,,,Lichess,Google Play,en,us,2026-04-17 17:51:35
940724c9-1dcf-4495-be01-0a01efc8dca2,ajay kumar,extreme lagging issues,1,0,,,2025-09-13 15:36:43,,,Lichess,Google Play,en,us,2026-04-17 17:51:35
adf1173c-8c67-412b-9430-fdc01ee2f28f,David VendeL,"the old UI was perfect, this is self sabotage",3,3,0.17.8,0.17.8,2025-09-13 13:30:24,,,Lichess,Google Play,en,us,2026-04-17 17:51:35
77177ae4-100f-4c06-a4a1-52059f7d6f75,Aamir Khan,just love this app its free effective and usefull,5,1,0.17.8,0.17.8,2025-09-13 09:19:59,,,Lichess,Google Play,en,us,2026-04-17 17:51:35
601d5536-574d-4dbd-9432-86d7182da56d,Shlok Singh,this new app added a lot of needed features,5,1,0.17.8,0.17.8,2025-09-12 23:08:54,,,Lichess,Google Play,en,us,2026-04-17 17:51:35
085b59d8-1a9f-491a-8b72-56f7d5e802a1,Miruš Hofmanová,"The last update is horrible. It's hard to navigate, I can't find the quick games or anything else I used to use. The figures are disgusting and hard to recognize. Made me uninstall the app.",1,1,,,2025-09-12 22:29:14,,,Lichess,Google Play,en,us,2026-04-17 17:51:35
7336d29c-fb1c-4a4b-9170-cdb0f15b9972,Yash Sharma,app is closed forcefully when you initiate engine analysis. please fix this,2,18,0.17.8,0.17.8,2025-09-12 16:26:31,,,Lichess,Google Play,en,us,2026-04-17 17:51:35
fd159f9c-10ba-4589-9a7f-3eb791007dbd,ANA STEP,it's really good 👍,5,0,0.17.3,0.17.3,2025-09-12 00:43:40,,,Lichess,Google Play,en,us,2026-04-17 17:51:35
12406906-f0ad-4dfc-b757-077ad13ae942,J H,Honestly the best chess game on the net. All the others have ads and this doesn't. I am used to the old interface and it has just updated to the new one so let's see how it goes.,5,0,,,2025-09-11 17:44:53,,,Lichess,Google Play,en,us,2026-04-17 17:51:35
a5ff9dfb-9f0b-4d8f-83d2-8b0d6247a1d6,Mustafa Abd El-Nasser,"the new UI is acceptable for me and i understand that lichess mobile needed to have those features that's for the PC Users but the whole last month i couldn't make analysis for my games through mobile and i had to open my laptop to analyze a game, as soon as i open the analysis board the app closes, please fix this.",2,8,0.17.8,0.17.8,2025-09-11 10:50:52,,,Lichess,Google Play,en,us,2026-04-17 17:51:35
6a20ddca-f333-4d5b-8cf0-ff6940afc50f,Hamzcorp,The new update is a downgrade it makes everything difficult and unbearable so pathetic,1,4,0.17.8,0.17.8,2025-09-10 19:48:13,,,Lichess,Google Play,en,us,2026-04-17 17:51:35
6e868d00-5431-4e24-8e3c-fd0af94d0b7e,Subham Baruah,one of the best to play chess for free,5,0,,,2025-09-10 18:42:51,,,Lichess,Google Play,en,us,2026-04-17 17:51:35
dc7b3e4a-bb94-4fa0-8f00-209e1a69b317,Nick Antonov,There are no notifications :( Return them back please,3,0,0.17.8,0.17.8,2025-09-10 18:36:12,,,Lichess,Google Play,en,us,2026-04-17 17:51:35
5bf95903-fe91-4642-8523-a8b34090d122,Raghava Karna,"terrible with the new update.. i want to switch back to old version, can someone help me with it",1,4,0.17.8,0.17.8,2025-09-10 18:13:14,,,Lichess,Google Play,en,us,2026-04-17 17:51:35
da9e6a39-6012-48e8-9b88-5bf3269150e9,Somto Ugwu,"I uninstalled the app previously to take a break..I come back, reinstall the app to play play game and all the pieces are so confusing.. I just lost a game right now because I couldn't even keep track of the pieces on the board please put an option to switch the ""visuals"" to the way it was before",2,13,0.17.8,0.17.8,2025-09-10 16:07:54,,,Lichess,Google Play,en,us,2026-04-17 17:51:35
7b7808e6-3333-41ab-8157-5bb799896765,Mark Anthony Dela Cruz Galit,Amazing!! 😊,5,0,0.17.8,0.17.8,2025-09-10 06:43:21,,,Lichess,Google Play,en,us,2026-04-17 17:51:35
1d3ddc5c-fdd4-4337-9d1a-24dc51172331,Rohan Mathur,"Hey, this app is really free and helpful for playing and learning chess. I want to suggest pls add good, best and brilliant moves in computer analysis. And pls also add some books which have recent games and trivia of chess. Pls make UI more intresting. pls add ideas of move while analysing games.",5,10,0.17.8,0.17.8,2025-09-10 03:29:24,,,Lichess,Google Play,en,us,2026-04-17 17:51:35
4110d1ba-eb89-4bb0-801c-20fc8143198c,Alex M,Play against computer offline. can you do it? No.,1,1,0.17.8,0.17.8,2025-09-09 22:32:56,,,Lichess,Google Play,en,us,2026-04-17 17:51:35
749d55e6-cb10-4d5c-bbb0-e1aa87652007,Chukwuebuka Okafor,"Ever since the last update, I can't login into my account.",1,0,0.17.8,0.17.8,2025-09-09 19:07:53,,,Lichess,Google Play,en,us,2026-04-17 17:51:35
3fe42911-a57e-44a2-8d3b-1a098e65e5da,Remiel Remojo,"when i try to download the nnue files so i can analyse my games, it kicks me out",2,0,0.17.8,0.17.8,2025-09-09 13:13:23,,,Lichess,Google Play,en,us,2026-04-17 17:51:35
7e16a103-3cc4-400e-9ac1-570d88fa605e,Prashant Tukadiya,where is option to play against computer level 1 ?,4,0,0.17.8,0.17.8,2025-09-09 08:52:55,,,Lichess,Google Play,en,us,2026-04-17 17:51:35
fa20ac33-af96-4146-9476-79f639a957f1,Dean,top chess app imo.,5,0,0.17.8,0.17.8,2025-09-09 00:32:48,,,Lichess,Google Play,en,us,2026-04-17 17:51:35
46fe8a1f-1efa-421e-ac56-b6af7b566136,Nima Razmgir,i CANNOT LOG IN ! send me the email for the love of god,1,0,0.17.8,0.17.8,2025-09-08 16:07:02,,,Lichess,Google Play,en,us,2026-04-17 17:51:35
0ec2bd8d-9e94-4f69-b4a0-e0cf5dd68fe9,Michael Akanho,"I love the fact that I can analyse games of Grandmasters, instead of going to the site, there's also puzzles race. The UX is superb. it seems there is something wrong with the recent update, I can't login into my account. it is showing the authorize option, but when I click it nothing happens",5,114,0.17.8,0.17.8,2025-09-07 20:27:15,,,Lichess,Google Play,en,us,2026-04-17 17:51:35
66932881-3b03-4a70-abfb-7b4b1521893e,Priyanshu Nama,what the hell nowadays it's clock is totally misbehaving multiple ames its lagging i lost cause it show my opponent's turn but eventually runs on on my time ...😪,1,1,0.17.8,0.17.8,2025-09-07 12:36:49,,,Lichess,Google Play,en,us,2026-04-17 17:51:35
ff30774e-2dce-482d-a40d-1bab7a24e385,Manjit Kaur,"I want to inform you that I experienced that my opponent time is not reducing even it's still same and my time is continuously decreased well, I am 27 sec ahead from my opponent and he have 6 sec on clock and he is still taking time for each move but I am just playing my premoves but still I lose on time , it very bad experience as I have well internet connection plz once notice this issue",1,9,0.17.8,0.17.8,2025-09-07 07:17:53,,,Lichess,Google Play,en,us,2026-04-17 17:51:35
d5a6bf3e-19fb-4d2b-b777-3a4f731ec6f5,Renee Richard,New update doesn't let you log in on mobile.,1,0,0.17.8,0.17.8,2025-09-06 23:02:05,,,Lichess,Google Play,en,us,2026-04-17 17:51:35
06f83dbc-7030-41d5-8402-be62204a85d2,Mikhail S,"great update, much better interface, finally can analyze the games on mobile",5,0,0.17.8,0.17.8,2025-09-06 11:07:14,,,Lichess,Google Play,en,us,2026-04-17 17:51:35
28252346-ac15-407f-a5d3-9e70b66b17cf,Xian hoy,nice,5,1,0.17.8,0.17.8,2025-09-06 09:41:45,,,Lichess,Google Play,en,us,2026-04-17 17:51:35
366543fb-f746-4c59-a1c8-472346030ce3,Madison Duxbury,"The chess is great, report system is terrible for leavers",3,0,0.17.8,0.17.8,2025-09-06 08:31:50,,,Lichess,Google Play,en,us,2026-04-17 17:51:35
4357292d-b122-420c-bcb8-0461c3ecfcef,Xxbhai,best chess app,5,1,0.17.3,0.17.3,2025-09-06 07:46:33,,,Lichess,Google Play,en,us,2026-04-17 17:51:35
cd291cc5-3091-4b61-a4bb-f447ce03a835,Arun Prasath,unfortunately we are happy having this game,5,0,,,2025-09-05 11:27:06,,,Lichess,Google Play,en,us,2026-04-17 17:51:35
318ffcd8-385e-4f67-a69b-c33629602925,Asamoah Samuel,great app,5,0,0.17.3,0.17.3,2025-09-04 23:00:55,,,Lichess,Google Play,en,us,2026-04-17 17:51:35
82b5f507-3f35-40fb-b1c0-5601367b777c,James Traynor,"First of I deeply apologise for my last inmature review, unaware at the time i was using a beta version i found awkward to use compared to the old simplified version, The new Lichess App is a pure gift <3 ( Thank You )",5,0,0.15.11,0.15.11,2025-09-04 19:12:34,,,Lichess,Google Play,en,us,2026-04-17 17:51:35
9a841a1f-fd2b-445c-be41-311ff04d360f,Arnold K,Whenever I win the rating doesn’t change. Please fix this issue.,2,0,0.17.8,0.17.8,2025-09-04 16:55:21,,,Lichess,Google Play,en,us,2026-04-17 17:51:35
c5abd13f-8ff2-4fd6-a015-9b6064acffd4,Xavier Semel-DeFeo,"you guys had a great app and then completely changed it for some reason?! Why? Anyway, sometimes it won't start games or starts them and just doesn't tell you. Features you used to have you no longer have.",3,1,0.17.8,0.17.8,2025-09-04 16:36:15,,,Lichess,Google Play,en,us,2026-04-17 17:51:35
6d79e7b6-0022-4d3b-aaf3-8bf04ce20bb7,Vineeth Reddy,The app is great. The only problem is that there is no option to play with the computer in the mobile app. Kindly look into this and fix it.,3,1,0.17.8,0.17.8,2025-09-04 16:14:36,,,Lichess,Google Play,en,us,2026-04-17 17:51:35
ac98a1b4-6a08-4fd6-b65d-f203106596dd,Max Adamson,"It is impossible to play offline, against the computer",1,1,0.17.8,0.17.8,2025-09-03 17:54:56,,,Lichess,Google Play,en,us,2026-04-17 17:51:35
385c4a8c-c10e-4e5e-9e05-30dcd4584c18,Wesley Kessack,Excellent site with a huge range of free features,5,0,,,2025-09-03 08:55:59,,,Lichess,Google Play,en,us,2026-04-17 17:51:35
2e5b74f9-70ff-4a39-b565-dbab34024a9a,Prakhar Sharma,"Dear lichess team, please try to add 'play with friends' feature in the app.",4,0,0.17.8,0.17.8,2025-09-02 14:20:51,,,Lichess,Google Play,en,us,2026-04-17 17:51:35
f101f4cf-fc55-42da-933f-b6be3376ca62,EG way,nice,5,1,,,2025-09-02 06:26:19,,,Lichess,Google Play,en,us,2026-04-17 17:51:35
5449b871-ce0b-4d54-9b7f-2ea3b3f1413e,Áĺoøsh Lebro :3,"very good, and ad free without paying any thing to analyze games. But I think you should add briliant and great moves in analysis style",5,1,,,2025-09-01 13:00:09,,,Lichess,Google Play,en,us,2026-04-17 17:51:35
c42c7e60-97e0-40c6-b9cf-5a569a225fdb,SEKERIYE MAHAMED,When i enter the player's profile i can see the clubs they're in. i can't see mine either,2,0,0.17.8,0.17.8,2025-09-01 09:39:50,,,Lichess,Google Play,en,us,2026-04-17 17:51:35
5185da56-cf54-4aa9-abe8-da1d57c6eeac,Steven White,having trouble using the share and export during a correspondence game. really enjoy the app.,4,0,0.17.3,0.17.3,2025-09-01 00:48:48,,,Lichess,Google Play,en,us,2026-04-17 17:51:35
0ab1bb9f-0de0-4d9f-b9d0-0907102ebd79,Sumit Sardar,I love lichess.. so Ingqve 5 star. But there are some problem in the app. like I cant find my team or club. So its difficult to join custom teams.,5,1,0.17.3,0.17.3,2025-08-31 20:15:02,,,Lichess,Google Play,en,us,2026-04-17 17:51:35
49e95454-aed4-4dd6-ad0a-3eb883f6c602,Sincerely Yours,"I signed up to use this app like, a decade ago. I do not remember the username, nor my pin??",2,0,,,2025-08-31 18:50:21,,,Lichess,Google Play,en,us,2026-04-17 17:51:35
bf04be13-e5b0-4a77-8137-b9771762562a,PRASHANT TIWARI,not like new update third class update. uninstalling frok heavy heart,1,1,,,2025-08-31 18:45:07,,,Lichess,Google Play,en,us,2026-04-17 17:51:35
812e2999-fa90-4fa3-9d6f-7d3156f64099,Bhupesh Thakur,good,5,0,0.17.3,0.17.3,2025-08-31 16:10:38,,,Lichess,Google Play,en,us,2026-04-17 17:51:35
020b9480-bbde-4668-9092-7a28686388b2,Gautam,"i can't login, when I click on log in, it forcefully sends me into browser and even if I login in browser, it doesn't get logged in in-app",2,1,0.17.3,0.17.3,2025-08-31 13:22:30,,,Lichess,Google Play,en,us,2026-04-17 17:51:35
bc89267e-9a10-4a7a-a8bd-d601fbc0b965,Aaron Gull,lichess is fantastic but I dislike the new update. the old app was much easier to navigate.,4,0,0.17.3,0.17.3,2025-08-31 04:45:31,,,Lichess,Google Play,en,us,2026-04-17 17:51:35
53ef879a-6f31-4074-a31b-07231956fb30,Panashe Lawrence,how do you create a tournament,1,0,0.17.3,0.17.3,2025-08-30 21:10:55,,,Lichess,Google Play,en,us,2026-04-17 17:51:35
3421845d-84d3-45da-a414-c936d6971c09,Lydia fernandes,intresting & awesome,5,1,,,2025-08-30 20:33:47,,,Lichess,Google Play,en,us,2026-04-17 17:51:35
22298548-720a-434e-b76a-c7bcda933a37,ドボシュアーサー,can't log in to the app on Xiaomi. it keeps open the browser and logs me in in the browser and never inside the app,2,0,,,2025-08-30 17:28:17,,,Lichess,Google Play,en,us,2026-04-17 17:51:35
969608f8-152e-4a54-a9fa-ca281f49de80,Ram Bansal,best app ever,5,0,,,2025-08-29 11:07:56,,,Lichess,Google Play,en,us,2026-04-17 17:51:35
aac7692f-d001-43bb-a2e2-d94e05bba361,neeraj tomar,I love this game,5,0,,,2025-08-29 10:23:51,,,Lichess,Google Play,en,us,2026-04-17 17:51:35
43eaf93a-b0b4-4d9f-be90-4ddd4237e895,Raval Khirod,"your own very telented clock player(🃏) v/s me, nothing else to say. Not a single response from the app. Most worst.",1,1,0.17.3,0.17.3,2025-08-28 17:06:07,,,Lichess,Google Play,en,us,2026-04-17 17:51:35
e9eeb270-8d0d-4af0-adc3-b9c7220e93e5,kppphd,"Superb chess community, all for free! The app has improved a lot! Thank you.",5,1,0.17.3,0.17.3,2025-08-28 15:42:33,,,Lichess,Google Play,en,us,2026-04-17 17:51:35
f1d217cd-7ba1-43aa-9ede-29be8fff7980,Atharv Pai,It is not bad. It is damn cool 😎. You can play it offline and learn anything for free. Install this app right now!!!!!!!!🎮♟️,5,18,0.17.3,0.17.3,2025-08-28 12:42:06,,,Lichess,Google Play,en,us,2026-04-17 17:51:35
5bc8ab8b-15b0-4f62-806e-92c35190cb26,melmarc marticio,has take back,5,0,,,2025-08-28 11:18:47,,,Lichess,Google Play,en,us,2026-04-17 17:51:35
b9e81c37-a0ff-4eaa-91dc-b471a240603f,Erik,how to start game vs the computer????? Missing other functions as well. the older app was better.,2,0,0.17.3,0.17.3,2025-08-28 05:35:36,,,Lichess,Google Play,en,us,2026-04-17 17:51:35
45d088f0-8ec7-47ff-8f57-d5763f90f255,Leroy M.,"Engine is broken in analysis mode. Keeps getting stuck on any particular move. For now, the engine and analysis feature is almost pointless because of this. Love the new UI and the face lift it received, however, not being able to effectively analyze your games really ruins the experience.",2,4,0.17.3,0.17.3,2025-08-27 09:02:48,,,Lichess,Google Play,en,us,2026-04-17 17:51:35
d4120b10-f314-4ad0-ae45-ebcdd674c149,Aaradhya Pawar,It's an amazing app,5,0,,,2025-08-27 06:36:06,,,Lichess,Google Play,en,us,2026-04-17 17:51:35
b8e0ba5e-5d5e-4460-bae9-47831208e7a3,praveena gopalan,Amazing. Awesome. Suberb. Fantastic,5,0,,,2025-08-26 15:35:51,,,Lichess,Google Play,en,us,2026-04-17 17:51:35
73e90635-955a-4bc0-80ee-214424ea3589,It's Yasmin,analysis board doesn't work well,1,0,0.17.3,0.17.3,2025-08-26 15:03:56,,,Lichess,Google Play,en,us,2026-04-17 17:51:35
70a311e4-4289-4b0a-96c7-2cef572e9d1e,Walid Azzougagh,keep up,5,0,0.17.3,0.17.3,2025-08-26 02:24:26,,,Lichess,Google Play,en,us,2026-04-17 17:51:35
37b68535-a505-42d6-96ba-93ccc1bdeec8,Dinku Soni,can you add multiple premoves option please we need it,1,0,0.17.3,0.17.3,2025-08-25 21:38:16,,,Lichess,Google Play,en,us,2026-04-17 17:51:35
60c69020-7f79-4481-9ae4-57a05786674a,Jack Chen,new UI is stupid AF. uninstall,1,0,,,2025-08-25 21:05:26,,,Lichess,Google Play,en,us,2026-04-17 17:51:35
c02c068b-f465-43c8-9efd-473eb7764357,tejaswi goli,its s super good game play this,4,1,0.17.3,0.17.3,2025-08-25 17:20:15,,,Lichess,Google Play,en,us,2026-04-17 17:51:35
e800f07a-d43d-4149-9c12-26a0e77ac1e3,Police line Kd,absolutely better than chessc*om in all possible ways,5,1,,,2025-08-25 17:14:35,,,Lichess,Google Play,en,us,2026-04-17 17:51:35
f9b36bb1-25dd-4bcf-a2e4-9f3a3fa6480d,Utkarsh,lots of bugs..Server crashes...Not even come closer to website version,1,2,0.17.3,0.17.3,2025-08-25 09:49:49,,,Lichess,Google Play,en,us,2026-04-17 17:51:35
5bced05e-5ae6-4e9d-9e2a-18afb9a4cb37,Adrian Valerio,"i cant make an account, it says error",1,0,,,2025-08-25 04:14:31,,,Lichess,Google Play,en,us,2026-04-17 17:51:35
97357c9a-3940-44a2-bafa-e0015f030a19,Lonnie Wilfork jr,can't open other features,3,0,0.17.3,0.17.3,2025-08-24 23:19:01,,,Lichess,Google Play,en,us,2026-04-17 17:51:35
6fc9b0fc-dffe-4f15-a98c-9e370b34dfaf,Maher Nshei,perfect,5,0,0.17.3,0.17.3,2025-08-24 19:35:04,,,Lichess,Google Play,en,us,2026-04-17 17:51:35
f15b1df0-5903-4035-b46c-4613d72e9f02,Subina Sudhan,0 star,1,0,,,2025-08-24 19:12:42,,,Lichess,Google Play,en,us,2026-04-17 17:51:35
5bec8f92-556d-4082-a314-a7eef5fc8009,zahraa hussain,there is a lot of error issues when i want to play or invite a frieds,3,0,0.17.3,0.17.3,2025-08-24 17:01:40,,,Lichess,Google Play,en,us,2026-04-17 17:51:35
0655fdb4-ed35-4615-9946-9a20c2a3ed82,Alan Bleier,It's become unusable. The lack of interest to improve in the developing team does not help at all.,1,2,0.17.3,0.17.3,2025-08-24 16:58:37,,,Lichess,Google Play,en,us,2026-04-17 17:51:35
b0a73340-f159-44e2-b462-f4decf98b94e,Justin Curt B. Agbulos,"Fun, free analysis. Thank you lichess. i love this app",5,1,0.17.3,0.17.3,2025-08-24 16:54:24,,,Lichess,Google Play,en,us,2026-04-17 17:51:35
016835f8-278c-44d1-aa6c-5c663e64d842,Andrei dom16,"Hate this app, literally crashed my rapid 10+5 game when I was winning and automatically log out my account.",1,3,,,2025-08-24 16:51:34,,,Lichess,Google Play,en,us,2026-04-17 17:51:35
e91ef6af-2d82-48b7-ba1b-84735badaee3,Null0,Great implementation. Would be perfect if they let us pick stockfish 17.1 for analysis as an option for people with powerful phone processors. without that I still find I use the webpage on my phone sometimes,4,1,0.17.3,0.17.3,2025-08-24 14:26:38,,,Lichess,Google Play,en,us,2026-04-17 17:51:35
76335ef2-cd77-4a4b-854a-a4d92851f9b1,Chishimba Chifwembe,the update is crazy,3,0,,,2025-08-24 14:06:39,,,Lichess,Google Play,en,us,2026-04-17 17:51:35
b1a30473-e279-455b-b66e-71f778fe74d8,Mira Chakraborty,nice platform,5,0,,,2025-08-23 19:38:58,,,Lichess,Google Play,en,us,2026-04-17 17:51:35
e1e04c84-d3ec-4da4-ab33-c33e35342c45,Parth Pandit,Best chess app hands down.,5,0,0.17.3,0.17.3,2025-08-23 16:15:46,,,Lichess,Google Play,en,us,2026-04-17 17:51:35
76105266-b721-4bab-9fa4-7b172a51fffe,Urmila Maish,..My elo was not increasing,3,0,,,2025-08-23 13:29:42,,,Lichess,Google Play,en,us,2026-04-17 17:51:35
7ca1b85c-0be3-4db4-929b-932e0c69d405,Usha Sharma,it helps in chess,5,0,,,2025-08-23 11:42:54,,,Lichess,Google Play,en,us,2026-04-17 17:51:35
817c4be9-4aa5-4b95-8bdd-7a739a9c4bac,Rohan Banerjee,This is by far the best free chess game out there.,5,0,0.17.3,0.17.3,2025-08-22 22:33:06,,,Lichess,Google Play,en,us,2026-04-17 17:51:35
af4c0973-bb91-4265-91bf-782a84b6789e,Warrior Warrrior,best chess app ever,5,0,,,2025-08-22 20:39:05,,,Lichess,Google Play,en,us,2026-04-17 17:51:35
d9a1ea5b-ddff-4e7f-b98c-cf73648dd30c,Helia Arayesh,👍,5,0,0.17.3,0.17.3,2025-08-22 18:37:08,,,Lichess,Google Play,en,us,2026-04-17 17:51:35
5d070b78-e0a4-43d2-a655-59309de50dd0,Mathis Gauthey,"Can't install on my tablet, only the old app is available. Viwoods AI paper mini",2,1,0.17.3,0.17.3,2025-08-21 15:06:56,,,Lichess,Google Play,en,us,2026-04-17 17:51:35
072c587d-3d17-4476-b9e7-22f82bb929d3,noaw's alt,Better now but still misses playing agaisnt bots and the extra variants the OG lichess app had,3,1,0.17.3,0.17.3,2025-08-21 12:31:10,,,Lichess,Google Play,en,us,2026-04-17 17:51:35
be4ef0a2-58bb-4d3f-a4bb-fff37a2dc791,سبحان محمودیان,"Hi, thank you very much for your chess chess program really a fun game, but your system seems to have a problem choosing error instead of white, black and black for black.It does not show people who follow me or who I follow. . Please check, thank you.",3,0,0.17.3,0.17.3,2025-08-21 11:59:25,,,Lichess,Google Play,en,us,2026-04-17 17:51:35
b4bce1c0-045b-45b8-8136-fb88c5034deb,manas kumar,"Earlier it was the best app. But after the new UI update, things have gone very bad, matchmaking is taking forever to happen. Please Lichess fix it. I respect the opensource stuff a lot. Only giving the review so that i can let you know. Will remove this as soon it's fixed.",1,0,,,2025-08-21 09:35:03,,,Lichess,Google Play,en,us,2026-04-17 17:51:35
63cc030b-cb84-40f8-a29c-28cd780fde2a,Makarand,where tf is 3+0 3+2 quick play buttons like web ? why did you remove it. not able to find,1,0,0.17.3,0.17.3,2025-08-20 10:58:52,,,Lichess,Google Play,en,us,2026-04-17 17:51:35
e04c9218-ba8c-46e7-8239-6677f9256b4b,Dennis Omondi,"The UI is amazing, especially after the current updates and everything is totally free, it would be better if they added the profile details such as profile photo, achievements and on game archives there should be an accuracy percentage of the games saved, but for now I'm playing my best on it.",5,47,0.17.3,0.17.3,2025-08-20 06:49:14,,,Lichess,Google Play,en,us,2026-04-17 17:51:35
442b9d50-c8ff-48e2-8391-4384d187c3fb,Dimple Thakur,बच्चों के मार्गदर्शन कैरियर और मेंटल ability के लिए एक अच्छा और अनूठा प्रयास के लिए मैं लिचेंस app निर्माता का hriday से धन्यवाद करतीं हुॅ,5,0,0.17.3,0.17.3,2025-08-20 06:05:33,,,Lichess,Google Play,en,us,2026-04-17 17:51:35
02de6b1c-4cad-42c9-9154-9f5a64cabe26,Ali R. Kat,best chess server there is,5,0,0.15.11,0.15.11,2025-08-19 23:36:06,,,Lichess,Google Play,en,us,2026-04-17 17:51:35
75c4df04-852c-4b6a-8d06-45d115102b8d,Paul Gauthier,"The UI is missing key features for searching and sorting games. I also feel like there's a lot of cheating going on in rapid. Otherwise, it's a solid experience.",4,0,,,2025-08-19 07:26:42,,,Lichess,Google Play,en,us,2026-04-17 17:51:35
ea0b4888-4426-47a5-8bd4-c769c9d31d36,Kavitha Gollapelly,Good,5,0,,,2025-08-19 05:07:23,,,Lichess,Google Play,en,us,2026-04-17 17:51:35
d19520cd-a717-48fe-b137-bbffe0c3afbd,Micheal,SO MANY CHEATERS,1,1,0.17.3,0.17.3,2025-08-19 02:35:20,,,Lichess,Google Play,en,us,2026-04-17 17:51:35
0104b598-b13c-4001-8d45-067ff39cee6f,Yf F5f6tft6,where is the puzzle racer mod?,3,0,0.17.3,0.17.3,2025-08-18 18:37:30,,,Lichess,Google Play,en,us,2026-04-17 17:51:35
143f56f4-9ff5-4ec0-8053-e56025c9f065,Oyenekan Tomiwa,impressive app,5,1,0.17.3,0.17.3,2025-08-18 01:58:59,,,Lichess,Google Play,en,us,2026-04-17 17:51:35
662937c3-1f3f-4dad-8631-079568985687,M,cheating is a huge issue. just beware,1,2,,,2025-08-17 19:36:37,,,Lichess,Google Play,en,us,2026-04-17 17:51:35
badb160e-494a-4641-b7a1-3ea8e6683e10,Rushikesh Telange,"please add ""Play with Computer"" in the homepage and in the board editor too.",5,0,0.17.3,0.17.3,2025-08-17 16:32:05,,,Lichess,Google Play,en,us,2026-04-17 17:51:35
b66c35a5-6a2b-4fe2-969d-d347cc02ef0f,Nano,awful new interface,1,0,,,2025-08-17 15:13:43,,,Lichess,Google Play,en,us,2026-04-17 17:51:35
154ce462-5653-4fe7-9586-966fb904a01b,Maa Shanti travels,brilliant!!!!,5,0,,,2025-08-17 14:40:52,,,Lichess,Google Play,en,us,2026-04-17 17:51:35
09d0e8d5-8318-455b-a41b-976bc24d5645,Amlan Halder,Experience is great !,5,0,,,2025-08-17 06:34:40,,,Lichess,Google Play,en,us,2026-04-17 17:51:35
0f11dc79-ad8f-466a-a9b5-cad63de7cb5e,E D,"Can take 10 or more minutes to get a game. Lichess also makes you loose alot of games because it doesnt register i made a move. I play a move, watch the opponents clock tick down, then it takes back my move and said i lost on time a minute later",2,2,0.17.3,0.17.3,2025-08-17 04:40:31,,,Lichess,Google Play,en,us,2026-04-17 17:51:35
e013f479-d167-48d1-b93a-881817a707e2,Devender Ahlawat,it do not work on mobile,2,0,,,2025-08-17 04:37:57,,,Lichess,Google Play,en,us,2026-04-17 17:51:35
8dea3231-dc1b-49d5-98cb-328740a18059,Nagham Mohamed,The application is really great,5,0,0.17.3,0.17.3,2025-08-16 19:30:55,,,Lichess,Google Play,en,us,2026-04-17 17:51:35
8952a4ea-6ed0-4f09-a09d-881e11987e40,Umed Singh,good practice for chess,5,0,,,2025-08-16 16:31:50,,,Lichess,Google Play,en,us,2026-04-17 17:51:35
0cf94f7f-9945-48d7-9bd1-9c32d30177b9,DIPROMAN BISWAS,please give option to play offline with computer levels.,4,4,0.17.3,0.17.3,2025-08-16 11:46:18,,,Lichess,Google Play,en,us,2026-04-17 17:51:35
47ee0da4-13ff-421d-91b8-6413a1496e88,Ben Thompson,"Really like the new design. But since recent updates it has started failing to show best move arrows, especially after you request a computer analysis. It looks like it is loading but no arrows/depth number shows up",3,1,0.17.3,0.17.3,2025-08-16 00:37:23,,,Lichess,Google Play,en,us,2026-04-17 17:51:35
bbe5ae84-0dfd-4076-a2ed-f9aef94d7151,Mohamed Abousobh,bad game,1,0,0.17.3,0.17.3,2025-08-15 23:10:16,,,Lichess,Google Play,en,us,2026-04-17 17:51:35
43ef4499-3047-4a21-bacc-e17f76e102c5,Rampradeep Ponnuram (Pradeep),"I am a great fan of this app, I use this app atleast once a day, it used to be my fav app of all time, but this latest update is totally a creepy. Give back the older version.",1,5,0.17.3,0.17.3,2025-08-15 22:08:19,,,Lichess,Google Play,en,us,2026-04-17 17:51:35
6249525f-8ca6-4ee2-aca0-778c4dec7b1e,Miwng,i can watch many tournements with smooth view and motion. But i cant find play with stockfish. Really like i will recomment for my friends. i donated for yall. Keep going to do better,5,0,0.17.3,0.17.3,2025-08-15 14:29:05,,,Lichess,Google Play,en,us,2026-04-17 17:51:35
cf4c626f-5e3b-446b-bfeb-fdf720209c1f,Anima Mondal,Team Tournament or Manual Tournaments are not opening within the app.,3,0,,,2025-08-15 10:56:58,,,Lichess,Google Play,en,us,2026-04-17 17:51:35
0696b304-cfcb-47a2-8a81-760b297f3851,Arman Rox,best,5,0,,,2025-08-15 08:06:50,,,Lichess,Google Play,en,us,2026-04-17 17:51:35
b2f4310c-6990-4c73-bb1a-4f1b33c8e021,man2 man1,"chess vs AI and bots. There's a report system in place, but they don't really do anything. I keep seeing the same scammers, literally unplayable even at low levels",1,7,0.17.3,0.17.3,2025-08-15 06:36:57,,,Lichess,Google Play,en,us,2026-04-17 17:51:35
2f240a41-960f-4800-b2b0-4f67779dd8ba,Phil,Nice.,5,0,0.17.3,0.17.3,2025-08-15 01:54:28,,,Lichess,Google Play,en,us,2026-04-17 17:51:35
f2e33e2e-dfc3-4af8-a657-ad8f66f7d24a,Mr Crumb,it's full of people cheating and the Devs don't do anything about it.,1,1,0.17.3,0.17.3,2025-08-14 19:46:10,,,Lichess,Google Play,en,us,2026-04-17 17:51:35
565e6827-96da-4013-8fa1-598d8711f517,Kismet Kiddy,good app,5,0,,,2025-08-14 16:15:00,,,Lichess,Google Play,en,us,2026-04-17 17:51:35
231863ca-d5c8-4e23-9a78-bbc0be93e5b7,B_40_Radheya,cannot import games/pgns,3,2,0.17.3,0.17.3,2025-08-14 12:17:32,,,Lichess,Google Play,en,us,2026-04-17 17:51:35
07a77311-9f2c-4eb2-a495-4fb205d37a04,Stephen Lau,i wish editing the Study is possible on this app.,4,1,0.17.3,0.17.3,2025-08-14 06:34:29,,,Lichess,Google Play,en,us,2026-04-17 17:51:35
29698251-de8f-46bd-bac0-3e8fe20b9ad1,Keymin,really good and free for learning chess,5,0,0.17.3,0.17.3,2025-08-14 05:37:16,,,Lichess,Google Play,en,us,2026-04-17 17:51:35
55cef8bf-e858-4d30-a64e-289e94cef97b,Tom Clarke,no single player. I got this wanting to practise against ai opponents but there is no option to do this,3,0,,,2025-08-13 17:50:09,,,Lichess,Google Play,en,us,2026-04-17 17:51:35
5b19e10b-5326-4d78-9a05-c594c2ac6236,Vimalan,you sing up to play many interesting games to play,4,0,0.17.2,0.17.2,2025-08-13 14:48:40,,,Lichess,Google Play,en,us,2026-04-17 17:51:35
81d31de8-76f0-41b3-a285-96426bc54b38,Shriroop Madiwalar,"Lately this app has become buggy. The chess game gets stuck, time runs out for the opponent but there is no notification about the result of the game. Only way is to restart the game. Today a similar thing happened but a bit different. Game got stuck after I made a move. It got unstuck after a few seconds but my queen got moved in a position which I did not play at all. I am still unsure whether this was an issue with the app, or my opponent cheated in some way. Crazy",3,19,0.17.3,0.17.3,2025-08-13 10:10:03,,,Lichess,Google Play,en,us,2026-04-17 17:51:35
4d48e206-39ce-432b-ba2d-3d957c5c153e,Jai kumar,best in the world,5,0,,,2025-08-13 07:16:31,,,Lichess,Google Play,en,us,2026-04-17 17:51:35
d65f5aa4-2e6e-40ea-ade4-eddbb9003754,Paresh Shah,no enough analysis,1,0,0.17.3,0.17.3,2025-08-13 06:02:51,,,Lichess,Google Play,en,us,2026-04-17 17:51:35
321467d3-21b8-4cff-ac2c-809dd346d65e,Quinn B,"Not quite as good as the web app (which has many more features), but it's still convenient to use on a phone, and one of the best ways to play chess online. And it's both free and open source! What's not to love?",5,0,0.17.3,0.17.3,2025-08-13 04:19:39,,,Lichess,Google Play,en,us,2026-04-17 17:51:35
311846f3-6d52-456b-a4c7-a9afb989e06a,neotroublemaker,Please add an undo button in BOARD EDITOR so that we can undo moves to find alternative moves.,1,7,0.17.3,0.17.3,2025-08-12 17:52:06,,,Lichess,Google Play,en,us,2026-04-17 17:51:35
f7647694-6a41-44cd-ab4d-5c4121821e9f,Safwan Zoubi (Sazo),"I need help here please. I registered i got the email from ou but i can't login, i tried all. i tried also the old app.",1,0,,,2025-08-12 15:59:14,,,Lichess,Google Play,en,us,2026-04-17 17:51:35
3a1089e8-8100-4339-8088-b3c5665e4b96,Loknath sahu,Amazing App,5,0,0.17.3,0.17.3,2025-08-12 12:54:28,,,Lichess,Google Play,en,us,2026-04-17 17:51:35
3380103f-6305-4136-8f7b-8f0be784564b,Minh Tu Nguyen,"Just chess, no drama! You can just focus on chess and improving your skill without worrying about subscriptions or payments. Becoming a patron is optional, but highly appreciated when you have the means.",5,4,0.17.3,0.17.3,2025-08-12 11:05:32,,,Lichess,Google Play,en,us,2026-04-17 17:51:35
114d4926-fe0e-476d-a9ca-43f6df77ffea,Daniel Maged,The old version is much better from the new version !!!!!!,1,0,,,2025-08-12 09:28:23,,,Lichess,Google Play,en,us,2026-04-17 17:51:35
15b0f49c-ee40-47e8-b6f7-3d73e006d82c,Vipin R,Thank you 🔥,5,1,0.17.3,0.17.3,2025-08-12 04:37:45,,,Lichess,Google Play,en,us,2026-04-17 17:51:35
5470a505-f153-4acc-9d31-999b41eafea9,Raul Nieves Pardo,libre as the air,5,1,0.17.3,0.17.3,2025-08-11 20:08:46,,,Lichess,Google Play,en,us,2026-04-17 17:51:35
1a103994-605a-45b6-8fc7-2bc000ae2bbe,Milan,Finally a great app. great job to all who contributed to this,5,1,0.17.3,0.17.3,2025-08-11 16:10:07,,,Lichess,Google Play,en,us,2026-04-17 17:51:35
0398a949-f369-4cb5-aa56-ac7b66ef00ab,RED SKULL,Please consider adding the feature to import the games for analysis purposes.,5,1,0.17.3,0.17.3,2025-08-11 15:39:56,,,Lichess,Google Play,en,us,2026-04-17 17:51:35
816dc8c5-f253-4f06-8aa8-619a7040b172,Jan Gora,very buggy. need to press back a lot of times to get to the home screen. rematch on leela bots is not working. can't challenge the leela bot with the same time control as a previous game,3,1,0.17.3,0.17.3,2025-08-11 13:15:52,,,Lichess,Google Play,en,us,2026-04-17 17:51:35
43fff83e-365d-4700-b5a2-8f53c3d6c1e6,Hedgehog1963,Lichess is the greatest gift to the chess player. You can play others or a chess engine across various time controls. You can use computer analysis to understand the games you played. You can take lessons and make your own studies. Everything is free. Nothing is hidden behind a paywall.,5,40,0.17.3,0.17.3,2025-08-10 18:45:12,,,Lichess,Google Play,en,us,2026-04-17 17:51:35
523e8e56-5dc7-4f7f-90db-671310b89ff5,Anton,This is one of the most underrated chess app.,5,1,0.17.3,0.17.3,2025-08-10 16:05:46,,,Lichess,Google Play,en,us,2026-04-17 17:51:35
a65134a6-412c-4e65-b125-33d6525dda73,Nehad Waize,very good for beginners in chess,5,2,,,2025-08-10 15:33:56,,,Lichess,Google Play,en,us,2026-04-17 17:51:35
f81fd65d-a3d1-4a90-bf10-33e16f346918,Barkay Guttel,The new app is really fantastic!,5,2,0.17.3,0.17.3,2025-08-10 12:00:49,,,Lichess,Google Play,en,us,2026-04-17 17:51:35
a12a3bce-467a-427b-a9cc-658fb379531e,Mike Clarke,"This is easily the best chess app out there right now. There may be some small improvements needed in the UI, but once you see how many features this app has, it's 5 stars for sure.",5,1,0.17.3,0.17.3,2025-08-10 09:58:24,,,Lichess,Google Play,en,us,2026-04-17 17:51:35
56573f67-7044-49b1-a2d0-1cc3678af78c,J K,this is probably the best chess app... but they removed computer analysis for imported games =( they absolutely need to add multiple pre-moves! oh yeah - tablet portrait mode is beautiful (the best there is in fact) but landscape mode puts the board on like half the screen with move list on the other half. not ideal,4,16,0.17.3,0.17.3,2025-08-10 06:58:58,,,Lichess,Google Play,en,us,2026-04-17 17:51:35
50d19add-9e25-4ba4-a266-8853e5a95034,Larry Aubert,"This app includes a ""declare draw"" button in the pop-up when your opponent leaves and lets the clock run. This can & has caused me to draw even though my opponent lost. Why would you even include such a ridiculous feature. This alone makes the app unusable.",1,13,0.17.3,0.17.3,2025-08-10 05:37:17,,,Lichess,Google Play,en,us,2026-04-17 17:51:35
3f07c951-f441-4742-b4c0-d567bf04c538,Seth Feaster,There is no way to start a stockfish game besides a rematch?,3,0,0.17.3,0.17.3,2025-08-10 04:31:43,,,Lichess,Google Play,en,us,2026-04-17 17:51:35
9163c2d2-6d01-47ba-b785-45581f30fe1b,Jayjay Impel,just good,5,0,0.17.3,0.17.3,2025-08-09 23:55:44,,,Lichess,Google Play,en,us,2026-04-17 17:51:35
4579b7d4-eb4a-43c4-94f1-043d9aa14c8a,Delightful Cheer,best chess website makes best chess app I can't expect more,5,0,,,2025-08-09 21:56:06,,,Lichess,Google Play,en,us,2026-04-17 17:51:35
d4aa77fe-ff5a-461d-bfcc-5ad5aab452c5,Yogesh Jamge,modern design,5,0,0.17.3,0.17.3,2025-08-09 15:05:39,,,Lichess,Google Play,en,us,2026-04-17 17:51:35
42270c26-66b6-4462-86fc-21d853462200,average lizard,"When Horizontally playing, there should atleast be an option to make the Chess board much bigger, as half the screen is just the move notations. On the evaluation bar I cannot see the number, Please add the number there.",5,4,,,2025-08-09 13:37:56,,,Lichess,Google Play,en,us,2026-04-17 17:51:35
7c547b87-1ef5-4bec-8331-681f4d2639c8,incredible India,forcing to sign in,1,1,0.17.3,0.17.3,2025-08-09 12:35:49,,,Lichess,Google Play,en,us,2026-04-17 17:51:35
8a13105f-6c28-4ddd-826f-47a98618c600,Isabella Isölde,they do it for the love of chess <3,5,1,,,2025-08-09 03:16:44,,,Lichess,Google Play,en,us,2026-04-17 17:51:35
004ce528-8bce-40ea-98cf-e67ad98e04e6,Google User,I can't find how to copy a link to text to a friend to start a game. Also can't start a Stockfish game. I need to go to the website to start them and then they show up in the app.,2,2,0.17.3,0.17.3,2025-08-09 02:26:48,,,Lichess,Google Play,en,us,2026-04-17 17:51:35
b13ef3f0-f933-4985-a729-bb417dd1c53a,Fredi A,"runs super smooth and has puzzle storm, puzzle streak and studies. even better than the old app. much love ♥️",5,1,0.17.3,0.17.3,2025-08-09 00:13:48,,,Lichess,Google Play,en,us,2026-04-17 17:51:35
1998e050-f02f-4519-9a45-d7cd017abf13,"Pedroza, John Clark L.","The new UI is actually clean and smooth, however the UE is somewhat a downgrade, adding features from the web to mobile was a plus, but in doing so you have removed some of the useful features. Finding a match is much of a hassle now, you can't even invite friends to play on this new UI. Please FIX",1,13,0.17.3,0.17.3,2025-08-08 23:45:56,,,Lichess,Google Play,en,us,2026-04-17 17:51:35
db765526-47ec-49cf-a708-609b7a64612f,Yaso Maher,super app but add multiple premoves in mobile app,5,1,0.17.3,0.17.3,2025-08-08 22:50:27,,,Lichess,Google Play,en,us,2026-04-17 17:51:35
4c721218-4c38-41fe-8bc4-991583ef6006,Tom Gray,The best chess app and it isn't close,5,0,0.17.3,0.17.3,2025-08-08 21:24:33,,,Lichess,Google Play,en,us,2026-04-17 17:51:35
b482cf8c-a408-481c-8c8b-22152b559027,Sam Goldstein,New version is faster. Don't forget to adjust the home widgets to your liking.,5,0,0.15.11,0.15.11,2025-08-08 17:54:46,,,Lichess,Google Play,en,us,2026-04-17 17:51:35
b5dac03b-82a7-488d-a7b3-af93bbb89998,Mckenzie Archibald,love it,5,0,0.17.3,0.17.3,2025-08-08 17:39:09,,,Lichess,Google Play,en,us,2026-04-17 17:51:35
cb7f5c4a-577b-478a-9c31-63d957026d20,Ramazan Khuangan,best,5,0,,,2025-08-08 15:40:30,,,Lichess,Google Play,en,us,2026-04-17 17:51:35
22d21fd3-018a-42b0-86f9-2c885cfcc5cf,Ben Childers,better than the pay apps,5,0,0.17.3,0.17.3,2025-08-08 14:40:27,,,Lichess,Google Play,en,us,2026-04-17 17:51:35
7093f1ed-43a5-4dbf-9280-f558dcbff459,Asena Golizadeh,best chess app ever,5,0,0.17.3,0.17.3,2025-08-08 09:48:23,,,Lichess,Google Play,en,us,2026-04-17 17:51:35
a2f226c8-5a4c-4897-910a-342cf863c523,Haikal Adif,good,5,0,0.17.3,0.17.3,2025-08-08 06:31:54,,,Lichess,Google Play,en,us,2026-04-17 17:51:35
c0849730-9e8b-46c0-9081-2fc7d28fb66a,Rajat Kamdi,"#1 free app for playing chess,analyzing games deeply and puzzles.",5,14,0.17.3,0.17.3,2025-08-07 22:50:47,,,Lichess,Google Play,en,us,2026-04-17 17:51:35
7024c574-ade7-476d-adf9-d41a2193f444,Gerald Segovia,"UI and gameplay is good. Studies break after about 10 chapters, so I can't access a good chunk of the studies I made. There is no option to play against stockfish offline like on the previous app.",2,0,,,2025-08-07 13:38:35,,,Lichess,Google Play,en,us,2026-04-17 17:51:35
cbf03f14-c179-4a82-9c39-70323287fea2,Ailin Golafshar,خوبه,5,1,,,2025-08-07 12:12:21,,,Lichess,Google Play,en,us,2026-04-17 17:51:35
e62645da-6ba3-4938-910f-03bb6c1cad8c,Monica Sangra,best chess app it's provide free service to become better player in chess,5,1,0.17.3,0.17.3,2025-08-07 10:20:04,,,Lichess,Google Play,en,us,2026-04-17 17:51:35
10312b41-ccf0-4c19-b97e-efa2ab962dd2,Shampa Mondal,Very very good,5,1,0.17.3,0.17.3,2025-08-07 03:26:53,,,Lichess,Google Play,en,us,2026-04-17 17:51:35
ff9a7a65-8546-43fa-a5a9-ac14a0ab6b20,Subhadeep,Please add offline against computer and offline two player games.,4,1,0.17.3,0.17.3,2025-08-06 08:57:25,,,Lichess,Google Play,en,us,2026-04-17 17:51:35
2a75255c-747b-4ea5-ade8-b43cb515ca19,Killer Pro,great app . I understand the value of content that you are providing at free of cost . i don't rate any app but you completely deserves it .,5,1,0.17.3,0.17.3,2025-08-06 07:58:52,,,Lichess,Google Play,en,us,2026-04-17 17:51:35
7c492e51-cbe1-435a-9917-63057a05fd70,Nakhleh K,"Long time supporter, love you, patch fixed some issues, but there should be a way you can revert to the old UI. No longer can see real-time tournament performance while playing in a tournament, and the analysis is ugly and bookmarking games feature are both frustrating to use now.",3,9,0.17.3,0.17.3,2025-08-05 23:25:58,,,Lichess,Google Play,en,us,2026-04-17 17:51:35
7f977a06-c0e2-4f1f-ab92-877cd05d1283,Goodness Ekunke,the update is rubbish the old one was much better than this one,1,2,0.17.2,0.17.2,2025-08-05 18:02:11,,,Lichess,Google Play,en,us,2026-04-17 17:51:35
c9c85eaa-b69c-407a-aaea-49225b5ca5ec,Sai Chaitanya,I love this app,5,1,0.17.2,0.17.2,2025-08-05 15:58:49,,,Lichess,Google Play,en,us,2026-04-17 17:51:35
121a3784-44c3-4864-8627-272ef06643c1,mahan kamali,best chess app ever,5,1,0.16.7,0.16.7,2025-08-04 10:39:33,,,Lichess,Google Play,en,us,2026-04-17 17:51:35
77d608d6-3dfe-4494-b549-736cf62ec47e,Kamal Singh,this game is lub ❤️🤌🏻,5,0,,,2025-08-04 09:41:07,,,Lichess,Google Play,en,us,2026-04-17 17:51:35
61948025-98f8-4e8b-b5ea-9e9b89632989,Brayan Hernandez,it's okay but Im just not a fan of how I can't join club tournaments. Unable to click any hyperlinks directed to the tournament from the inbox.,3,0,0.17.2,0.17.2,2025-08-03 19:10:25,,,Lichess,Google Play,en,us,2026-04-17 17:51:35
b56a0685-4525-4a77-a567-4dd3b399d92b,Samer Sultan,"I prefer the new UI, allows you to make color edits to board to increase visibility",5,1,0.17.2,0.17.2,2025-08-03 18:13:14,,,Lichess,Google Play,en,us,2026-04-17 17:51:35
6b1b6636-6cf0-419d-ae8f-c182308f54b8,Sai brothers,it is the very good app for analysis game,5,1,,,2025-08-03 17:41:15,,,Lichess,Google Play,en,us,2026-04-17 17:51:35
8bbe5a49-7f38-4503-a6e4-372385dee836,5nuv4q00 _,add play with friend option back,1,0,0.17.2,0.17.2,2025-08-03 16:15:55,,,Lichess,Google Play,en,us,2026-04-17 17:51:35
e3623322-f2ad-423f-8708-4f1a988dc25b,Mahmoud Ahmed,Best chess app ever,5,0,,,2025-08-03 10:44:36,,,Lichess,Google Play,en,us,2026-04-17 17:51:35
ca49a922-3e56-484e-b78d-959330744f78,Mbongeni Judah,I'm shocked to see how only a few people took their time to rate this app. It's a great app and deserves more 5* ratings.,5,0,0.17.2,0.17.2,2025-08-03 10:05:53,,,Lichess,Google Play,en,us,2026-04-17 17:51:35
01f9c06b-a7bf-4a78-9580-4bd29e904b4d,Yash V,Play chess without ads and for free!,5,0,0.17.2,0.17.2,2025-08-02 18:57:01,,,Lichess,Google Play,en,us,2026-04-17 17:51:35
21e45682-01b2-4f51-a592-b35700730ef7,Peter A,excellent.,5,0,0.17.2,0.17.2,2025-08-01 19:12:26,,,Lichess,Google Play,en,us,2026-04-17 17:51:35
429142f8-4f7c-4258-857c-c940749c4ef1,Daniel Walenta,1 bad thing is I cant play with computer but I know lichess will add this because it's new version of lichess app so I know,5,0,0.16.7,0.16.7,2025-08-01 11:44:03,,,Lichess,Google Play,en,us,2026-04-17 17:51:35
bc9b80ac-ba09-4962-9809-d5473fce30ad,Obiajulu Chibuzor Joseph,"the old UI was way better, should have kept it",1,1,0.16.7,0.16.7,2025-07-31 21:47:36,,,Lichess,Google Play,en,us,2026-04-17 17:51:35
94fc0db3-55ec-446c-8a6a-acd2bd333ddd,Rahul Yadgire,Best chess app,5,0,,,2025-07-31 18:05:06,,,Lichess,Google Play,en,us,2026-04-17 17:51:35
fb648e99-2c14-44af-b800-2f9df2519d8a,Daniel T.,"It is still missing some important features. Like it is missing solving puzzles you have previously failed, and even more importantly it is missing learning from your mistakes and blunders after computer analysis.",5,1,0.16.7,0.16.7,2025-07-31 17:29:19,,,Lichess,Google Play,en,us,2026-04-17 17:51:35
1d89aa4b-f981-4737-861d-d4c86fbe9315,Dan,"I prefer the old style of quick join rated games, the visuals are much better though otherwise I'd 1star",2,0,0.16.7,0.16.7,2025-07-30 20:28:36,,,Lichess,Google Play,en,us,2026-04-17 17:51:35
3a746fee-1095-40c5-b7df-0020a8493de8,Roberto Neto,Awesome app but it desperate needs the option to play against the computer for us casual players.,4,1,0.16.7,0.16.7,2025-07-30 14:28:56,,,Lichess,Google Play,en,us,2026-04-17 17:51:35
ebcec2a4-d521-47c4-ae5c-5a9e42f654a0,Jean Firmino Cardoso,Excelente,5,0,0.16.7,0.16.7,2025-07-30 02:44:21,,,Lichess,Google Play,en,us,2026-04-17 17:51:35
2f142027-d613-475d-a5ba-6bc1f79911b3,Андрей Кузьмин,👍,5,0,,,2025-07-29 23:13:56,,,Lichess,Google Play,en,us,2026-04-17 17:51:35
db5fd6a0-a5ff-4aea-b149-270c275eb63a,Amritamay Bhattacharya,best chess engene and lot more features in website . long live lichess,5,1,,,2025-07-29 18:17:25,,,Lichess,Google Play,en,us,2026-04-17 17:51:35
35a63588-dfb4-4aa7-a2b8-afd7a9992c60,Vu Dang,"Everything I need in chess app. Puzzles, board analysis, games, clock. and on top of that, they're free and no ads.",5,1,0.16.7,0.16.7,2025-07-29 03:14:40,,,Lichess,Google Play,en,us,2026-04-17 17:51:35
b54585e3-5539-4a52-b46d-292e38a048dd,Juan Se.,deserve it.,5,1,,,2025-07-29 00:32:26,,,Lichess,Google Play,en,us,2026-04-17 17:51:35
e357c342-2868-440f-83ba-460a4dae04f7,Jacob Procee,"The previous app drained the battery of my phone, this one doesn't!",5,1,0.16.7,0.16.7,2025-07-28 20:14:00,,,Lichess,Google Play,en,us,2026-04-17 17:51:35
4d353992-f566-4b45-9d52-ed48e7b6cd91,Sunil Manohar Bishnoi,new app is good but stop vibertion opsn is not listed there,4,1,0.16.7,0.16.7,2025-07-28 06:40:45,,,Lichess,Google Play,en,us,2026-04-17 17:51:35
e01cb1e0-7c2e-44c5-9262-26116471ac5b,Henry Witchard,"The app removes the 2 most useful features to me from the browser version. Puzzle Racer is inaccessible, and there is no engine evaluation or engine lines when looking at the opening database. What is the reason for removing these features?",1,3,0.16.7,0.16.7,2025-07-28 04:12:54,,,Lichess,Google Play,en,us,2026-04-17 17:51:35
54cbed87-b163-4c22-9913-5b8759f40a19,J,"Closer to alpha, not ready! can't play offline against the chess engine it lets you download.",2,0,0.16.7,0.16.7,2025-07-27 19:06:32,,,Lichess,Google Play,en,us,2026-04-17 17:51:35
2a9a56ca-6cd2-4539-b5d4-0f62a6daa5c7,Just anaccount,why my elo has dropped from 1500 to 950 in TWO matches?,1,0,0.16.7,0.16.7,2025-07-27 14:05:03,,,Lichess,Google Play,en,us,2026-04-17 17:51:35
59e13f81-6cc4-4522-b599-d86142ef7759,Isaac Kasujja Kasule,awesome 😎,5,1,,,2025-07-27 08:15:25,,,Lichess,Google Play,en,us,2026-04-17 17:51:35
02852502-d873-4854-9bea-843857c999ea,Marcus Harris,online chess is terrible now only cheaters and bots very few actual players DO NOT DOWNLOAD myself and my friends have all stopped playing online chess there is zero integrity to these online platforms now,1,1,0.16.7,0.16.7,2025-07-27 06:38:26,,,Lichess,Google Play,en,us,2026-04-17 17:51:35
fcd40448-1469-4034-933b-b1347336af0e,Ouchtor,"The puzzles are incredible! The app is still lacking a lot of fundamental features, though. For example, if you want to play against the computer, you have to start the game on their website, and then you can resume it in the app. The devs are actively working on bringing the features back, though!",4,3,0.16.7,0.16.7,2025-07-26 23:55:23,,,Lichess,Google Play,en,us,2026-04-17 17:51:35
64f18895-7174-4f44-a912-2149e6b50b0f,Amit Yadav,thankyou lichess for providing best platform to learn chess...for free💜💜💜,5,0,,,2025-07-26 21:11:19,,,Lichess,Google Play,en,us,2026-04-17 17:51:35
b2cc58e2-b617-4993-af8d-b931f26be049,Stiven Veizaj,huge delay,2,0,,,2025-07-26 16:13:31,,,Lichess,Google Play,en,us,2026-04-17 17:51:35
083e6792-2505-4f3b-930c-aa7918931348,Hg S,absolutely perfect,5,0,0.16.7,0.16.7,2025-07-26 15:52:56,,,Lichess,Google Play,en,us,2026-04-17 17:51:35
8aa48e8e-646e-4b34-8e64-59e169cc34c5,Shakyrei Fowler (Drift Reaper),"Edit: Thanks for bringing original back. Recommended Suggestion: In the future maybe delegate or consult or seek info with community or fans or whatever we are to u about ideas of how to improve before changing anything. I know that nobody truly reaches out to the rest of the world around them but I'd say if I truly was famous or had something like yours where many can know me and use what I made. I'd reach out. I'd get 3 phones, 1 Public/Private/& Personal #. Removed terrible, change it back.",5,2,0.16.7,0.16.7,2025-07-26 13:37:28,,,Lichess,Google Play,en,us,2026-04-17 17:51:35
2684607f-0c96-4812-aa13-a5b206b73ff4,Kasirina Maposa,best chess app,5,0,0.16.7,0.16.7,2025-07-26 13:05:09,,,Lichess,Google Play,en,us,2026-04-17 17:51:35
a91f734e-8836-42dd-9665-9e5c6e232a7e,Krish gaming,Good,5,0,,,2025-07-26 10:36:04,,,Lichess,Google Play,en,us,2026-04-17 17:51:35
909543c9-d748-46c5-9530-4a5038bf56d6,manuel tan,The players are good! 🤩,5,0,0.16.7,0.16.7,2025-07-26 05:21:33,,,Lichess,Google Play,en,us,2026-04-17 17:51:35
ce3f144b-a64c-49b0-94cd-7f9ca070db31,Elie atem,better than old version,5,0,0.16.7,0.16.7,2025-07-26 04:15:35,,,Lichess,Google Play,en,us,2026-04-17 17:51:35
bed9f11f-6e58-4ca1-b031-c355ec06f929,sarthak pulstya,no learn from mistakes 😕,3,0,0.16.7,0.16.7,2025-07-25 14:02:33,,,Lichess,Google Play,en,us,2026-04-17 17:51:35
df8c4a6e-c4b8-42d0-a5f6-52cb0891c192,Ixaiar Lemi,"Its fun, u learn, isn't that what matters. Just some issues in the explorer, a bit of glitches all of a sudden an error will pop up during analysis but if u wanna grow your chess skills, this is the app",4,0,,,2025-07-25 06:24:59,,,Lichess,Google Play,en,us,2026-04-17 17:51:35
c2e86238-05ae-495d-8e7d-6ebd0953af38,Berajjal Raed Salah,great,4,0,0.16.7,0.16.7,2025-07-24 19:07:03,,,Lichess,Google Play,en,us,2026-04-17 17:51:35
59f45c43-8d63-4730-8c03-539661d45f6a,Mihajlo Kasalović,"Please for the love of God, add the option to analyze imported games and get accuracy percentages and stuff like that...You can do the mentioned with games played on the platform, but there is no option to do so with imported ones. I waited for this update for so long, I really do not see why they do not add it, it is like they absolutely forgot about it...Please consider adding it in the future updates 🙏🙏, everything else is awesome!",4,165,0.16.7,0.16.7,2025-07-24 14:36:32,,,Lichess,Google Play,en,us,2026-04-17 17:51:35
6153f7f8-9887-4a6e-b89c-4ee534450e1e,Game Nexus,Smart 🤓 game 🎯,5,1,,,2025-07-23 14:36:48,,,Lichess,Google Play,en,us,2026-04-17 17:51:35
d420dc1a-43e3-4bfa-8026-ca71f48bd400,Meshach Nii Ollennu,I have used Lichess for more than a decade. Never had an issue. This versión semes to have an issue with the clock: It loses time!,1,3,0.16.7,0.16.7,2025-07-23 12:32:27,,,Lichess,Google Play,en,us,2026-04-17 17:51:35
5837836a-db57-4b56-a135-d00d9949acae,Manoj Padhy,"unable to play team tournment, see teams, need fix and improvement",3,0,,,2025-07-23 06:46:11,,,Lichess,Google Play,en,us,2026-04-17 17:51:35
1ee5aa0d-f590-4ac7-9230-fc520cc49711,Ben Gleason,"Simply the best chess app. Play against humans and bots, study, analyze your games - all free, without ads.",5,23,0.16.7,0.16.7,2025-07-23 01:11:16,,,Lichess,Google Play,en,us,2026-04-17 17:51:35
3570c0fb-00cd-4803-95dd-bb3d3d2f9bb8,Khirod Raval chess,"Most cheating with clock by their own players. Useless, violance, meaningless feedback, very dangerous behaviour, running in the chrome browser after deleting application form Google Play Store. What's this? Please Play games with your own players.",1,5,0.15.11,0.15.11,2025-07-22 22:17:19,,,Lichess,Google Play,en,us,2026-04-17 17:51:35
071b874e-d37f-4340-90a7-15bfd1cdd5a4,HFJDOEBDKS,great job 👍,5,1,0.16.7,0.16.7,2025-07-22 19:15:54,,,Lichess,Google Play,en,us,2026-04-17 17:51:35
debbf383-37de-4a24-b2d5-d2946ec3f1f5,Mukesh Salvi,great chess app to play against other players,5,1,0.16.7,0.16.7,2025-07-22 17:58:25,,,Lichess,Google Play,en,us,2026-04-17 17:51:35
139b3ad7-93ab-480e-8ab9-ff86c922ffa3,Akil,its online not offline.. its better if its offline mode.. no ads but offline is better,3,0,0.16.7,0.16.7,2025-07-22 15:57:40,,,Lichess,Google Play,en,us,2026-04-17 17:51:35
35f2a342-706d-4404-adc9-056e904a7678,Nishan Shameer,not a big fan of the new ui,3,0,0.16.7,0.16.7,2025-07-22 12:47:07,,,Lichess,Google Play,en,us,2026-04-17 17:51:35
63759800-a352-4fa8-ba02-cfcf51a31a50,Ulemu Lion,the new update is awkward white background? no way?,1,0,0.16.7,0.16.7,2025-07-22 09:48:38,,,Lichess,Google Play,en,us,2026-04-17 17:51:35
73eea999-85c6-4f5b-9b04-b6e096be7867,D L,Great app and easy to use,5,0,0.16.7,0.16.7,2025-07-22 01:45:37,,,Lichess,Google Play,en,us,2026-04-17 17:51:35
f985f2bb-897b-413d-ab35-b27b6582ceca,Charu Babu,I tried logging in but it never logged in I tried 7 times,1,4,,,2025-07-21 19:10:03,,,Lichess,Google Play,en,us,2026-04-17 17:51:35
0654c270-4fab-46c4-9bc8-cc66b46837b9,ADITYA RAJ GUPTA,You guys seriously need to work on the animation and use some colours in your UI. It gives the impression that the lichess is widowed.....,3,0,0.16.7,0.16.7,2025-07-21 12:36:51,,,Lichess,Google Play,en,us,2026-04-17 17:51:35
4a95e69a-dab0-489c-8a33-ce852c61d7f2,Luka Lednicki,"Great chess platform. It's very easy to analyze your games. Also has clean interface, no adds and popups, doesn't nag you about paying for something.",5,1,0.16.7,0.16.7,2025-07-21 09:31:07,,,Lichess,Google Play,en,us,2026-04-17 17:51:35
0f41aa10-c952-4e89-a5c7-c4f1fb51f617,Sebastian Rojas Gonzalez,"if you guys removed the offline option just to collect data, then you're becoming one more of the bunch... Lichess used to be great... now because I want to play against an engine offline and analyse games offline I will use something else :/",3,4,0.16.7,0.16.7,2025-07-20 23:53:14,,,Lichess,Google Play,en,us,2026-04-17 17:51:35
56e542dc-fb4c-448f-9f47-58ae2a364078,John Osas,THE NEW VERSION IS A 10/10 I CAN WATCH LIVE GAMES BY GMs IN TOP COMPETITIONS 👏,5,1,,,2025-07-20 21:23:33,,,Lichess,Google Play,en,us,2026-04-17 17:51:35
f945aaa2-95fa-4b0d-841e-9780ea3e2fc1,Kavya Industries,not real,1,0,0.16.7,0.16.7,2025-07-20 12:50:32,,,Lichess,Google Play,en,us,2026-04-17 17:51:35
13cb7a58-d46c-448f-8001-aee16d2bc86f,Uday Ghose,the game is exellent. it i free. the analysis tool is great.but the website of the lichess are better,4,0,,,2025-07-20 10:36:20,,,Lichess,Google Play,en,us,2026-04-17 17:51:35
04a57076-6441-471b-9012-b62c03ba209f,Subhash Rdssv,Analysis of the played game is closing the app which is annoying a lot.,2,0,0.16.7,0.16.7,2025-07-20 06:45:59,,,Lichess,Google Play,en,us,2026-04-17 17:51:35
072526ff-81b2-4aea-8fa7-b7cbf32dfb08,Akshay Chugh,Why is there 2 apps... This UI sucks vs other one,1,0,,,2025-07-19 20:06:45,,,Lichess,Google Play,en,us,2026-04-17 17:51:35
12464cf9-8923-4f09-a808-be42b54b5a90,SRIJAN,the puzzles are amazing,5,0,0.16.5,0.16.5,2025-07-19 05:15:24,,,Lichess,Google Play,en,us,2026-04-17 17:51:35
86e71a7c-6bd3-4faf-9ab4-4edaf3336d61,zvm vbn,"I love the app, really. But it doesn't work. 18.07.25.",5,0,0.16.7,0.16.7,2025-07-18 14:01:31,,,Lichess,Google Play,en,us,2026-04-17 17:51:35
2e259b90-5aa3-4dea-b6c6-159f3bbaf8fc,NAYZAK,"it's an amazing app but I can't sign in on my tablet, fix the error",3,1,,,2025-07-17 16:46:03,,,Lichess,Google Play,en,us,2026-04-17 17:51:35
196711d3-b031-47c3-8ba9-6ec45fa1315e,Tyler Sayoc,you advertise this app to be offline but I cant play with ai offline,3,0,0.16.7,0.16.7,2025-07-17 08:12:13,,,Lichess,Google Play,en,us,2026-04-17 17:51:35
269233a4-65a6-4d78-928b-c8bec693877b,Trevor Nelson,"It's a great app that has features you'd have to pay for with any other app, but the new update is bad. Can't even see the clock or move times for your games in analysis now. Why on earth would you remove info?",3,0,0.15.11,0.15.11,2025-07-17 07:38:32,,,Lichess,Google Play,en,us,2026-04-17 17:51:35
c0c2dcee-6073-43e9-aea5-b771b133da78,Faisal Khan,not the correct piece set at all,1,0,,,2025-07-17 02:19:43,,,Lichess,Google Play,en,us,2026-04-17 17:51:35
1aa8590f-9c86-4920-bb53-eabca3ab50fc,Jatin Aggarwal,"why rating is neither decreasing or increasing even after 4 winning streak, and where is open rated blitz play I am not able to participate in tournament before 20 blitz but there is no open to play blitz with zero rating. worst app ever and compared to chess. com it is garbage.",1,0,,,2025-07-16 19:17:42,,,Lichess,Google Play,en,us,2026-04-17 17:51:35
bfacc4e9-1d08-4f46-b303-d2d3d202c1d7,hesham Radoo,Please add two features Learn from your playing mistakes T Play offline,4,13,0.16.7,0.16.7,2025-07-16 17:55:29,,,Lichess,Google Play,en,us,2026-04-17 17:51:35
ba332f80-8cd6-4db6-8c21-3173f0c1b9e6,Rowland Kanyi,"I love this app so much. Consider adding book moves, inaccurate moves, best moves and brilliant moves indicators when analyzing a game.",5,0,0.16.7,0.16.7,2025-07-16 13:19:16,,,Lichess,Google Play,en,us,2026-04-17 17:51:35
ad56685f-8c07-474f-aedb-d14540a0c8e5,SURYA TEJA NEERUKATTU,great,5,0,0.16.7,0.16.7,2025-07-16 06:56:31,,,Lichess,Google Play,en,us,2026-04-17 17:51:35
c27af89d-9045-41b8-afd1-1a58e10164d6,Udhaya Kumar. V.S.,best App. super features. strong chess engine for analysis. they don't beg you for money like other platforms. go for it!,5,0,,,2025-07-16 04:40:34,,,Lichess,Google Play,en,us,2026-04-17 17:51:35
7f96b273-4ef8-44ce-8e18-d2245a031e52,Ffin Sullivan,"Love lichess. Only one piece of feedback: I turned on zen mode so I couldn't see my rating, but when I search for games +-500 my rating I can see the range limits; all I have to do is minus 500 from the upper limit and I can figure out my rating 😂 Please don't display the rating limits when in zen mode. Otherwise, love the app",4,0,0.16.7,0.16.7,2025-07-16 04:39:46,,,Lichess,Google Play,en,us,2026-04-17 17:51:35
4b059e7a-222d-441a-ad40-4953d926d6a9,Abdelrahman Jasser,very beautiful chess game but return the old version,5,2,,,2025-07-15 15:15:47,,,Lichess,Google Play,en,us,2026-04-17 17:51:35
68b1e16f-ecfc-4671-931d-7169f1cedc21,fsk nve,PLEASE FIX THE ANALYSIS ENGINE LINES DISAPPEARING!!! Otherwise 5 stars. Thank you so much for this app!,5,0,0.16.7,0.16.7,2025-07-15 10:18:13,,,Lichess,Google Play,en,us,2026-04-17 17:51:35
d0f62118-ea40-4a93-a697-fb9989bdfa11,Priyanshu Ranjan,I'm not able to login My account,1,0,,,2025-07-15 09:55:29,,,Lichess,Google Play,en,us,2026-04-17 17:51:35
d520286d-f41c-4ee9-be48-208e855d8316,Chinmay Pani,"first of all the new UI update is horrible. it's very non-intuitive and ugly tbh. second, they removed the option to do computer analysis of the whole game using a single button which highlighted mistakes, blunders etc. third, your low time warning system is utterly useless, the sound it makes for warning is very weak and it only warns you once, not every move. for examples, you can drop below 20sec once and then gain some time due to increment, the 2nd time you fall below 20sec there is no warn",1,45,0.16.7,0.16.7,2025-07-14 19:27:12,,,Lichess,Google Play,en,us,2026-04-17 17:51:35
678b91f9-35a1-4193-8c0c-56ae7700f2d3,Uzor Joseph,The rating doesn't change...it remains constant even when I win or lose matches,1,1,0.16.7,0.16.7,2025-07-14 19:19:09,,,Lichess,Google Play,en,us,2026-04-17 17:51:35
d2f3980e-d90c-48b6-bd64-cb29f04fb16c,Mahmudhon Zokirov,"Good game , the coolest game!",5,3,0.16.7,0.16.7,2025-07-14 17:45:42,,,Lichess,Google Play,en,us,2026-04-17 17:51:35
600ed23f-cc81-4294-82fa-43b72d0b937c,Cody Arnett,still the best 👌 and free. not trying to exploit people who love to play. actually gives everyone the chance to play or learn to play better for free. i love it,5,1,0.16.7,0.16.7,2025-07-14 17:34:40,,,Lichess,Google Play,en,us,2026-04-17 17:51:35
0d3e9d3a-dee9-4db7-8f7e-69de42311be5,raja lakshmi,worst,1,0,0.15.11,0.15.11,2025-07-14 15:50:51,,,Lichess,Google Play,en,us,2026-04-17 17:51:35
b7385e63-d969-4e8f-8148-32bda11de3e1,mamad tabayee,Best chess in android,5,0,0.16.5,0.16.5,2025-07-14 13:46:07,,,Lichess,Google Play,en,us,2026-04-17 17:51:35
0fc6a3af-8bce-4b02-9488-b77d174ae1ff,SRINIVASAN MAHENDRAN,not able to connect with friends,1,0,,,2025-07-13 18:04:49,,,Lichess,Google Play,en,us,2026-04-17 17:51:35
2188e345-cd11-44da-b18c-22290b0f937b,Brian Murimi,"Great, but I'm experiencing app crashes.",5,1,0.16.7,0.16.7,2025-07-13 11:54:33,,,Lichess,Google Play,en,us,2026-04-17 17:51:35
cfe9bb16-96ad-4ea1-a49a-1a744706094b,Siddharth Shankar Kanji,"URGENT NEED: ""Continue from here"" option in Board Editor.",5,2,0.16.7,0.16.7,2025-07-12 21:22:52,,,Lichess,Google Play,en,us,2026-04-17 17:51:35
c9e01e1b-177e-4f0c-ac15-afaeb84be53d,دَاكِن,great app,5,1,0.16.5,0.16.5,2025-07-12 14:35:32,,,Lichess,Google Play,en,us,2026-04-17 17:51:35
c2d7073c-f3d4-48a2-a0a1-e9afe2b6d9c7,Shubham Kumar,This version is getting better now. Thanks,5,1,,,2025-07-12 06:58:56,,,Lichess,Google Play,en,us,2026-04-17 17:51:35
539d681f-c910-413a-a59d-ccc87dfb9c4f,Equinøx,"Thanks for adding the Board Editor, The Opening Explorer, Coordinate Training, and Over the Board feature :D. But I cant migrate fully to this app instead of the old one because I cant play offline against stockfish :(",4,9,0.16.7,0.16.7,2025-07-12 03:45:16,,,Lichess,Google Play,en,us,2026-04-17 17:51:35
709c9eea-cfc5-4a87-b2f4-8061eab7029d,Azerty Qsdfgh,"Simply the best chess platform. Every feature you can think of is included, free and ad-free.",5,1,0.16.5,0.16.5,2025-07-12 02:52:41,,,Lichess,Google Play,en,us,2026-04-17 17:51:35
57c9cc16-7c40-46be-ac03-72e9fee06c0e,Houssem Bougerra,100time better than chess com,5,1,,,2025-07-12 00:55:53,,,Lichess,Google Play,en,us,2026-04-17 17:51:35
8fe42b8a-a195-4ba5-9b3f-1cfc1fcbdcb4,Sri Seshan,very nice,5,1,,,2025-07-11 15:53:51,,,Lichess,Google Play,en,us,2026-04-17 17:51:35
eb5bb9f4-1a59-4c1e-8497-4b46fe924b5f,Vaibhav Thakur,Why i cantfind stockfish 1-14 in this app,1,2,0.16.7,0.16.7,2025-07-11 14:01:14,,,Lichess,Google Play,en,us,2026-04-17 17:51:35
6f8a941d-30b0-4a62-af76-b7d68a58a064,Simon,"there should be an offline mode, but other than that it's great",5,2,0.16.5,0.16.5,2025-07-10 17:45:28,,,Lichess,Google Play,en,us,2026-04-17 17:51:35
215211af-8171-42cb-a6fd-1f26618ccb5d,Austin Withers,Report user function doesn't work on mobile,1,2,0.16.5,0.16.5,2025-07-10 12:30:24,,,Lichess,Google Play,en,us,2026-04-17 17:51:35
a3df9c67-dfe2-4c91-a3ef-7f583c4b83e6,Sashanka VSR,Absolutely perfect. Have recommendations: Include an option to create a study using the app instead of a browser. In the app there's only one way to look at study but not to create one.,4,1,0.16.5,0.16.5,2025-07-10 06:21:38,,,Lichess,Google Play,en,us,2026-04-17 17:51:35
75b794b9-eb83-4165-9eaa-18ca09c2ef27,JUSTINE SORIANO REPUELA,"underrated, like bro, everything's free🤯",5,1,0.16.5,0.16.5,2025-07-09 17:33:25,,,Lichess,Google Play,en,us,2026-04-17 17:51:35
3e6997b1-2029-4ce1-958a-bbf1122b9529,Jotiraj Tandale,Excellent Performance & Interface of new app... Thanks,5,3,0.16.5,0.16.5,2025-07-09 16:44:04,,,Lichess,Google Play,en,us,2026-04-17 17:51:35
b27cc9c9-7e2c-4bf8-b471-e97787870dd1,Slok Mishra,it is completely free and i have learnt so many new openings and tactics from this app . must install,5,2,0.16.5,0.16.5,2025-07-08 16:59:18,,,Lichess,Google Play,en,us,2026-04-17 17:51:35
6876f080-e10c-4614-bf76-81efa71dfffb,Niel,👍,5,2,0.16.5,0.16.5,2025-07-08 11:33:29,,,Lichess,Google Play,en,us,2026-04-17 17:51:35
05060f1a-afa0-4fa3-a787-6d53444e804c,Frog Frog,"had to reinstall on new Phone - so it installed newest version. puzzles are unusable - you cannot check previous moves before solving the puzzle, you cant see eval bar after solving it. just trash",1,1,,,2025-07-08 08:12:34,,,Lichess,Google Play,en,us,2026-04-17 17:51:35
f78c0088-377a-423f-b86a-e98ad0c99df0,pratyush caps,very best chess,5,0,,,2025-07-08 06:56:00,,,Lichess,Google Play,en,us,2026-04-17 17:51:35
004ee9e2-aa76-4ff6-bbb6-1252515a59e0,Laylo Tha Hun,miss click after miss click gets annoying,1,0,0.16.5,0.16.5,2025-07-07 23:06:21,,,Lichess,Google Play,en,us,2026-04-17 17:51:35
8e2f0df2-03d6-4e9c-b671-6fda3a3e857c,Abdeslam Chouimet,Thanks for this amazing platform ✌️☂️,5,1,,,2025-07-07 21:26:11,,,Lichess,Google Play,en,us,2026-04-17 17:51:35
d294d7c6-7d76-4b47-a912-af97d51a5237,Αντώνης Πετσος,open source rocks!!,5,1,0.16.5,0.16.5,2025-07-07 17:17:30,,,Lichess,Google Play,en,us,2026-04-17 17:51:35
8d67a1a6-1e32-43ae-8884-b003cbea6c87,Willie Hezron,nice,5,1,,,2025-07-07 10:57:33,,,Lichess,Google Play,en,us,2026-04-17 17:51:35
bca5c5c7-074f-4b2e-8268-5c8c10b5fa30,Harshvardhan “GhosT” Rathore,The best,5,1,,,2025-07-06 21:24:57,,,Lichess,Google Play,en,us,2026-04-17 17:51:35
6bcb7ed0-482f-4326-8bfd-3b75114be9ff,Clint Shiloh,this version of lichess is awful. pls go back to the previous. full stop.,1,2,0.16.5,0.16.5,2025-07-06 19:12:01,,,Lichess,Google Play,en,us,2026-04-17 17:51:35
69e3e269-d28d-490f-bd8c-0449609d35ab,"C, SAMRIDHHA SEN GUPTA",I can't play this game correctly.,1,1,0.16.5,0.16.5,2025-07-06 17:40:17,,,Lichess,Google Play,en,us,2026-04-17 17:51:35
66fb650c-ffd0-4c8a-9e50-5a86b7ad753d,Ahindra D,best chess app. PERIOD.,5,1,0.16.5,0.16.5,2025-07-06 13:44:49,,,Lichess,Google Play,en,us,2026-04-17 17:51:35
bc0fdbab-97f4-4760-ad38-83b617ceeecc,Bharathi Gagnapuram,best thing ever,5,1,0.16.5,0.16.5,2025-07-05 16:42:42,,,Lichess,Google Play,en,us,2026-04-17 17:51:35
369b3ed1-2c64-4b98-9926-6ba7320f4a92,Munna Is Here,"Very well optimized game. I could not find an option to play computer bots, like offline mode, or there isn't one?",4,1,,,2025-07-05 13:42:41,,,Lichess,Google Play,en,us,2026-04-17 17:51:35
9c987e32-3f3e-4023-b993-facb500e83cf,PRATIK PAWAR,"not a good one to play and improve chess skills, old version was much better where you can play with computer and analyse",1,3,0.16.5,0.16.5,2025-07-05 11:43:03,,,Lichess,Google Play,en,us,2026-04-17 17:51:35
cd298045-18cd-4532-9ed6-fbc862019f01,Richings Mwewa,I think I prefer the older version this one one looks like its working in the browser and some features like watching games of your choice in a tournament by simply tapping on the player of your choice are not working. Just give me the old version,1,56,0.16.5,0.16.5,2025-07-05 09:25:31,,,Lichess,Google Play,en,us,2026-04-17 17:51:35
e6dd87eb-7055-42b5-8e61-8d932d6a4cbb,Nicu Știurcă,Very sluggish for bullet. Lots of lag vs old version. All the new features like different puzzle stuff is cool tho.,2,0,0.16.5,0.16.5,2025-07-05 05:40:28,,,Lichess,Google Play,en,us,2026-04-17 17:51:35
f86459f4-7e43-4a5e-bf95-cf55376cbc6d,Miko Unao,"Can't sign in. It just opens a floating window to sign in, but after loggin in, it does nothing. Please fix this, I really enjoyed the app. Thanks",1,4,0.16.5,0.16.5,2025-07-04 13:28:58,,,Lichess,Google Play,en,us,2026-04-17 17:51:35
6845a8af-3e46-4792-ab02-763ad8fe50cf,Harshit soni,"how to play with Bots in this app. when i sign in the window doesnt open in app, it open in browser... how can i manage this ???",1,2,0.16.5,0.16.5,2025-07-04 07:48:24,,,Lichess,Google Play,en,us,2026-04-17 17:51:35
ad3e3eef-42da-4b62-9ea4-03a80a301553,Bhalchandra Yalamali,Best app,5,1,0.16.5,0.16.5,2025-07-04 06:30:43,,,Lichess,Google Play,en,us,2026-04-17 17:51:35
c77fcf3b-ec95-4e4f-b5f8-e4f8afafa4de,Mandla Mbatha,nice,5,1,,,2025-07-03 18:09:21,,,Lichess,Google Play,en,us,2026-04-17 17:51:35
c7eedaaa-e3ad-4503-bfc2-e1af81812daf,Monica,The us no inbox to chat on the new update!,1,1,0.16.5,0.16.5,2025-07-02 04:04:55,,,Lichess,Google Play,en,us,2026-04-17 17:51:35
4a54e46f-20b0-4ee9-8e0c-18dd16130689,Justin Officer,"I don't usually rate apps but I noticed that Lichess's user rating is much lower than it deserves. This app is great, totally ad free, a chess app by chess players for chess players. The rating system gives you an ELO quickly so that after a few games you are playing with people of your skill level. There are tons of options to customize the layout of your board and pieces and there is a super helpful engine to explore ""best moves"" and different openings. This app is freaking awesome. Thanks.",5,108,0.16.5,0.16.5,2025-07-02 02:21:22,,,Lichess,Google Play,en,us,2026-04-17 17:51:35
19169107-5928-4d9d-b38c-e9ea8d504f2d,Otabek Mirazimov,"Overall, it is one the best chess app, but has some drawback. For instance, when promoting, if people in hurry, they may misclick to nothing(just out of selectiable pieces) and pawn stays as a pawn in the promoting square, but your time goes on. So i think thats bug or something else. Thanks for reading!",4,1,,,2025-07-01 15:05:50,,,Lichess,Google Play,en,us,2026-04-17 17:51:35
07c6be24-105f-4128-b1bb-55dafee20b0c,Tinah Nembire,bad,1,0,0.16.5,0.16.5,2025-06-30 20:57:00,,,Lichess,Google Play,en,us,2026-04-17 17:51:35
78f6559c-1980-4211-b3ff-dd1c844f5c5e,orphe mbakami,This is amazing I love it just work on the tournaments it should become fair.,5,1,0.16.5,0.16.5,2025-06-30 18:02:34,,,Lichess,Google Play,en,us,2026-04-17 17:51:35
650d0860-b758-4e65-92a9-fbb16cb5b437,Dr Hussain TK,very bad interphase.,1,0,0.16.5,0.16.5,2025-06-30 17:39:13,,,Lichess,Google Play,en,us,2026-04-17 17:51:35
8d7e4a63-ccd3-40bd-89f9-4fe192cffed5,ANKIT SINGH RAJPUT,just improve,5,1,0.16.5,0.16.5,2025-06-30 11:04:59,,,Lichess,Google Play,en,us,2026-04-17 17:51:35
33ad07ac-36a8-48c2-8630-0bd0704dcd2f,Alireza Kouhbor,please include offline games against engine with adjustable difficulty levels based on elo ratings. thank you.,4,1,0.16.5,0.16.5,2025-06-30 10:28:31,,,Lichess,Google Play,en,us,2026-04-17 17:51:35
ba6b5b54-71fe-4e14-a5b1-a487428d4091,Jos Chongtham (Jos),retarded app,1,1,0.16.5,0.16.5,2025-06-30 03:03:04,,,Lichess,Google Play,en,us,2026-04-17 17:51:35
1f4d80a1-1a53-43ec-a625-b3e1df7daca4,Peter,"I really love this app , the only problem I cant play in Samsung fold 6 in full screen . anyway 5 star",5,1,0.16.5,0.16.5,2025-06-29 19:21:16,,,Lichess,Google Play,en,us,2026-04-17 17:51:35
59d6c633-2849-4097-b3f7-410368085f3b,Sreehari Sreehari,one of the best chess game application,5,1,0.16.5,0.16.5,2025-06-29 07:46:55,,,Lichess,Google Play,en,us,2026-04-17 17:51:35
c9c3fcef-2066-4b28-bbe3-9d8a652d395f,Amit JOSHI,Thanks team Lichess. Love from Bharat. 🇮🇳,5,1,0.16.5,0.16.5,2025-06-28 21:30:44,,,Lichess,Google Play,en,us,2026-04-17 17:51:35
f959e3f3-f282-4ed4-a006-d54b7d241d04,Anant Raj,"The most obvious reason for extremely hating this App is 'The online bots you play on a live online match, unknowingly:. ""4 out of 10 games"" , I play an online bot , and they harass me with their accuracy, I totally frustrate when I see their instant and accurate move. i hate this on my peak level . Frustrating app and UI. Chesscom is a way better than this app .",1,1,,,2025-06-28 18:05:21,,,Lichess,Google Play,en,us,2026-04-17 17:51:35
dea75289-a7f7-4827-a782-a42039d12266,Dustin,I dont know what they did but the new app is super laggy and ugly,2,0,0.16.5,0.16.5,2025-06-28 13:58:41,,,Lichess,Google Play,en,us,2026-04-17 17:51:35
2769ebbe-d990-4c16-8ea9-abe5efa1ac46,Julien Dumont,"what a disappointment... i reallly enjoyed the old version of the app that i had on my previous phone. this one is confusing, messy, and it seems that you can play against a computer anyone. I feel sorry for all the passionate people who worked on it over the years to see it crippled like this. sad.",1,39,0.16.5,0.16.5,2025-06-28 13:10:53,,,Lichess,Google Play,en,us,2026-04-17 17:51:35
61973a96-f559-442d-920c-c33e306d3d40,Ram,Fantastic App 😁,5,1,0.16.5,0.16.5,2025-06-28 13:05:30,,,Lichess,Google Play,en,us,2026-04-17 17:51:35
fce8b43c-d382-474a-bb82-0b6d97ef840e,Haseena Shaik,I have downloaded and uninstalled 2 times it's not opening bro waste of time and data,1,0,,,2025-06-28 07:44:22,,,Lichess,Google Play,en,us,2026-04-17 17:51:35
e9e0c75f-9bed-444c-be2f-1de584095e90,Hemant Bose,This app is good but for the next update please again add the quick pairing section and also add the learning section with studies as in Lichess website and please also change the name of the app,4,0,0.16.5,0.16.5,2025-06-28 05:57:02,,,Lichess,Google Play,en,us,2026-04-17 17:51:35
e10fb5ae-8e02-4216-a3a5-3897e633e7bd,Ninja xD,"Tge old app was 10,000x better",1,0,0.16.5,0.16.5,2025-06-27 22:37:12,,,Lichess,Google Play,en,us,2026-04-17 17:51:35
88ff1c48-641f-4833-8307-db06082bc109,ANSHI JAIN,interactive chess game in whre u can know with which move and piece u chechmated the most ----home screen widget we want----rather than showing black is Victoria or white is Victorious it's better to say you are victorious with clapping animation and good animations----make analysis of games compulsory atleast after losing,1,1,0.15.11,0.15.11,2025-06-27 21:45:03,,,Lichess,Google Play,en,us,2026-04-17 17:51:35
ed517e54-8c31-4e37-8e20-0477e1704758,bello idris,Terrible update and the worst of all,1,0,0.16.5,0.16.5,2025-06-27 21:11:27,,,Lichess,Google Play,en,us,2026-04-17 17:51:35
15e8eb4a-c4d5-417f-9b8e-86051dabc2bc,Vijay MLV,"While I understand that this is a FREE app, I really really need offline play against bots.",3,1,0.16.5,0.16.5,2025-06-27 19:25:20,,,Lichess,Google Play,en,us,2026-04-17 17:51:35
42fb96f7-659f-450c-b4b8-4c82c43795ae,Kirill Bratanov,"так себе Обнова. дайте хотя бы легаси-версию, чтобы выбор был.",1,0,,,2025-06-27 09:53:14,,,Lichess,Google Play,en,us,2026-04-17 17:51:35
4b44d2e8-fa6d-4d81-b1df-47ba4e79ebe9,Anand Mohan,"i love this app, but not the new version. I'm not able to find ""learn from your mistakes"" which is one of the main reasons why I play in this app.",4,1,0.16.5,0.16.5,2025-06-27 07:37:46,,,Lichess,Google Play,en,us,2026-04-17 17:51:35
9f6905ce-cde3-4d53-9d38-1870abbc4bdc,I Play 9s,direct downgrade to the original no need to change,1,0,,,2025-06-26 23:08:36,,,Lichess,Google Play,en,us,2026-04-17 17:51:35
e842fa08-97c0-4fd4-9a43-a1c529be0d80,sagar dua,pathetic app.,1,1,,,2025-06-26 20:19:55,,,Lichess,Google Play,en,us,2026-04-17 17:51:35
201b6cc1-bb67-4649-9aa8-4ade90085c5d,Nikhil Patil,Best free app,5,1,0.15.11,0.15.11,2025-06-26 19:52:27,,,Lichess,Google Play,en,us,2026-04-17 17:51:35
80b1a948-ae26-4c87-8823-599ec916a73e,Vinay raj,Really lot of content to bought from lichess beta,5,1,0.16.5,0.16.5,2025-06-26 18:24:32,,,Lichess,Google Play,en,us,2026-04-17 17:51:35
42438087-9eb6-4471-99bd-1d3d63646de9,Suhaas M.N,"I mean the interface and UI looks cool and all but, the settings are limited and this is so hard to use and I can't challenge other modes like antichess. We can play those in tournaments but with a friend I played in a browser than this app.",1,13,0.16.5,0.16.5,2025-06-26 16:56:27,,,Lichess,Google Play,en,us,2026-04-17 17:51:35
d5e32191-bdf5-4615-bba3-43da3b79f5f4,Winter,"Whoever is in charge of the new UI, please get rid of him.",1,1,0.16.5,0.16.5,2025-06-26 14:43:05,,,Lichess,Google Play,en,us,2026-04-17 17:51:35
01746f90-99c6-4342-bf4b-d80c65dd0952,Rajesh Kanna,Best Chess app in human history,5,3,,,2025-06-26 14:10:12,,,Lichess,Google Play,en,us,2026-04-17 17:51:35
5d224c1d-0b85-462d-a019-ff8312c9c739,Wanmai Eanglam,"this new version is the worst 😫 can't even play rated now. the game option just disappeared, only tournament links available.",1,0,,,2025-06-26 13:35:18,,,Lichess,Google Play,en,us,2026-04-17 17:51:35
bcfc87b3-326a-4691-898f-89a2b2c7135d,Toewai Aung,A great app for Chess lovers,5,4,0.16.5,0.16.5,2025-06-26 08:28:10,,,Lichess,Google Play,en,us,2026-04-17 17:51:35
0a72297b-1e97-4129-86da-d5c6cc597d78,Muhammed Ashif,"Good and free chess app i liked it, but after reinstalled it, i can't find play with computer option where is it..?",4,1,0.16.5,0.16.5,2025-06-26 03:23:27,,,Lichess,Google Play,en,us,2026-04-17 17:51:35
a4b4dca2-8fb6-4fad-b759-b59437da192a,Cliffeu,"I really like the ability to choose themes for puzzles and presence of clear sections, but please return the usual ""squares"" with chess modes on home section, also study interface feels weird, because now you make moves yourself for the opponent and sometimes it's hard to understand which move you need to play",4,2,0.16.5,0.16.5,2025-06-25 23:50:15,,,Lichess,Google Play,en,us,2026-04-17 17:51:35
c12f03fa-3aef-4082-8a28-75dd7fa97e5f,M Ibrahim,"Absolute trash app, some open source geeks decided to make it complicated to play a simple game",1,2,0.16.5,0.16.5,2025-06-25 22:26:22,,,Lichess,Google Play,en,us,2026-04-17 17:51:35
66ff8329-7d62-4f72-a63b-c5746786471c,Adam Minor,Great website,4,1,0.15.11,0.15.11,2025-06-25 17:15:29,,,Lichess,Google Play,en,us,2026-04-17 17:51:35
c5ff6108-1234-4099-99f4-fc2c05091f52,Malkyvich,currently a mess. very unintuitive and several steps back from previous editions,3,0,0.16.5,0.16.5,2025-06-25 17:11:13,,,Lichess,Google Play,en,us,2026-04-17 17:51:35
bbd24671-342b-4c12-9939-ec92cf8f877e,EE-O26 KSV PAVAN KUMAR.,This app is good but this app need to give brilliant moves when a player made a good sacrifice in game.so plz try to add brilliant moves in analysis. This made a user to play more and interactive manner,4,1,0.16.5,0.16.5,2025-06-25 12:30:29,,,Lichess,Google Play,en,us,2026-04-17 17:51:35
9228038e-c990-4a62-a639-fd03e1ca2f78,Mark Michael,Best app for chess. Just needs an option to play with a bot offline and then it would be complete. Thanks!,5,2,0.16.5,0.16.5,2025-06-25 08:41:52,,,Lichess,Google Play,en,us,2026-04-17 17:51:35
e2f20a22-8cdc-464c-99ab-f3e6b9d0c070,Adam Omar,the best chess app in the world,5,2,0.16.5,0.16.5,2025-06-25 07:18:32,,,Lichess,Google Play,en,us,2026-04-17 17:51:35
4401f700-2290-4aa8-906b-0b773c2a3800,Shane Slabaugh,great app! I can't believe I paid for these features before! I'll definitely be donating to them though,5,2,0.15.11,0.15.11,2025-06-25 03:15:59,,,Lichess,Google Play,en,us,2026-04-17 17:51:35
303a615d-5d7d-4ecc-9d3c-d1bb584a4d17,Khan X,"I can't login to my account, is anyone facing the same issue.",1,0,0.12.5,0.12.5,2025-06-25 01:29:56,,,Lichess,Google Play,en,us,2026-04-17 17:51:35
aa6161e9-d2cd-4c36-9d8c-9c58a72e89d7,Ahmad Ibrahim,"very good chess app totally free, amazing puzzles and studies, the only thing I have a problem with is the fact that computer analysis doesn't show elo in which I played. if you can add that it's much appreciated good work team.",4,1,0.16.5,0.16.5,2025-06-25 01:14:28,,,Lichess,Google Play,en,us,2026-04-17 17:51:35
56879792-b64a-4f41-8f68-7e900c29cd7a,Saurav Kumar,"So, after the recent update, The settings section while analysing a puzzle has been moved to top right corner in a 3 dot symbol which makes it difficult to open one handed. It used to be in the 3 bar section on the bottom right of the device which was perfect. I don't know why these guys are changing what's already right. Change where it's required otherwise it ruins the experience. Hope you get what I'm trying to convey.",1,83,0.16.5,0.16.5,2025-06-24 23:13:31,,,Lichess,Google Play,en,us,2026-04-17 17:51:35
a8913c87-9828-424c-b04a-961a62232d2f,Yamlak Tesfaye,this new beta release lacks the intuitiveness and simplicity of the previous versions,2,0,0.16.5,0.16.5,2025-06-24 21:59:40,,,Lichess,Google Play,en,us,2026-04-17 17:51:35
4fb8d152-ac64-456e-8002-21b355130b32,Nolan,"I used to have fun on this but now it seems to me that they have removed the alternate game modes from the mobile app, very disappointed in this and that was one of the only reasons I used this app besides being able to play my friends.",2,1,0.16.5,0.16.5,2025-06-24 21:40:32,,,Lichess,Google Play,en,us,2026-04-17 17:51:35
945f6807-eb67-49d6-841e-b4e099ecf241,Turan Sarı,"I love the app but after I reinstalled after 1 week, the whole app changed and it looks awful. I hope you change it.",1,5,0.16.5,0.16.5,2025-06-24 15:27:23,,,Lichess,Google Play,en,us,2026-04-17 17:51:35
ff98df15-6ced-4237-8050-a7b7dd2dde10,Abhishek,Best Chess app. New version is very very good than older. Two suggestions: 1. Provide an option to add Profile Picture. 2. Show Country Flag beside the name during Play.,5,2,,,2025-06-24 12:52:07,,,Lichess,Google Play,en,us,2026-04-17 17:51:35
8a308661-b714-4bde-b341-b32ca3833d6e,Navgundan Charan,this game is very bad old game is good,1,0,0.16.5,0.16.5,2025-06-24 05:50:24,,,Lichess,Google Play,en,us,2026-04-17 17:51:35
22ab5cf8-3c10-48f6-9f35-b18aa7a4d740,Raynard Neethling,"The new version is garbage, stick to over the board if you consider the beta version",1,1,0.15.11,0.15.11,2025-06-23 21:20:56,,,Lichess,Google Play,en,us,2026-04-17 17:51:35
3e926be6-a4bd-41af-a3c0-c94334e944c4,Prakhar Sharma,Unable to log in in account even after clicking authorize for numerous times.,2,0,0.16.5,0.16.5,2025-06-23 19:43:14,,,Lichess,Google Play,en,us,2026-04-17 17:51:35
9e5a99fe-ad46-45e4-9979-ca4e5ef49ddb,Bhargava K K,"only the ui is good. the rest of the functionalities need to be added like I could not find the option to ""Play with a friend"" which is very much needed for me",2,0,0.15.11,0.15.11,2025-06-23 19:11:35,,,Lichess,Google Play,en,us,2026-04-17 17:51:35
bc588f77-0397-4d6a-b259-d2d10dba4c78,Yu yang Lim,"where is lichess org, why can't I play my lichess",1,1,,,2025-06-23 12:57:36,,,Lichess,Google Play,en,us,2026-04-17 17:51:35
8ad080f1-26ac-4662-a8bf-b733f3faf644,Swapnendu Chatterjee,wonderful update,5,2,0.15.11,0.15.11,2025-06-23 11:37:06,,,Lichess,Google Play,en,us,2026-04-17 17:51:35
986c76bd-e0b9-432a-822e-de67b6dd8fe8,bukit jose,So bad.. better the old version.,1,4,0.13.13,0.13.13,2025-06-23 08:16:49,,,Lichess,Google Play,en,us,2026-04-17 17:51:35
eddb9264-3699-47d0-8c04-7e8b6b2e6a57,Ali Hedeya,"Absolutely GOATed app, hats off to the Lichess devs",5,3,0.15.11,0.15.11,2025-06-23 02:27:07,,,Lichess,Google Play,en,us,2026-04-17 17:51:35
d60ea38e-c682-45cd-8c61-0a21ea81d131,Onyemaobichukwu Lionel,The old app is better than this beta. This one can't scale to my full screen.,1,1,,,2025-06-22 17:49:29,,,Lichess,Google Play,en,us,2026-04-17 17:51:35
152cb851-7855-4d1a-8345-10a223de5cf4,Parth Zope,"worst chess app ever, ridiculous experience, dreadful application will not recommend this app even to the beginners, I hope playstore removes his app asap, same opponents and high waiting time for games to be loaded",1,1,0.15.11,0.15.11,2025-06-22 12:08:28,,,Lichess,Google Play,en,us,2026-04-17 17:51:35
145cc00e-4d67-43d2-99f3-525fea71d118,dhanalakshmi1987,it is the most inteligence of of chess most puzzles and managing the time and best move,5,2,0.15.11,0.15.11,2025-06-22 11:33:53,,,Lichess,Google Play,en,us,2026-04-17 17:51:35
94aebc3e-2488-4399-9b1f-77675c387922,Amadiikpa Noble,crasy app,1,0,0.15.11,0.15.11,2025-06-22 11:25:13,,,Lichess,Google Play,en,us,2026-04-17 17:51:35
976583af-c563-40ab-b5fe-c1ffa3c1505c,Shaik Sayeed,I have stopped using the lichess app after 6 years because of this beta version,1,2,,,2025-06-22 11:10:04,,,Lichess,Google Play,en,us,2026-04-17 17:51:35
0812ff30-60da-4b50-a4b7-3baa9f1bcb01,Sarthak Sharma (सार्थक),"Kudos to the developers! No matter what others are saying, you have done a good job by doing something new. The app needed a refreshed look and modern UI. Now please keep improving the UX. Also, it would be really helpful to start explaining evaluations of move like Chessdotcom.",5,5,0.15.11,0.15.11,2025-06-22 04:00:47,,,Lichess,Google Play,en,us,2026-04-17 17:51:35
911bd4de-bd56-476c-b4ec-f515802d6d99,Othmen Azzouz,"an engineering disgrace, countless bugs",1,1,0.15.11,0.15.11,2025-06-21 21:42:18,,,Lichess,Google Play,en,us,2026-04-17 17:51:35
da0aaa07-745f-4d87-8511-c0eb65771533,Shovan Saha,Please add a feature that will allow us to play offline with the chess engine.,4,1,0.15.11,0.15.11,2025-06-21 12:59:54,,,Lichess,Google Play,en,us,2026-04-17 17:51:35
45974351-2540-44e9-8f47-4cfac180120f,Alexey Alexey,nice redesign,5,3,0.15.11,0.15.11,2025-06-21 11:39:00,,,Lichess,Google Play,en,us,2026-04-17 17:51:35
5f6bf72a-974e-4ca5-8ec7-b64be502e3bf,Co3co “Coco”,No clue why all these people are saying the new UI is bad. It is so much better than the old one.,5,3,0.15.11,0.15.11,2025-06-21 08:55:42,,,Lichess,Google Play,en,us,2026-04-17 17:51:35
cd8e5156-d7f8-4742-b6ef-7f353a6abb5a,NEHA SHREE,best for Android phone,5,2,0.15.11,0.15.11,2025-06-21 06:01:40,,,Lichess,Google Play,en,us,2026-04-17 17:51:35
2f2ff8da-da35-4be4-87f3-358bacda9a5f,Ayanda Douglas,"This is an absolutely amazing chess app, 100% free.I improved alot in chess without spending a dollar thank you Lichess.",5,3,0.15.11,0.15.11,2025-06-20 22:44:00,,,Lichess,Google Play,en,us,2026-04-17 17:51:35
bcf7e89c-1979-4a02-80e3-10e53c3a4802,dogdon Hindustan gamer,You should make it premium Because you deserve money bro.,5,3,,,2025-06-20 18:57:02,,,Lichess,Google Play,en,us,2026-04-17 17:51:35
0af9cbf1-9833-4cfa-93a6-7e8912823523,SAHIL KUMAR,app is very good but in new version I can't find message option as notifications are missing.,5,3,0.15.11,0.15.11,2025-06-20 18:11:28,,,Lichess,Google Play,en,us,2026-04-17 17:51:35
e0e0c3cf-6026-4ee5-8a67-113e36a17c7d,anand kittu,wonderful and free of cost,5,3,0.15.11,0.15.11,2025-06-20 17:02:54,,,Lichess,Google Play,en,us,2026-04-17 17:51:35
4e577c9c-4157-4bb8-a18f-3f691c4c31ea,Sapan Patro,"I LOVE CHESS... AND I LOVE LICHESS, but lichess beta has disappointed me, there is no way to revert the UI back to orginal, the moment I open the analysis board the app crashes, The UI is more complex, like where the hell do you get to see your chats?... These problems weren't there with the original lichess and that was a lovely app...",3,10,0.15.11,0.15.11,2025-06-20 16:59:31,,,Lichess,Google Play,en,us,2026-04-17 17:51:35
c7e2617a-86bf-4160-9144-d64c9789a79c,Raja Sekhar,nice app,5,2,0.15.11,0.15.11,2025-06-20 15:14:26,,,Lichess,Google Play,en,us,2026-04-17 17:51:35
2f7c984d-d1e7-4baa-9c08-6556d696c6f8,Sudhir Chauhan,features are good but the user interface is bad,2,1,0.15.11,0.15.11,2025-06-20 14:48:00,,,Lichess,Google Play,en,us,2026-04-17 17:51:35
4abf74ec-cfb5-4b8e-b8e9-ccb6afe0c24c,Abhinab Parida,"very good platform to improve in chess, really loved it",5,2,0.15.11,0.15.11,2025-06-20 12:12:34,,,Lichess,Google Play,en,us,2026-04-17 17:51:35
8016d710-90b0-4f22-9420-75be42970d10,JOHN TELUGU TECH,You can only play for 5 minutes offline.,1,3,,,2025-06-20 08:22:27,,,Lichess,Google Play,en,us,2026-04-17 17:51:35
909b9cd7-b2de-426b-85e4-46f0bdfb27bd,ATIKUL HAQUE,Why previous version take out??? Why??,1,1,,,2025-06-20 05:25:11,,,Lichess,Google Play,en,us,2026-04-17 17:51:35
02054705-9f32-4146-bc23-2c0f07f73d27,Irving Alan Ochoa Velazco,"this version to me it's really amazing, i love the new puzzles and the analysis",5,2,0.15.11,0.15.11,2025-06-20 03:02:10,,,Lichess,Google Play,en,us,2026-04-17 17:51:35
546437cc-77b2-4a7f-992e-3e8a3e4bda8c,Nachiketa Pradhan,new interference is interesting.,5,2,,,2025-06-19 23:58:01,,,Lichess,Google Play,en,us,2026-04-17 17:51:35
3314d573-2972-4567-9e59-147add14ee02,lebron james,"worst playmaking, slow connections, waste a lot of time finding opponent,",1,0,0.15.11,0.15.11,2025-06-19 19:11:54,,,Lichess,Google Play,en,us,2026-04-17 17:51:35
497f0e4f-7e06-4603-85a6-d11914be1646,Soumay Patiyal,The beest chess app I have ever used. Better than previous lichess. The best of the app is that it is absoultely free. You cam analyze game in depth. This app is better than manny other chess apps. I liked it,5,2,0.15.11,0.15.11,2025-06-19 17:46:30,,,Lichess,Google Play,en,us,2026-04-17 17:51:35
3d37a9ac-ef48-4422-baec-9a55a106201e,Sayantani Mandal,"Very poor service. Pairing is too slow and the arrangement of the tournaments are very bad. At all my review is, lichessis the worst chess app of all time.",1,0,,,2025-06-19 17:31:43,,,Lichess,Google Play,en,us,2026-04-17 17:51:35
4f7b8177-2c6d-47a8-b53d-5195e005e4d2,Ranjan Dewry,Very poor service. Very difficult to start.,1,0,,,2025-06-19 16:48:28,,,Lichess,Google Play,en,us,2026-04-17 17:51:35
00ddc859-1008-45e4-8cc8-dcbbf6cdaa09,Skealy,The new UI is bs. The piece movement animations are laggy. We should learn how to kill a beautiful application from lichess. Wow!,1,1,,,2025-06-19 15:57:34,,,Lichess,Google Play,en,us,2026-04-17 17:51:35
48046aab-c729-466e-9d7b-07af9e44c6b8,Dave Klompas,"Usefull for anyone looking to improve their game. There is a high level of commitment and passion within the community and the overall software is solid. Alas, the UI is messy and leaves much to be desired. There is no beauty in the layout and the presentation is far too rigid. Overall, Lichess is a very useful tool; but the presentation suks.",3,7,0.15.11,0.15.11,2025-06-19 12:16:35,,,Lichess,Google Play,en,us,2026-04-17 17:51:35
ae93c0e1-dfa2-4b1c-b111-8f3e9c56ac1f,Vijay Kumar Pathipaka,New Beta App experience is Very bad. The old UI is great. don't change it. Also I can now only download Beta. is there the original app.,1,0,,,2025-06-19 06:18:24,,,Lichess,Google Play,en,us,2026-04-17 17:51:35
95bcc25c-52c4-4a4e-95a1-9abe02b2d771,Paul A3,I hope we can have correspondence tournaments with the next updates.,5,2,0.15.11,0.15.11,2025-06-18 17:58:33,,,Lichess,Google Play,en,us,2026-04-17 17:51:35
090220ec-6a22-4124-b6de-152b23bdc9fa,Sincronizar,"New UI is awful, removed ability to play the computer",1,1,0.15.11,0.15.11,2025-06-17 23:47:50,,,Lichess,Google Play,en,us,2026-04-17 17:51:35
815a36fe-8556-42e1-b93d-c6dcc13fde2a,Luca Geno,they need to fix the high rate of cheating to be a successful app. it's frustrating to play opponents who have a constant 13 seconds between moves and insane accuracy.,1,4,0.15.11,0.15.11,2025-06-17 16:59:57,,,Lichess,Google Play,en,us,2026-04-17 17:51:35
b4bff5f3-28ee-4fec-a8a7-fafe0656c0fb,Chisomo Mbewe,"The 3 star I gave you is quite generous compared to the true nature of the app. I mean chess is chess and that's what the app offers but just poorer, less functionality due to omission and no connectivity with my friends prior to the update, I mean I gotta go on a browser just to play people of my liking. The new update ought to revert back to the lichess of 6 months ago, that would really do me a chess lovers some good",3,3,0.15.11,0.15.11,2025-06-17 13:03:13,,,Lichess,Google Play,en,us,2026-04-17 17:51:35
d1e291ff-2a43-411e-b572-21c531515b2f,durbyweb,I want the old one not beta,3,1,,,2025-06-17 08:58:46,,,Lichess,Google Play,en,us,2026-04-17 17:51:35
8d74c58d-4f41-4d72-b5c2-910b300ba51c,Nigger Boy,Don't add the takeback feature if opponents won't use it. How come I always give takebacks to others but my opponents doesn't let me,1,0,0.15.11,0.15.11,2025-06-16 15:29:53,,,Lichess,Google Play,en,us,2026-04-17 17:51:35
3f0fbffd-5651-4044-b755-43999782ba00,Joaquin Perez,Fantastic,5,3,0.15.11,0.15.11,2025-06-16 06:56:34,,,Lichess,Google Play,en,us,2026-04-17 17:51:35
15c4732e-f145-4ba6-9eb0-6258d99bbf5e,Syrily Walei,typically you can't play bots it's also full of cheats,1,2,,,2025-06-15 22:18:31,,,Lichess,Google Play,en,us,2026-04-17 17:51:35
85d8fbf4-f7c0-46e3-bcbf-e86bde8873ab,ہ٨ـہہ٨ـ ہ٨ـہہ٨ـ,Garbage !!! Just give me a rating i am much higher rated people than me,1,1,0.15.11,0.15.11,2025-06-15 12:34:14,,,Lichess,Google Play,en,us,2026-04-17 17:51:35
1f4ea6ef-4d73-4745-80f5-c3acc9e74447,Sai sushanth Tanguturi,there is a glitch in blitz 1 + 0 time control.even after I move a piece my time doesn't stop and I lost so many games because of that.fix it,1,2,0.15.11,0.15.11,2025-06-15 12:12:03,,,Lichess,Google Play,en,us,2026-04-17 17:51:35
8d7f57a0-843c-40cd-ae31-529393e1e91a,Jack el Antidoto,where is vs computer¿,3,0,0.15.11,0.15.11,2025-06-15 05:00:54,,,Lichess,Google Play,en,us,2026-04-17 17:51:35
307967fe-56d8-4e5f-8844-e56655c8db45,BVS Kousik,New version is the worst,1,2,0.15.11,0.15.11,2025-06-14 20:37:02,,,Lichess,Google Play,en,us,2026-04-17 17:51:35
b777cdee-e0e1-4603-bdee-50e56d175c8c,Solomon Carelse,Excellent,5,2,,,2025-06-14 13:56:04,,,Lichess,Google Play,en,us,2026-04-17 17:51:35
dd82a4e8-6068-4926-a2e3-76169bb06408,Karna Pathak,remaintain your ping system auto time deduce without my network problem it's so irrationality,1,1,0.15.11,0.15.11,2025-06-14 10:03:02,,,Lichess,Google Play,en,us,2026-04-17 17:51:35
6b61d755-d218-4aed-b022-fa4d6ebc5973,Neelansh sharma,We are getting a lot for free. Thank you,5,2,0.15.11,0.15.11,2025-06-14 09:17:33,,,Lichess,Google Play,en,us,2026-04-17 17:51:35
9d100337-55cc-4235-9dcf-fe3fdd1f625d,Meyl,"Now the best FREE chess app for playing and learning to get better. If you have any issues or prefer the old app, you can go to the website on your phone, press the 3 dots top right and add to homescreen - works pretty well the same. No ads, no transactions. The alternative top result app has a nicer UI and is more popular/more players - but asks you to pay all the time and limited features unless you pay.",5,94,0.15.11,0.15.11,2025-06-13 22:28:11,,,Lichess,Google Play,en,us,2026-04-17 17:51:35
565373cc-e893-4ecd-ac6c-7e42cae407ff,Yusuf Aminu,"the old version of lichess is better than this Beta. objects or players are visible and the app was very easy to navigate in. it was user-friendly. but this new version is not any improvement on that, players are dull viewed now. also the file size has become larger for absolutely no reason. just wanted my data",1,102,0.15.11,0.15.11,2025-06-13 17:28:30,,,Lichess,Google Play,en,us,2026-04-17 17:51:35
b591e2a6-919c-486a-98a0-6c1fbac9d443,Pratham Goradia,1) where is the option to create a game that I can share the link with my friend and then play? cannot find it after update. 2) why did you remove the arrow keys to see the previous moves while doing the puzzles? seems like unnecessary removal of functionality,3,3,0.15.11,0.15.11,2025-06-13 08:23:12,,,Lichess,Google Play,en,us,2026-04-17 17:51:35
6a1bfb00-0ac1-41cc-afc6-517624a3d489,Shafen Badar,"Blazing fast and many humane factors considered like network latency of user does not drain clock unnecessarily unlike chesscom, I hated because of slow speed and my time draining and me playing time handicap with everyone unwillingly",5,1,0.15.11,0.15.11,2025-06-13 01:22:40,,,Lichess,Google Play,en,us,2026-04-17 17:51:35
550dbeb6-2213-454c-87bf-ac6a99787dc9,br3ndw wing chun,brilliant,5,1,0.15.11,0.15.11,2025-06-13 01:02:23,,,Lichess,Google Play,en,us,2026-04-17 17:51:35
6fdcc755-04cb-4fd0-9f8c-e3a75ef71d6f,Leandro Oliveira,So much better. Lichess is just great!,5,1,0.15.11,0.15.11,2025-06-12 21:21:57,,,Lichess,Google Play,en,us,2026-04-17 17:51:35
13d1c30a-dc84-4a1a-b287-4fb942d34b7c,Ibrahim FJ,"Very great app! I wish you add 'practice with computer' and 'learn from your mistake' options that exist on the original website/app. Would be lovely too if there were move marks (Good, Best move, Brilliant, Inaccurate, Mistake, blunder...). Thanks.",4,2,0.15.11,0.15.11,2025-06-12 20:05:39,,,Lichess,Google Play,en,us,2026-04-17 17:51:35
3afa1d7b-13aa-428a-af42-edabd9da3aec,suryakant mehetre,earlier version was better it was showing anonymous is online or left the game.. n was much better than beta,1,2,0.15.11,0.15.11,2025-06-12 19:26:04,,,Lichess,Google Play,en,us,2026-04-17 17:51:35
19f0b253-6070-4ee6-9e2c-1f19d903b3c4,Fred Kakungulu,It doesn't have the offline play with computer feature. I also can't see my private arena tournaments! My past games list doesn't have other details like whether the game was a tournament game or other like in the old app. Please work on those issues 🙏,3,5,0.15.11,0.15.11,2025-06-12 19:09:00,,,Lichess,Google Play,en,us,2026-04-17 17:51:35
f3812b9f-d9ca-4df1-a9ef-9e474da9513e,Aktore Bagdatuly,"What kind of app is this where there are no settings. You can't change the shapes or remove the vibration, nothing can be done. What nonsense",1,1,0.15.11,0.15.11,2025-06-12 18:30:51,,,Lichess,Google Play,en,us,2026-04-17 17:51:35
59d17d19-cef2-47ea-9b69-9cd1d0dfee25,Samuel Abraham Jacob,Best chess app.,5,2,,,2025-06-12 16:11:09,,,Lichess,Google Play,en,us,2026-04-17 17:51:35
e56333bb-279c-4c9c-857d-6b867bb2f347,Eamonn Mclaughlin,this game gave me 3 different forms of depression 10/10 would recommend,5,2,,,2025-06-12 15:44:29,,,Lichess,Google Play,en,us,2026-04-17 17:51:35
3a0126b0-025c-449b-86f5-5c641efb87ef,S. K,"minimalist ui, loving it",5,2,0.15.11,0.15.11,2025-06-12 09:23:29,,,Lichess,Google Play,en,us,2026-04-17 17:51:35
02bdbc33-8fa0-4380-994b-3001ea750601,Kennam Yanggi,"My problem is that, i can't sign in",3,0,0.15.11,0.15.11,2025-06-12 08:49:38,,,Lichess,Google Play,en,us,2026-04-17 17:51:35
131bac0c-50a1-4c38-84d5-66284071ce9d,PKS,"Best app for chess lovers like me, simple, user friendly, clean interface!",5,1,0.15.11,0.15.11,2025-06-12 03:42:51,,,Lichess,Google Play,en,us,2026-04-17 17:51:35
bbb453f5-53a4-4776-aa93-eb980e9659df,tahsin ahmed,"new layout is garbage. I'm autistic and can't handle change. That is why I'm good at chess. if I have to deal with a whole new layout, I might as well just download a different app. Also the inbox doesn't work, and I had communication with friends there. terrible update. restore the tried and tested design",2,8,0.15.11,0.15.11,2025-06-11 22:15:05,,,Lichess,Google Play,en,us,2026-04-17 17:51:35
528ead41-765c-40e3-89d1-1093b826518c,Justin T,New update is a major step back. Should have waited for it to have all the old features before rolling out a half baked UI change.,3,3,0.15.11,0.15.11,2025-06-11 22:04:02,,,Lichess,Google Play,en,us,2026-04-17 17:51:35
0017be06-7b5b-41b9-b2ce-1d10b62ba183,Elite Sports,This is the best chess app.,5,1,0.15.11,0.15.11,2025-06-11 15:37:34,,,Lichess,Google Play,en,us,2026-04-17 17:51:35
71bb4eef-855f-4575-9f16-8e2f22bacaa6,S Andrei N,on an older version I could play antichess and other game variants. the option to play variants and offline is gone completely.,1,2,,,2025-06-11 15:34:35,,,Lichess,Google Play,en,us,2026-04-17 17:51:35
708abb4c-5a54-4da7-bcf9-7782ee8d22b6,Simon Kruspe,Why are you bullying me by showing me points of rating I lost with each puzzle? I don't play puzzles to worry about rating. Where is the old app anyway?,1,2,0.15.11,0.15.11,2025-06-11 10:52:03,,,Lichess,Google Play,en,us,2026-04-17 17:51:35
75569024-6e9b-4570-b3c2-5e1ffa188e0c,Brodie A,online only. no CPU. humans cheat.,1,3,0.15.11,0.15.11,2025-06-11 10:22:58,,,Lichess,Google Play,en,us,2026-04-17 17:51:35
794282c5-0aa3-4f46-be08-4fe511aa9c80,Chris,it keeps crashing when trying to open the app,2,0,0.15.11,0.15.11,2025-06-10 16:57:53,,,Lichess,Google Play,en,us,2026-04-17 17:51:35
053b91e7-81c4-4adb-90de-5258710f9cd1,--,"log in button doesn't work. i press it, nothing happens.",1,1,0.15.11,0.15.11,2025-06-10 16:29:47,,,Lichess,Google Play,en,us,2026-04-17 17:51:35
f90bc975-1a55-476f-a2c6-511914ac9988,Rybca N,"no ""aquarium piece theme"" in your pieces..so I give you 1 star! just provide us that beautiful theme",1,0,,,2025-06-10 03:26:07,,,Lichess,Google Play,en,us,2026-04-17 17:51:35
fc89f95c-570c-4112-a43e-8d5538e3267a,Anders Nystrom,"strongly dislike the new board and piece color changes, and you can't change it in settings",1,0,,,2025-06-10 01:40:13,,,Lichess,Google Play,en,us,2026-04-17 17:51:35
d4d642ed-1880-4e61-99ff-3c8218250183,Dmytro Korolkov,Great app for all who like ♟️chess ♟️ and it's free / on donation if you like,5,1,0.15.11,0.15.11,2025-06-09 21:53:15,,,Lichess,Google Play,en,us,2026-04-17 17:51:35
a827ce11-3548-45a0-bcfd-11b4ea122274,Testimony,love the app,5,1,,,2025-06-09 20:26:20,,,Lichess,Google Play,en,us,2026-04-17 17:51:35
2fcda6ac-07e0-48a2-b54b-1f29fab1e231,Preeti Shrivastava,it is literally the best chess in the universe,5,1,,,2025-06-09 17:30:56,,,Lichess,Google Play,en,us,2026-04-17 17:51:35
2f024010-3007-40ec-9fbf-b13d88b3c20a,Ritesh gupta,"this is the worst decision by far by the developers to update the app...this version is a nightmare, despite having a decent internet i am unable to make move in time.",1,3,0.15.11,0.15.11,2025-06-09 13:49:17,,,Lichess,Google Play,en,us,2026-04-17 17:51:35
cf456dd7-bb10-473b-9a1d-016c98ed8c2e,Luigie playda,I didn't like a the ruling,1,0,,,2025-06-09 07:30:02,,,Lichess,Google Play,en,us,2026-04-17 17:51:35
613ef199-3f64-4e7f-8e93-afa5052aa32f,raihan rohan,Please add practice with computer and continue from here option in the board editor and study section. We love the new app version and specially the puzzle section is a great help.,4,0,0.15.11,0.15.11,2025-06-09 07:17:12,,,Lichess,Google Play,en,us,2026-04-17 17:51:35
3eb53ea0-ee30-47c2-9fd6-2def6014f1e6,Aditya,"Lichess is an outstanding app for all chess lovers! It’s clean, ad-free, and packed with features — from online matches to puzzles and study tools. I especially love how smooth and lightweight the interface is, making it one of the best chess platforms out there. However, I have one suggestion/complaint regarding the Over The Board (OTB) mode — currently, there's no option to increase or customize the timer duration. This becomes a bit inconvenient when playing longer casual games with friends",4,21,0.15.11,0.15.11,2025-06-09 05:11:55,,,Lichess,Google Play,en,us,2026-04-17 17:51:35
800a7e85-8a75-41dc-84d2-9f3e6317f6d8,P W,can we have the old app back? this is garbage. can't even start a game against the computer,1,2,0.15.11,0.15.11,2025-06-09 02:11:58,,,Lichess,Google Play,en,us,2026-04-17 17:51:35
866d6389-8341-4b65-8fcc-6c48604501b2,Ravindra Doifode,wonderful app for chess practice and best non-subscription experience,5,1,0.15.11,0.15.11,2025-06-08 15:50:50,,,Lichess,Google Play,en,us,2026-04-17 17:51:35
d671a325-32a1-4075-a06d-367949653b2a,Ethan,this needs more features like on the original app,2,1,0.15.11,0.15.11,2025-06-08 15:48:45,,,Lichess,Google Play,en,us,2026-04-17 17:51:35
cf37f497-4622-437d-9556-eeb1e60a9c38,Francesco Mauri,"Especially during tournaments, I sometime get disconnected see the timer of the opponent go to zero and then see that I lost 4 minutes ago, for example, because of connectivity issue. Also for some reason there is not anymore the possibility to play against a computer in the app, you can trigger the match via web browser and the continue in the app but you cannot start it from the app.",3,9,0.15.11,0.15.11,2025-06-08 11:04:40,,,Lichess,Google Play,en,us,2026-04-17 17:51:35
26b38113-4c2c-4224-802f-973badabc9a6,Moondip Konwar,"Decent experience overall. Once again, just like everyone else says, please improve the UI. Also, please add computer here as well.",4,1,0.15.11,0.15.11,2025-06-08 07:07:24,,,Lichess,Google Play,en,us,2026-04-17 17:51:35
234cdb6f-952c-4cfa-bf1b-e216d38e682b,Aaron's world art and craft,wonderful,5,1,,,2025-06-08 06:27:09,,,Lichess,Google Play,en,us,2026-04-17 17:51:35
9b9672df-02d9-4e4a-923c-a15beda7069c,HANNIBAL AL-Kassab,best of the best,5,1,,,2025-06-08 05:37:26,,,Lichess,Google Play,en,us,2026-04-17 17:51:35
eaefd16c-e656-4bfc-80bc-269efb28ab43,Lucas Emanuel Genova,somehow i played for over a year on the old app without realising there was a new one. thanks for making chess available for everyone!,5,1,0.15.11,0.15.11,2025-06-08 01:48:32,,,Lichess,Google Play,en,us,2026-04-17 17:51:35
010da711-2f2d-47a3-840a-41a5478bc0ad,Dom,I think the content is professional but the menu system is a tragedy. I have completely lost in the menu and don't know where to click or how to check my previous actions/puzzles/games. I stop playing it for a month waiting for the devs then will see to continue playing or uninstall.,3,3,0.15.11,0.15.11,2025-06-07 23:05:47,,,Lichess,Google Play,en,us,2026-04-17 17:51:35
35daf01a-d5c0-4004-96ee-9c90391bf6ca,Chibuikem jeremy,"the options on the previous app for creating games and sending the link to whoever you want to play with isn't available. plus it always redirects me to the web anytime I want to spectate my friends games . I had to go back to redownload the other app from a site because of it. please solve the issue. asides that , I honestly love this new app, it's way way better than the former one . please do an update to correct this issue. the ""create a game"" and ""play with a friend "" bar.",4,8,0.15.11,0.15.11,2025-06-07 19:03:06,,,Lichess,Google Play,en,us,2026-04-17 17:51:35
8e85fe18-46b0-40f1-8d17-9e6315bce6ac,Dipanjan Paul,very nice game but it would be better if you guys add the option to play swiss tournaments.,4,0,0.15.11,0.15.11,2025-06-07 18:05:59,,,Lichess,Google Play,en,us,2026-04-17 17:51:35
0419fcfb-53b5-4e32-818f-9bb7c6a3f5f2,Jyoti Aggarwal,"we don't get notifications of tournament we are subscribed to on app it and it also play on web only , I will rat the app 5 star if notifications and tournaments features are added to app",4,0,0.15.11,0.15.11,2025-06-07 18:03:54,,,Lichess,Google Play,en,us,2026-04-17 17:51:35
17710514-182f-4c2f-a8ec-70c2b9123e00,Chess GM,Amazing free to use platform no paywall no annoying ads very good and I highly recommend it not only for playing but also learning and analysing chess.,5,1,,,2025-06-07 11:25:33,,,Lichess,Google Play,en,us,2026-04-17 17:51:35
b8f71bb4-e77f-466d-a74e-b165243195ae,Nirupesh Nag,everything is good except few. 1.I can't donate using google pay 2.I cannot import and analyse games played on other platforms,5,1,0.15.11,0.15.11,2025-06-07 11:20:23,,,Lichess,Google Play,en,us,2026-04-17 17:51:35
d03363bd-a53e-4c93-aa51-dc17e91e3252,VISHAL OP,great for learning chess. Completely free. and no ads,5,1,,,2025-06-07 09:15:18,,,Lichess,Google Play,en,us,2026-04-17 17:51:35
088ebda9-1ef8-4fcd-9ef9-11355ac34add,Matt Ben,the better chess app,5,1,0.15.11,0.15.11,2025-06-06 23:17:10,,,Lichess,Google Play,en,us,2026-04-17 17:51:35
bfb334f0-72fa-47c5-9753-e46c2f12052d,Gargie,it has everything that you need to get better at chess and enjoy the beautiful game.,5,1,0.15.11,0.15.11,2025-06-06 16:49:27,,,Lichess,Google Play,en,us,2026-04-17 17:51:35
4b7746bc-f16c-4ec1-8be7-8b9735d7932a,habiba haider,best app for chess. and it's completely free.,5,1,0.14.14,0.14.14,2025-06-06 13:44:53,,,Lichess,Google Play,en,us,2026-04-17 17:51:35
a45350e0-61d0-4f49-a67a-bba59f54c943,Km Lndr (Kimpoy),I can only select chess 960. There are no options to change it to atomic/antichess,3,0,0.15.11,0.15.11,2025-06-06 13:20:24,,,Lichess,Google Play,en,us,2026-04-17 17:51:35
a65faa93-ddcb-4900-a6d4-650b1ee85968,Ox 9b42,love lichess. but often times the app crashed when trying to open analysis board.,5,1,0.15.11,0.15.11,2025-06-06 09:08:40,,,Lichess,Google Play,en,us,2026-04-17 17:51:35
16cef038-c69d-4bf7-ac1f-103439a385fc,Ali Uğur,New UI looks fine.But in this version you can't play with stockfish with offline mode.That was what I usually do to train.We love lichess and it is free for everyone but I hope you add the offline mode soon,4,1,0.15.11,0.15.11,2025-06-05 23:09:06,,,Lichess,Google Play,en,us,2026-04-17 17:51:35
9f08f48a-9ff8-4aab-8f00-8959a1d9dfae,Andrey Kadatsky,How to change the appearance of chess pieces? I want the usual one like on the site,3,0,0.15.11,0.15.11,2025-06-05 21:34:08,,,Lichess,Google Play,en,us,2026-04-17 17:51:35
d7dda65f-ef82-4432-9b33-632db1b09aad,Junior Nafimane Heita,the UI is great but the sever ping times have increased making it much harder to play bullet and blitz.,1,1,,,2025-06-05 19:09:07,,,Lichess,Google Play,en,us,2026-04-17 17:51:35
ebea7df1-e202-45fb-a851-6a6e105b8806,Farahin Farisha,jst give me the old version bro,1,3,0.15.11,0.15.11,2025-06-05 14:27:06,,,Lichess,Google Play,en,us,2026-04-17 17:51:35
be8cfbd5-6d5f-47b1-90f4-236ccf035094,wayden kok,"good that they're adding new features now. i hope they add Swiss tournaments, learn from your mistakes and challenge stockfish and all other features from the site and this app will be complete",5,2,0.15.11,0.15.11,2025-06-05 02:03:21,,,Lichess,Google Play,en,us,2026-04-17 17:51:35
e4f4e8bd-2514-4b67-a42b-1a707b3c3dc9,Predator YT,free,5,1,0.15.11,0.15.11,2025-06-05 01:05:46,,,Lichess,Google Play,en,us,2026-04-17 17:51:35
d1b6267a-59c4-4465-a49c-796f327d84cd,Priyanka Saxena,poor algorithm to decide the games in rapid chess. algorithm is weak and not intelligent enough to identify matching expertise level players in games. that's the reason,2,1,0.15.11,0.15.11,2025-06-04 22:54:10,,,Lichess,Google Play,en,us,2026-04-17 17:51:35
8893c422-9076-46f9-a4e4-d2f25b47262a,Atif arain,best,5,1,,,2025-06-04 18:14:48,,,Lichess,Google Play,en,us,2026-04-17 17:51:35
00c57cd9-57e0-4e33-85a6-0bc40f86f884,خالد أبو سليمان,لا يمكن اللعب مع المحرك,2,0,0.15.11,0.15.11,2025-06-04 17:16:14,,,Lichess,Google Play,en,us,2026-04-17 17:51:35
9b209bba-aeb5-495e-a5cb-b6950a739ea6,mehran behnia,excellent 👌🏼,5,1,0.15.11,0.15.11,2025-06-04 09:27:47,,,Lichess,Google Play,en,us,2026-04-17 17:51:35
bc755ea8-040c-4491-98f3-69b09358ff50,Ganga Sailesh Kolisetty,Excellent Just add the tab to know how many games played how many wins and loss,5,2,0.15.11,0.15.11,2025-06-03 22:45:25,,,Lichess,Google Play,en,us,2026-04-17 17:51:35
58054ec4-3b57-4f67-8deb-15c0fb8064dc,Mate Pavin,Old one was superb.,1,3,0.15.11,0.15.11,2025-06-03 22:06:35,,,Lichess,Google Play,en,us,2026-04-17 17:51:35
380f5256-0def-4ab0-a34d-ce2c29d81917,Lenin Akoijam,Developed the leaderboard lists for correspondence games.. & also developed Swiss round formats..,3,0,,,2025-06-03 05:49:53,,,Lichess,Google Play,en,us,2026-04-17 17:51:35
c234fad1-1ee9-4893-a808-e3dbdb4d650a,wailing hoh,It is very good not only it's free you can also learn chess lessons,5,2,,,2025-06-02 09:16:17,,,Lichess,Google Play,en,us,2026-04-17 17:51:35
235ac04b-a558-417e-aecf-5b209453426c,Konstantinos R. Sidiropulos,"The exceptional alternative to the chess. ... platform that will monopolize the market in a few years. Lichess is an online chess platform that offers a wide range of features, including online chess games, puzzles, training tools, and live broadcasts, with a user-friendly interface, absence of paywalls, and commitment to promoting accessible chess for all. If you have the possibilty, please support them...I do...",5,23,0.15.11,0.15.11,2025-06-01 19:59:20,,,Lichess,Google Play,en,us,2026-04-17 17:51:35
9f987b7e-ad1e-4f56-8e91-810ecc2a9f51,Behnee Doo,"Haven't been able to sign in every user I use "" has been used"" according to them.. how do I go about it?",1,2,0.15.11,0.15.11,2025-06-01 12:14:48,,,Lichess,Google Play,en,us,2026-04-17 17:51:35
077ccee4-5137-41e4-abbd-964c3a225fce,Michael Saad,finally the complete software for mobile with all computer features,5,1,0.15.11,0.15.11,2025-05-31 13:25:21,,,Lichess,Google Play,en,us,2026-04-17 17:51:35
83ed215c-3478-41ff-bf92-1b2aa0eb5967,Aatman Panchamiya-01,some puzzle include check and mate in one move which is the best move but the best move showed in app is different,1,1,,,2025-05-31 11:38:50,,,Lichess,Google Play,en,us,2026-04-17 17:51:35
dc42ab4b-8f46-461e-9381-566190f3652c,itizMaj,Way too bad compared with Chessdotcom,1,3,,,2025-05-31 09:16:20,,,Lichess,Google Play,en,us,2026-04-17 17:51:35
eecf106a-fb89-4997-b845-a524e21ef62e,Tamana Das,good,5,1,,,2025-05-31 08:41:22,,,Lichess,Google Play,en,us,2026-04-17 17:51:35
b2efbdd2-e5a6-499e-bed8-a3a98f07cc9f,Aviral Tiwari,I am not able to sign in they don't send the link on Gmail,2,0,0.15.11,0.15.11,2025-05-31 05:35:21,,,Lichess,Google Play,en,us,2026-04-17 17:51:35
f8b7d895-ef95-4975-a8fc-545b061f41fa,Barna Zajzon,"messaging doesn't work: during the game, I can type in and send a text, but nothing shows up. There's also no ""messages"" tab anywhere, so it's not possible to write to a player outside a game. Agree with the others, the new layout is just terrible.",1,18,0.14.14,0.14.14,2025-05-30 19:10:49,,,Lichess,Google Play,en,us,2026-04-17 17:51:35
d629d218-8db6-4eff-849c-14d77b104397,Nishant,app was good before update,1,3,0.15.11,0.15.11,2025-05-30 13:12:17,,,Lichess,Google Play,en,us,2026-04-17 17:51:35
e9b77ce2-b9e3-49fd-851d-8bb4670c3f52,Nentawey Samson,"horrible UI, the old one was better. I can't even play my local tournament on the app, I would have to go online to do it. In general, it seems the UI issue is only on adriod. You guys should please try and fix this.",1,29,0.15.11,0.15.11,2025-05-30 07:03:21,,,Lichess,Google Play,en,us,2026-04-17 17:51:35
88d82dbc-aeca-4836-9a41-31204f5053a2,Mostofa Zaman,"Missing a very important feature, i,e opponent stats vs me",3,0,0.15.11,0.15.11,2025-05-29 22:39:45,,,Lichess,Google Play,en,us,2026-04-17 17:51:35
48f81f29-27e7-45d8-af21-aba74bd97f87,Tanna Bhavik,"✨✨ wonderful upgrade, now it can definitely complete against the one and only compitition game review is more eye catching ❤️",5,1,,,2025-05-29 13:47:46,,,Lichess,Google Play,en,us,2026-04-17 17:51:35
94748d6b-0639-4a5c-9a46-dea7582e86dd,Pradip Rathod,design of king and queen is not well,1,1,,,2025-05-29 09:41:37,,,Lichess,Google Play,en,us,2026-04-17 17:51:35
f9b0b4fe-51ea-4526-8076-cc430b09c769,azam dastkhosh,good,5,1,0.15.11,0.15.11,2025-05-29 09:09:46,,,Lichess,Google Play,en,us,2026-04-17 17:51:35
3afbb9dc-c66e-4bb8-a543-fa3ebd3abce0,Svarog,What an ugly board.and pieces I can't distinguish queen king and bishop.,1,1,,,2025-05-27 21:01:30,,,Lichess,Google Play,en,us,2026-04-17 17:51:35
e6aecef4-cd01-4bd5-ba21-eeb71e998fa1,A J,"Lacks offline play that was available in the previous version. They should have kept the older version in the Play store for those who wanted to play offline till the functionality is available in the new version. The offline play in the old app and the play against computer in the site/beta version use the same release of Stockfish, so there is no benefit in using the new app for this particular gameplay mode.",3,8,,,2025-05-27 20:32:12,,,Lichess,Google Play,en,us,2026-04-17 17:51:35
53975bb3-e8cc-4506-9acc-5fe271555136,bob dylan,"the new version is just plain retarded, go back to the old version, I did. why would anyone try to make Lichess software worse.",1,3,0.15.11,0.15.11,2025-05-27 20:08:33,,,Lichess,Google Play,en,us,2026-04-17 17:51:35
3197f1df-694b-47d4-9675-339dad452bf2,subhashini sethupathi,keeps doing random moves,1,1,0.15.11,0.15.11,2025-05-27 16:15:12,,,Lichess,Google Play,en,us,2026-04-17 17:51:35
3e312edf-0852-4426-b8d9-c2338739c95c,Kavita Singh,"Everything is best, but in my opinion in study section their must be some the name of the moves like en passant, opening, stalemate, common mistakes, etc. and their must be the option of color changing in the clock",4,0,,,2025-05-27 11:21:31,,,Lichess,Google Play,en,us,2026-04-17 17:51:35
ffea2ba5-0380-42a6-bd33-b940489d3f8f,Shubham Chauhan,messages?,1,1,0.15.11,0.15.11,2025-05-27 09:31:49,,,Lichess,Google Play,en,us,2026-04-17 17:51:35
131aa260-be1e-49f1-93bf-a28cb4488500,neeta singh,where is the option to play with computer?,1,4,0.15.11,0.15.11,2025-05-27 09:09:24,,,Lichess,Google Play,en,us,2026-04-17 17:51:35
c84c44ee-a00c-41d6-a5d8-862a2d775054,ABHISEK MONDAL,Very very good UI than older. It's going to be perfect after each updates. Please add profile picture and Country flag option beside each players username.,5,2,0.15.11,0.15.11,2025-05-26 22:05:48,,,Lichess,Google Play,en,us,2026-04-17 17:51:35
da284ef2-3f1f-4cf2-9cd1-6cd2647e80b3,Thiyagu.g,very nice app,5,1,,,2025-05-26 18:54:30,,,Lichess,Google Play,en,us,2026-04-17 17:51:35
cc6187a1-3e2b-4005-b2cd-6085ebb517ac,pc pc,the engen is very bad,2,1,,,2025-05-26 15:56:07,,,Lichess,Google Play,en,us,2026-04-17 17:51:35
c4dae7a9-d9a9-490f-bb3f-8ae2fb578ec0,Sumit Mazumder,best chess game UI,5,1,0.15.11,0.15.11,2025-05-26 15:30:02,,,Lichess,Google Play,en,us,2026-04-17 17:51:35
3fa055c9-cd15-4089-89c7-5408b0301ecf,Mayur Jirkar,"so much better, so smooth, I left every other chess platform and using this app regularly now",5,1,0.15.11,0.15.11,2025-05-26 14:13:31,,,Lichess,Google Play,en,us,2026-04-17 17:51:35
60a20a18-4724-400a-afe7-367ae62f0b2b,Aman Rai,"People expect tooo much from a open source project, thinks it needs to compete commercial elites.. WELL LICHESS DOES ALL THAT FOR FREE. So even if any problem exists be little patient it will be solved. Do donate with the same fury you report problem's",5,1,0.15.11,0.15.11,2025-05-26 12:11:22,,,Lichess,Google Play,en,us,2026-04-17 17:51:35
2a4433a2-6bac-4d55-8fda-928fa120cc3d,ade spade,"I just wanted to play regular chess, couldn't work out how to do that..I'll gobback to chess. com or some other one.Too complicated...I want to learn how to play chess, not your platform.",2,2,0.15.11,0.15.11,2025-05-26 11:28:50,,,Lichess,Google Play,en,us,2026-04-17 17:51:35
5b43b3d6-d16b-44bf-b377-65f93e7b82ec,Larosh,please add the offline single player with computer and offline Multiplayer modes,5,1,0.15.11,0.15.11,2025-05-26 11:28:08,,,Lichess,Google Play,en,us,2026-04-17 17:51:35
22e43edf-4e11-41bd-91f0-fab94e2d1167,Aditya Ranjan Samal (Adi),"That's it! Open-source software wins! The new UI with Material You is way better than the old Lichess app. Why's it still in beta, though? Whatever, it's perfect.",5,2,0.15.11,0.15.11,2025-05-26 10:43:30,,,Lichess,Google Play,en,us,2026-04-17 17:51:35
881176a2-b87a-4e42-8e2a-22e7026887b6,Shiv KIshore Singh Khangar,where is the option to play with stockfish(computer)??,4,1,0.15.11,0.15.11,2025-05-26 05:41:40,,,Lichess,Google Play,en,us,2026-04-17 17:51:35
a79f5615-5bc6-46e6-8347-8aa7740e4d97,slbtty,Very good 👍,5,1,,,2025-05-25 23:14:18,,,Lichess,Google Play,en,us,2026-04-17 17:51:35
0b69b0a3-d078-424a-ac2c-a836730ad10f,Shubh Narayan Mishra,great,5,1,0.15.11,0.15.11,2025-05-25 14:29:46,,,Lichess,Google Play,en,us,2026-04-17 17:51:35
63f2c3b7-40e9-4275-a935-9063a15eb5ab,Taposh Baroi,it is a worst app it keeps loading and loading very slow,1,1,,,2025-05-25 06:08:52,,,Lichess,Google Play,en,us,2026-04-17 17:51:35
2af390a9-8971-4959-9bdf-028238d2f00f,Edward Lopez,The original Lichess app was excellent. best online chess app on the internet. This beta version is absolutely unplayable.,1,2,,,2025-05-24 23:06:26,,,Lichess,Google Play,en,us,2026-04-17 17:51:35
1e73995b-52fd-4a1e-9682-42e5b0bea8a3,Deepan Shah,Great app. maybe the best app ever for a chess enthusiast. please bring back option of retrying mistakes.,5,1,0.15.11,0.15.11,2025-05-24 21:39:37,,,Lichess,Google Play,en,us,2026-04-17 17:51:35
a0b9c368-dc64-4df2-afb2-9718b6c2b88f,Dean Rawlins,Big improvement from the original app. Has more options to use from the website.,5,1,0.15.11,0.15.11,2025-05-24 18:26:22,,,Lichess,Google Play,en,us,2026-04-17 17:51:35
9c1038a5-49fb-48bc-9650-bc4071ca64a0,Kiren Siva,Ui is very bad. The old one was really awesome. But how can I install old one?,1,2,0.15.11,0.15.11,2025-05-24 13:32:16,,,Lichess,Google Play,en,us,2026-04-17 17:51:35
e898f584-fc13-4499-adae-7c3253fce55f,Emman Ikenna,Why this unnecessary ui changes. I want to revert back to previous ui.,1,2,0.15.11,0.15.11,2025-05-24 13:17:40,,,Lichess,Google Play,en,us,2026-04-17 17:51:35
c25d73c8-3d72-4278-b55e-47a895ac66d4,Techie Planet (Knowledge World),Very good design.,5,1,,,2025-05-24 12:59:10,,,Lichess,Google Play,en,us,2026-04-17 17:51:35
2dd6d556-0a8c-4721-b651-1768467be32f,Eren Erbay,nice update can't login 🔥🔥🔥,1,1,0.14.14,0.14.14,2025-05-24 11:11:20,,,Lichess,Google Play,en,us,2026-04-17 17:51:35
1063cd44-c425-4cc2-ac4e-514754ba5013,Wills1 Wayne,"confusing application, it's not obvious how to play a game of chess offline. Edit: tried again, there is no way to play offline chess with this app. false advertisement.",1,4,0.15.11,0.15.11,2025-05-24 03:06:15,,,Lichess,Google Play,en,us,2026-04-17 17:51:35
3d063742-222f-4e21-9074-0009310052b7,Chris,The old one was miles better than this trash Can't even play variants except 960 The Old app was Truly Great,1,2,,,2025-05-23 12:51:07,,,Lichess,Google Play,en,us,2026-04-17 17:51:35
ab093b40-378a-46c8-9afd-af7cf5e6a6f7,Bhuvnesh Sahu,"everything is good but cutting 1 star is because it doesn't show the count of book moves, blunder, excellent, great, good, inaccuracy, brilliant and also starting rating being 1400 is bad like any player who is actually 1400 will end up playing more 400 then 1400-1500 lol, make the starting rating somewhere between 400-500 Do any 1 in next update and I will give 5 star",4,1,0.15.11,0.15.11,2025-05-23 12:21:50,,,Lichess,Google Play,en,us,2026-04-17 17:51:35
5e165b45-b2f4-4643-9dee-1259e9350804,magdy hatem,beta is very very bad,3,1,0.15.11,0.15.11,2025-05-23 09:05:29,,,Lichess,Google Play,en,us,2026-04-17 17:51:35
40d5bc13-0295-4b9c-b958-597c81b575b6,Mario De Luca,The new beta version looks awful,3,1,0.15.11,0.15.11,2025-05-23 08:49:44,,,Lichess,Google Play,en,us,2026-04-17 17:51:35
b31a943e-bce4-4cb9-8e98-bd3971dc04cf,Sir Kenshah,Best. Simple.,5,1,0.15.11,0.15.11,2025-05-22 20:49:12,,,Lichess,Google Play,en,us,2026-04-17 17:51:35
9425448b-d571-49e3-9085-40d15a48e469,randy burcedealday,very nice app chess..,4,0,0.15.11,0.15.11,2025-05-22 14:29:47,,,Lichess,Google Play,en,us,2026-04-17 17:51:35
bf4a8c66-0ea3-48bf-92a1-afe7273c7b2e,– Raunak.,"i ain't getting any computer comments when i load my game. fix the bug please. and thanks for the good work, keep it up!",4,0,,,2025-05-22 09:00:05,,,Lichess,Google Play,en,us,2026-04-17 17:51:35
d1b37ade-fe2f-41d6-add1-07dbaeaa4a18,Geoff Fulton,"Poor choice of screen usage, pieces look non distinct. The old UI was better.",2,3,0.15.11,0.15.11,2025-05-21 19:00:22,,,Lichess,Google Play,en,us,2026-04-17 17:51:35
7ec5fcc7-5b32-41f0-863c-7ef5711ed19c,Matthew Giotar,"This game used to gave a menu option for a single player again the computer. That option is totally gone now. I see online ""bots"".. I wish they didn't change app like this.",2,1,,,2025-05-21 17:07:38,,,Lichess,Google Play,en,us,2026-04-17 17:51:35
a4877643-a89f-4cc0-93c4-3d222d376dc5,Alfred kuneta,good app,5,1,0.15.11,0.15.11,2025-05-20 21:34:48,,,Lichess,Google Play,en,us,2026-04-17 17:51:35
95106381-d706-4967-90c1-066dea4fa947,William,great,5,1,0.15.11,0.15.11,2025-05-20 20:26:38,,,Lichess,Google Play,en,us,2026-04-17 17:51:35
e6d94822-5079-4fb8-a412-4be32b86cb32,pavan kumar,great chess app,5,2,0.15.11,0.15.11,2025-05-20 08:10:24,,,Lichess,Google Play,en,us,2026-04-17 17:51:35
7cbf15fd-75b7-4217-b730-7c16949c351b,Mouath,the best,5,1,0.15.11,0.15.11,2025-05-19 22:37:39,,,Lichess,Google Play,en,us,2026-04-17 17:51:35
b14f9dbd-bdb1-40ac-82cf-12cead63044d,Арсеній Барзелович,playable. but much less intuitive and featured than the website.,5,20,0.15.11,0.15.11,2025-05-19 15:29:37,,,Lichess,Google Play,en,us,2026-04-17 17:51:35
a820d324-7634-4b3b-80fa-0c06142e5b44,Shaik Sayeed,I live in US and I am only able to download the beta version.,1,4,,,2025-05-19 09:06:02,,,Lichess,Google Play,en,us,2026-04-17 17:51:35
4b32d08d-3613-4f71-b9f0-6e4e02aaef83,Hriday Panchal,"hands down the best chess app available currently, the new interface looks absolutely beautiful!, works really smoothly, easy to navigate. great job as always 😊 lichess team never fails to deliver. getting to use it without charges and ads is such a delight, thanks to all the patrons who contribute to the lichess community!",5,6,,,2025-05-19 08:12:41,,,Lichess,Google Play,en,us,2026-04-17 17:51:35
7dda6d78-0e98-40a9-8b25-4c53ca0bc856,Mathias Laustrup,"App used to look and work amazingly, now it's garbage. Wth?",1,4,0.15.11,0.15.11,2025-05-19 06:48:12,,,Lichess,Google Play,en,us,2026-04-17 17:51:35
ef840c87-3893-4af8-b034-2ed5c73482c5,Dinesh G,the best I've seen ever,5,2,0.15.11,0.15.11,2025-05-19 05:43:43,,,Lichess,Google Play,en,us,2026-04-17 17:51:35
3141bcda-d104-49f8-9d77-5813eb57ee6f,Misrak Negash,"I don't even know why they make so many changes. it is like learning chess from the beginning as the look and feel is so fake, unlike the old one. Horrible UI. Uninstalled and never to return.",1,4,,,2025-05-19 00:35:33,,,Lichess,Google Play,en,us,2026-04-17 17:51:35
6a5f26eb-0a88-40ca-bc76-716bbaa8c72a,John Kenedy,can you please add the brilliant move to the computer analysis and if you can't make this please hire me and I will make this for you,5,3,0.15.11,0.15.11,2025-05-18 16:22:43,,,Lichess,Google Play,en,us,2026-04-17 17:51:35
4660c638-3771-4578-b622-99e11a098630,Michelle Tabarina,don't like chess,1,2,0.15.11,0.15.11,2025-05-18 05:59:18,,,Lichess,Google Play,en,us,2026-04-17 17:51:35
fdf56700-6d62-4ba8-a164-cdbe002767bb,pax romans,"Much better ux than the original app. Pls fix the latency, blitz is unplayable now. Old app have better ping.",4,0,0.15.11,0.15.11,2025-05-17 18:00:46,,,Lichess,Google Play,en,us,2026-04-17 17:51:35
9e007201-b465-433d-9bac-c479a02965c2,aniket sawant,beta version is really bad,1,4,,,2025-05-17 16:26:49,,,Lichess,Google Play,en,us,2026-04-17 17:51:35
818af291-293f-46d6-9181-5c68df6eab27,Stumpy 1492,they made an already bad app worse. even more laggy and removed features.,1,3,0.15.11,0.15.11,2025-05-17 16:06:47,,,Lichess,Google Play,en,us,2026-04-17 17:51:35
0fcc3505-528a-496d-98bb-2da19eec4e4e,Nicholas Wright,the app is trash compared to the original lichess app.,1,4,,,2025-05-17 09:55:28,,,Lichess,Google Play,en,us,2026-04-17 17:51:35
bfa61cc6-3b70-42b4-8962-685cfff98266,Bbolkj Vhhbny,Love this app. It's smooth. I hope all the features that the website has to offer will be included in this app in the future. edit: It has become even more awesome after the new updates. Just why isn't this more popular?,5,4,0.15.11,0.15.11,2025-05-17 07:39:22,,,Lichess,Google Play,en,us,2026-04-17 17:51:35
c639caee-ed83-47e5-8db5-e6198f4696f7,J S,"Get rid of Stockfish. It is useless, the worst player ever and it is obsessed with knights.",1,1,0.15.11,0.15.11,2025-05-17 04:56:56,,,Lichess,Google Play,en,us,2026-04-17 17:51:35
83098a63-d3c6-4b70-aed8-3502ecf40ead,Legend?,"the new app looks to have potential but it freaking sucks tbh it doesn't show variant tournaments in the arena tab, just do something about this already",2,0,0.15.11,0.15.11,2025-05-16 21:17:28,,,Lichess,Google Play,en,us,2026-04-17 17:51:35
45636c7f-f714-477a-b713-8973b6cf5611,Anvarbek Quvandiqov,good,5,1,0.15.11,0.15.11,2025-05-16 18:53:02,,,Lichess,Google Play,en,us,2026-04-17 17:51:35
d435f2bb-364a-4503-8705-5798a5ae5eec,Faley Leyfa,"where is the original lichess app, u guys always mess things up So where is the original lichess app b4 u brought this disaster",1,5,,,2025-05-16 18:34:15,,,Lichess,Google Play,en,us,2026-04-17 17:51:35
d32108d7-5d2f-4c25-bab9-dd2b94708a5c,Vyas Giriraj,"no ""practice with computer"" feature new icons for chess pieces are not good",1,3,0.15.11,0.15.11,2025-05-16 10:45:51,,,Lichess,Google Play,en,us,2026-04-17 17:51:35
8832b7ab-7d9c-4abc-ae71-df78dcafa5c5,Enric Cama,the best chess apk dor me,5,1,0.14.14,0.14.14,2025-05-16 07:38:13,,,Lichess,Google Play,en,us,2026-04-17 17:51:35
76226b77-d2c6-4d2d-8588-3b157aa137d7,Shivam Chaturvedi,where i can download that old version. that old version ui is better.,3,4,,,2025-05-15 10:22:10,,,Lichess,Google Play,en,us,2026-04-17 17:51:35
b90ffccc-32e9-4145-91a0-7128511b4906,Senthil Murugan,The best chess app I had used,4,1,0.12.5,0.12.5,2025-05-15 05:43:54,,,Lichess,Google Play,en,us,2026-04-17 17:51:35
eaeff008-6ea4-4db5-993b-e236d16612d3,Simokun “Simokun” sama,I can't play unrated. I've tried everything. The older app was good even though it lacked arrow drawing and puzzles etc... I have a bad feeling about anything that will be updated in the future..,1,27,0.15.10,0.15.10,2025-05-15 05:11:50,,,Lichess,Google Play,en,us,2026-04-17 17:51:35
3a08b263-904a-4e46-8d64-64597b68da26,Emmanuel Mubita,lichess is the best chess app,5,1,0.15.10,0.15.10,2025-05-14 21:25:46,,,Lichess,Google Play,en,us,2026-04-17 17:51:35
322e5f73-e4ad-45ba-b415-bd2c5ab1720f,Fateme Barzi,عالی,5,1,,,2025-05-14 18:58:51,,,Lichess,Google Play,en,us,2026-04-17 17:51:35
55d9ebbf-ebd9-42e2-9c7d-955e7d6cea24,salim alswyl,"It is good in analysing, gameplay, and theme not that much in learning, but it does what it made for. I put three stars because of something bad in this update. Why I can't play offline with Stockfish anymore ? it was very helpful ! please, we want it back early 🙏",3,4,0.14.14,0.14.14,2025-05-14 13:14:27,,,Lichess,Google Play,en,us,2026-04-17 17:51:35
3419d48b-df80-455a-9d3d-c05a84e33a64,Lunix I,"The best chess platform ever exists, I can't explain how much it's perfect. 100/100. everyone need to use Lichess.",5,1,0.15.10,0.15.10,2025-05-14 11:18:09,,,Lichess,Google Play,en,us,2026-04-17 17:51:35
87cc1780-b8b6-4cc3-b93e-1565d93caecc,Paramveersingh Sunnymahal,jab be main bullet khalta hu aur main phala move khalta hu to booth delay ke baath opponent ke baaree aate hai jis ke karan mera time jilde khatam ho jata hai😡,1,1,0.15.10,0.15.10,2025-05-14 07:41:51,,,Lichess,Google Play,en,us,2026-04-17 17:51:35
e1df1b7d-6591-4fcc-81be-688f08d3180b,Parker Brown,UI is horrifying. immediately uninstalled and went back to regular app,1,5,0.15.10,0.15.10,2025-05-13 16:53:10,,,Lichess,Google Play,en,us,2026-04-17 17:51:35
4a51caaa-607f-4c63-9953-c5a935b4d016,Shrey Iyer,"Pls add ""Titled players"" as a filter while searching for our own games.",5,1,0.15.10,0.15.10,2025-05-13 16:52:51,,,Lichess,Google Play,en,us,2026-04-17 17:51:35
34e215a3-7f03-465d-8e5f-16ff666c5cbb,Sneha Nahar,very good,5,1,0.14.14,0.14.14,2025-05-13 14:44:25,,,Lichess,Google Play,en,us,2026-04-17 17:51:35
2c8f4404-92d1-4cee-afd7-b26fe33ea3f1,andrew orosco,can not play tournaments,2,1,0.14.14,0.14.14,2025-05-13 14:03:22,,,Lichess,Google Play,en,us,2026-04-17 17:51:35
815ccac7-b9c0-43bc-b587-c2a1fec3e0ac,Nour Hsini,the pieces look bad I'm used to the old ones and there is no preference to change how pieces look,1,6,,,2025-05-13 11:25:52,,,Lichess,Google Play,en,us,2026-04-17 17:51:35
decad6ba-4fa9-4375-9cf8-23717be6500a,Nirmal Dhapodkar,Where are the bots? I want to play with computers.,5,2,0.14.14,0.14.14,2025-05-13 07:17:41,,,Lichess,Google Play,en,us,2026-04-17 17:51:35
ed45f41c-ce90-445c-87c8-7b63eaf2769e,Fredo Corleone,"horrible user interface. The old app was perfect and beautiful, this new app is rubbish. Why on earth did they get rid of it? Massive fail.",1,17,0.14.14,0.14.14,2025-05-12 23:20:59,,,Lichess,Google Play,en,us,2026-04-17 17:51:35
2dca4473-eb7e-4afb-b7ee-1d995cd2c70c,moodist 1er,"what happened to this app, it feels like trash now",1,6,,,2025-05-12 17:54:30,,,Lichess,Google Play,en,us,2026-04-17 17:51:35
06f6bed6-9cbf-4fc6-a3f0-8e161a71fc79,Hrishi,Thankyou Lichess...,5,1,0.14.14,0.14.14,2025-05-12 11:17:34,,,Lichess,Google Play,en,us,2026-04-17 17:51:35
6efdfa99-17f2-474c-8270-acf86161b2ef,ADRainXD,"A good chess game but seems only few feature available when playing offline, there's free offline puzzle but apparently for playing against bot have to be online at least for now.",5,1,0.14.14,0.14.14,2025-05-11 12:37:46,,,Lichess,Google Play,en,us,2026-04-17 17:51:35
65466080-ef72-4645-a534-24029b7fa91f,Amir Jafarzade,"The chess game is great, but I prefer the website — it's better",5,0,0.14.14,0.14.14,2025-05-09 10:47:41,,,Lichess,Google Play,en,us,2026-04-17 17:51:35
135d5d38-3508-46bf-93dd-5491c814e2e9,Thomas Mason,Love how everything is free!,5,1,0.14.14,0.14.14,2025-05-08 04:08:54,,,Lichess,Google Play,en,us,2026-04-17 17:51:35
021a75bb-54a3-4fc2-b1cf-24ffcb82065b,Xanthe Hands,"the superior chess app, the puzzles are great and completely free",5,1,0.14.14,0.14.14,2025-05-07 21:35:40,,,Lichess,Google Play,en,us,2026-04-17 17:51:35
c7ef0ecb-0197-4068-8e00-012ffecaff46,Arya,Can't login after beta update,1,3,0.14.14,0.14.14,2025-05-07 07:22:44,,,Lichess,Google Play,en,us,2026-04-17 17:51:35
bdaf7f3b-d9ed-4548-936d-7849642fd113,Tapi Khasso,best chess app,5,1,0.14.14,0.14.14,2025-05-06 16:16:49,,,Lichess,Google Play,en,us,2026-04-17 17:51:35
fccd4ba6-2b8d-4b9b-853c-74b74c68931a,mauanay,amazing,5,1,0.14.14,0.14.14,2025-05-06 04:06:37,,,Lichess,Google Play,en,us,2026-04-17 17:51:35
e0287ee0-7505-46ec-85d8-d0585f5080cb,Slim shady,i think it is great app but they need to add a video library contains courses . and replay feature in puzzles to do the failed puzzles but the app is great .. puzzle storm and puzzle streak are great training tools,5,1,0.14.14,0.14.14,2025-05-05 03:37:33,,,Lichess,Google Play,en,us,2026-04-17 17:51:35
4d8ae829-85d7-4826-84be-f72b80073c07,Rider,I like the infinite puzzles,5,1,0.14.14,0.14.14,2025-05-04 22:59:57,,,Lichess,Google Play,en,us,2026-04-17 17:51:35
9fb85646-3125-4e18-b52d-58c3eb697bb2,Nino Francisco Hofilena,awesome,5,1,,,2025-05-04 17:09:57,,,Lichess,Google Play,en,us,2026-04-17 17:51:35
99c48160-1034-4cc7-a029-49a3845fc06f,Ayush Nimje,wonderful app🔥,5,1,,,2025-05-03 06:18:02,,,Lichess,Google Play,en,us,2026-04-17 17:51:35
8eed20aa-08a9-460a-a32d-c71c1ab5da5b,mohammed B. hatif,Literally the best Lichess app version I have played is the Android version,5,1,0.14.14,0.14.14,2025-05-01 21:46:32,,,Lichess,Google Play,en,us,2026-04-17 17:51:35
57278d54-ad8d-475a-8f6a-e6569e64d958,Jean Saglio,"Great revamp of the app, 100% free with no ads. The new interface is much easier to use and less bloated",5,1,0.14.14,0.14.14,2025-04-30 22:51:11,,,Lichess,Google Play,en,us,2026-04-17 17:51:35
fba9c8f9-5a51-4d6a-bc22-69e98bd687de,Souvik Bera,Unable to adjust rating range while creating game challenge. The option was available till a week ago.,1,3,0.14.14,0.14.14,2025-04-30 17:42:26,,,Lichess,Google Play,en,us,2026-04-17 17:51:35
a6505a1e-06c2-459d-b1b1-96c7e378b71b,Luke,I would add two more stars if you made it possible to access tournaments within the app.,3,0,0.14.14,0.14.14,2025-04-30 16:26:51,,,Lichess,Google Play,en,us,2026-04-17 17:51:35
f4fb081e-546b-4e7d-aac9-362564afc33f,SHAINY V M,could not sign up,1,3,0.14.14,0.14.14,2025-04-30 16:07:31,,,Lichess,Google Play,en,us,2026-04-17 17:51:35
b0f7c896-03e7-46d7-b005-10436a9d54dc,3TG,App stopped launching on my device.,1,1,0.14.14,0.14.14,2025-04-28 23:06:47,,,Lichess,Google Play,en,us,2026-04-17 17:51:35
e2225f31-e078-4074-b85c-6e5f03ffaed7,Qasar,A horrible app. Developed by morons. The latency compensation is a joke.,1,5,,,2025-04-28 17:39:36,,,Lichess,Google Play,en,us,2026-04-17 17:51:35
c524396c-60eb-46b5-b3a3-4c86a53a515d,shubham Kale,one of the best app.,5,2,0.14.14,0.14.14,2025-04-27 19:18:59,,,Lichess,Google Play,en,us,2026-04-17 17:51:35
8a409934-db3a-4836-ac94-287e97cd1966,Nathaël Guffroy,Just perfect !,5,2,0.14.14,0.14.14,2025-04-27 13:27:55,,,Lichess,Google Play,en,us,2026-04-17 17:51:35
6deca4bd-7ec3-450b-b735-bf5e0755f9f5,PRITHVI SINGH PANWAR,The Only Bad thing in lichess was boring sprites and UI after seeing this I am returning back to lichess,5,3,0.14.14,0.14.14,2025-04-26 17:40:39,,,Lichess,Google Play,en,us,2026-04-17 17:51:35
23ae330a-16b2-4499-8e8f-8cc23ba3c8ab,Dominik Iveković,I can't ask for a computer analysis of the imported games.,3,0,0.14.14,0.14.14,2025-04-25 11:22:16,,,Lichess,Google Play,en,us,2026-04-17 17:51:35
11517847-7a02-4b95-b599-4e45c1af4726,No Data,"keeps disconnecting, I'm losing because of time",1,2,0.14.14,0.14.14,2025-04-25 09:37:29,,,Lichess,Google Play,en,us,2026-04-17 17:51:35
050dcd5f-82b9-4136-887b-cc95a425f6d7,Brijnath Saini,"Lichess is hands down the best chess app available. It's completely free, with no ads or annoying paywalls. The interface is clean and intuitive, and the features are unbeatable—blitz, classical, puzzles, tournaments, analysis tools, and even learning resources. The real-time game analysis with Stockfish is incredibly helpful for improving. It runs smoothly, matches you quickly with players of all levels, and fosters a great community. Whether you're a beginner or an experienced player.",5,34,0.14.14,0.14.14,2025-04-25 05:40:20,,,Lichess,Google Play,en,us,2026-04-17 17:51:35
17947801-ce23-467a-b80e-e47f9c596155,James,"No confirm move option... To easy to hit a wrong square on a small phone screen (fat finger) this has costed me several games now, please add.",2,0,,,2025-04-24 18:12:00,,,Lichess,Google Play,en,us,2026-04-17 17:51:35
61a6ea1e-c7f8-46f5-885e-6fd2c02b0fca,Sumanth Karan gowda Alagani,good good good 👍😊,5,1,0.14.14,0.14.14,2025-04-22 14:25:22,,,Lichess,Google Play,en,us,2026-04-17 17:51:35
fe5aa306-986a-4346-95c2-3f81e28fc3af,Preetam Shetty,"Lichess is hands down the best chess platform out there – and the best part? It's 100% FREE! No paywalls, no ads, just pure chess enjoyment. Whether you're a beginner or a titled player, Lichess has something for everyone. Features I love:❤️ 1. Super smooth gameplay ♟️ 2. Puzzles and training tools 🧠 3. Opening explorer and analysis board 4.Tournaments and online events 🏆 5. Clean, ad-free experience ✨",5,31,0.14.14,0.14.14,2025-04-22 12:48:22,,,Lichess,Google Play,en,us,2026-04-17 17:51:35
a2718396-3652-4209-9be7-7675e19e33d7,Usha Gaikwad,thanks thanks 😊 🫂 🙏,4,0,0.14.14,0.14.14,2025-04-22 12:08:41,,,Lichess,Google Play,en,us,2026-04-17 17:51:35
239d0f2a-934a-4582-8f71-6f8ca836acc1,Hamze Molavi,ok,5,1,0.12.5,0.12.5,2025-04-22 11:56:41,,,Lichess,Google Play,en,us,2026-04-17 17:51:35
c1ba7a04-0354-431b-9dad-1a984209c6bb,M,"please fix the display for fold phones. the screen is so small because you can't hide the UI, and now landscape doesn't work for me either",4,0,0.14.14,0.14.14,2025-04-22 09:24:19,,,Lichess,Google Play,en,us,2026-04-17 17:51:35
b5b29dff-19af-4370-b617-3f634f6f9bd2,Temidola Okunbo,for timing,4,0,0.13.12,0.13.12,2025-04-22 08:34:28,,,Lichess,Google Play,en,us,2026-04-17 17:51:35
233c8dde-41d9-477a-a5a2-1b7a5359f55d,Shivam 2,Thankyou lichess for providing so much good features free,5,1,0.14.14,0.14.14,2025-04-21 19:48:01,,,Lichess,Google Play,en,us,2026-04-17 17:51:35
1d771ca9-d9c9-4ff6-96bb-4506dddb44c4,Rahima Ahmed,Really good,5,1,,,2025-04-21 10:56:06,,,Lichess,Google Play,en,us,2026-04-17 17:51:35
76340307-1d60-43ca-a574-b0e5ee88610d,hans_fm17,This is definitely the best way to play chess on mobile,5,1,0.14.14,0.14.14,2025-04-20 21:04:46,,,Lichess,Google Play,en,us,2026-04-17 17:51:35
a7a3434f-8d49-4abf-96e0-358d7fe3dd61,Will Mengarini,Can't switch from Opening Explorer to Analysis Board while saving the position.,3,7,0.14.14,0.14.14,2025-04-20 12:33:12,,,Lichess,Google Play,en,us,2026-04-17 17:51:35
3e799080-e3a1-4cb1-b2a7-792048f057aa,Ace Villacorta,"registered an account using pc, tried to sign in the new account on mobile, won't work. help",3,1,0.14.14,0.14.14,2025-04-19 05:20:06,,,Lichess,Google Play,en,us,2026-04-17 17:51:35
2c48d124-09c3-4e26-ba65-e1944e844578,Gen Garcia,better.,5,1,,,2025-04-19 02:32:57,,,Lichess,Google Play,en,us,2026-04-17 17:51:35
1fc1ca53-ed1a-4275-b811-8cadca015d81,Aqua will purify Corona,where is the learn chess option in the app,3,0,0.14.14,0.14.14,2025-04-18 20:23:43,,,Lichess,Google Play,en,us,2026-04-17 17:51:35
b3b79cad-4d4e-4443-8362-a8e1884ef5e2,Chingsubam Second,add stockfish 17.1 it would be great for analysis,4,1,0.14.14,0.14.14,2025-04-18 16:53:55,,,Lichess,Google Play,en,us,2026-04-17 17:51:35
704015df-70fc-4ff4-8018-42d3a903c132,Tolis L,World's best chess platform just got better! Best beta experience ever. Keep up!,5,1,0.14.14,0.14.14,2025-04-18 14:47:05,,,Lichess,Google Play,en,us,2026-04-17 17:51:35
87dbf6dc-c867-4e9e-bdab-7c970865c117,Kyrosukei,This game is superb. Please consider adding features where players can add their profile. This game is phenomenal—can't believe it's all free. Additionally I found a bug where the screen keeps loading even though I have a stable connectivity I tried restarting and scanning the speed of my network and it's surprisingly fast—I hope you guys can fix it(or there's just a server issue.) oh so there's really an issue wishing to fix it fast.,5,158,0.14.14,0.14.14,2025-04-17 04:34:03,,,Lichess,Google Play,en,us,2026-04-17 17:51:35
afe1344e-211d-4719-b894-ffe9486ca438,Md Abid Hasan,Clean and smooth interface. The best chess app.,5,1,0.14.14,0.14.14,2025-04-16 23:24:01,,,Lichess,Google Play,en,us,2026-04-17 17:51:35
52acd19e-b885-4c0d-8c2d-ff2a286b30f8,Adib Faid,bug. and have hackers,1,1,0.14.14,0.14.14,2025-04-16 14:37:00,,,Lichess,Google Play,en,us,2026-04-17 17:51:35
2b639b9c-9075-46a8-853f-2cd79f6643bc,Amirhossein,very good I play that game with my English teacher,5,1,0.14.14,0.14.14,2025-04-15 19:16:10,,,Lichess,Google Play,en,us,2026-04-17 17:51:35
1b296ab6-f233-4449-8c23-df3c70ed704f,Christian Tarasiuk,Huge improvement in terms of UI and has some nice features but is missing WAY too much to fully switch to/be usable,2,1,0.14.14,0.14.14,2025-04-14 05:34:20,,,Lichess,Google Play,en,us,2026-04-17 17:51:35
ee7e364b-2e5b-4fd5-b9f9-0f5594eaaa47,Dylan Maziarek,"tried this beta a few months back but stuck with the original mainly, but this version is perfect now imo.",5,1,0.14.14,0.14.14,2025-04-14 04:25:00,,,Lichess,Google Play,en,us,2026-04-17 17:51:35
c0c02702-427c-4daa-9186-9efdb6e76552,Emmanuel Nworie,The normal app is quite better than this one because you can play offline I have been searching for the normal app but can't find it,5,1,0.14.13,0.14.13,2025-04-14 02:37:10,,,Lichess,Google Play,en,us,2026-04-17 17:51:35
fb79e42c-a074-440f-8acd-3ee3e2cd1e18,Manuel Paniagua,We should have the option to use the old UI!,1,3,,,2025-04-14 02:28:23,,,Lichess,Google Play,en,us,2026-04-17 17:51:35
cf97f59f-c816-4024-b596-4de9a16dd714,Gabriel Ward (GD Ward),"This is a brilliant app, but, it lacks offline play against bots. you must always play against a human opponent (requiring an internet connection). Can you please add offline bots to this?",4,0,,,2025-04-13 19:38:23,,,Lichess,Google Play,en,us,2026-04-17 17:51:35
235c3d23-b8a9-4570-8ad4-a751c4b9aeea,Nishorgo Nondon,Everything is good but I don't understand why my rating is not changing after I finish a game (in any format).,5,2,0.14.14,0.14.14,2025-04-13 10:33:34,,,Lichess,Google Play,en,us,2026-04-17 17:51:35
1c927b89-cd0f-4c60-b92e-ad3be561b800,sipungora I,"I like it, but why can't I save my position in the Board Editor??? 😳😳😳",4,0,0.14.14,0.14.14,2025-04-12 22:48:00,,,Lichess,Google Play,en,us,2026-04-17 17:51:35
683936e3-037f-4635-be37-010b9fd035ed,KOSONG XCOC,Best free chess app you'll ever dream of,5,2,0.14.14,0.14.14,2025-04-12 20:43:39,,,Lichess,Google Play,en,us,2026-04-17 17:51:35
7fa6912a-cedb-436b-af0f-612ab46121c1,Arvind Thakur,who is giving less than 5 stars to this app. everything is free and they are running this app on donations.,5,3,0.14.14,0.14.14,2025-04-10 14:36:56,,,Lichess,Google Play,en,us,2026-04-17 17:51:35
cb79852f-b70d-439e-8778-8d9f25a895ad,Adrian Diaz,amazing 👏,5,2,0.14.14,0.14.14,2025-04-09 14:19:38,,,Lichess,Google Play,en,us,2026-04-17 17:51:35
78879863-cd8e-4537-b75d-a74ddf9a330b,Aravind R,bring tournament,1,1,0.14.14,0.14.14,2025-04-09 05:28:12,,,Lichess,Google Play,en,us,2026-04-17 17:51:35
eb130a68-5ec4-4436-8412-cfc15476fa55,Jane Uaifo,It is better than the other chess games I have played,5,3,,,2025-04-08 17:04:45,,,Lichess,Google Play,en,us,2026-04-17 17:51:35
b34c2522-5ced-4fc3-b290-594acf3f9851,Ziko Ziko,I advise you to add more updates because this version is much better than the regular version.,5,3,0.14.14,0.14.14,2025-04-06 15:59:40,,,Lichess,Google Play,en,us,2026-04-17 17:51:35
78b3aa25-561b-4c5a-a0a1-57f5b3f13814,Suspicious,Noice,5,1,0.14.14,0.14.14,2025-04-06 14:14:26,,,Lichess,Google Play,en,us,2026-04-17 17:51:35
8cd0100e-2edd-4c02-b5b5-739b64ce4010,Giordano Battilana,Awesome job!,5,1,0.14.14,0.14.14,2025-04-06 12:46:19,,,Lichess,Google Play,en,us,2026-04-17 17:51:35
e405cba9-681b-45dc-b6ef-385066d4cbb8,Mark Kealy,"Somehow the best interface I've seen on a chess app, its rare that the free and open source alternative is also the best looking option. Big Chess must be shaking in their boots",5,7,0.14.14,0.14.14,2025-04-05 19:45:26,,,Lichess,Google Play,en,us,2026-04-17 17:51:35
35d18091-3976-4256-927a-13f987a4aa1d,Alufitnes,"Not as much feature as the normal one which is understandable since it's ""beta"", but I had no idea how I have the original app on my older device yet I can't get a the original on my newer device, I'm not sure if beta has tournament or not, also if possible add an option to enable multiple premoves since moving a piece sometime unresponsive, not much a problem if I'm playing blitz or slower, but I often play ultrabullet and hyperbullet which is why it's my main problem",4,15,0.14.14,0.14.14,2025-04-05 06:38:51,,,Lichess,Google Play,en,us,2026-04-17 17:51:35
a5c5d423-cca2-414f-957c-12b4b9d637f1,Ishani Nagoda,super,5,2,,,2025-04-04 11:41:53,,,Lichess,Google Play,en,us,2026-04-17 17:51:35
e49e2ef9-ef31-4abe-b6c6-16c7cf0cb739,диментий (MatviCoolk),No atomic variant yet.,5,2,,,2025-04-03 09:49:05,,,Lichess,Google Play,en,us,2026-04-17 17:51:35
b80f9384-1696-474a-af41-e030b66e2647,Pramod Borade,better Fechar,5,2,0.14.14,0.14.14,2025-04-02 18:36:51,,,Lichess,Google Play,en,us,2026-04-17 17:51:35
4f8e3861-cbc8-4dc9-b181-32ff6cd47dac,Muhammadali Shavkatov,good va yaxshi,5,1,,,2025-04-01 19:07:13,,,Lichess,Google Play,en,us,2026-04-17 17:51:35
2a1f87ea-ea6f-4814-8787-ef1e3a2ccbb1,Denver Almonte,"Great, more user friendly nee features are nice, almost still similar to old so its not too hard to use, i like it hope it become finalize",5,1,0.14.14,0.14.14,2025-04-01 16:56:27,,,Lichess,Google Play,en,us,2026-04-17 17:51:35
40e3f9ae-f965-4d35-b8e0-ccef244efc5f,Mokono Andre,Good 👍,5,1,0.14.14,0.14.14,2025-03-31 14:06:24,,,Lichess,Google Play,en,us,2026-04-17 17:51:35
9cc18dde-cacd-4f65-bec2-18b6fa849d0e,Lilitha Muku,havn't encountered many problems in my year of using lichess apps including this beta one. Great for puzzles,5,2,0.14.14,0.14.14,2025-03-30 18:01:55,,,Lichess,Google Play,en,us,2026-04-17 17:51:35
65be8870-1367-444e-ac70-834f7cbbb775,Houshik Mani,best app for online chess,5,2,0.14.14,0.14.14,2025-03-30 17:11:47,,,Lichess,Google Play,en,us,2026-04-17 17:51:35
936885c8-e5e8-476f-a7dc-ea7b1ceb8e3c,Omm,"Почему из приложения убрали игру против движка? На сайте же есть, исправьте пожалуйста, будет 5 звёзд)",3,0,0.14.14,0.14.14,2025-03-30 06:17:04,,,Lichess,Google Play,en,us,2026-04-17 17:51:35
7cd076f6-5ee1-43a3-9ad6-0be18f8d6666,marianne kendal,pointless.,1,2,0.14.14,0.14.14,2025-03-30 01:35:05,,,Lichess,Google Play,en,us,2026-04-17 17:51:35
19a2bf2b-ab9c-4870-b138-dbeab94c648c,А Munkhzul,nice,5,1,,,2025-03-29 17:22:33,,,Lichess,Google Play,en,us,2026-04-17 17:51:35
7591467a-0917-4204-81bb-5914ab1fb1e4,Nylhyira Okine,"This app is very pleasant. It has a simple layout, making it easy to comprehend. Thanks for this. It makes it easy to play strong opponents!",5,3,0.14.14,0.14.14,2025-03-26 22:03:49,,,Lichess,Google Play,en,us,2026-04-17 17:51:35
cd993170-a88e-4bfa-b68f-e853832c5ed1,Akhtar Khan,very bad.I was not able to sign in.My tournament got missed,1,4,0.14.14,0.14.14,2025-03-26 15:40:10,,,Lichess,Google Play,en,us,2026-04-17 17:51:35
207fae98-fafd-4697-84a2-5a211a681a07,Divine Iwuorie,"Greatest chess game ever, + it's completely free...",5,2,0.13.13,0.13.13,2025-03-26 07:31:47,,,Lichess,Google Play,en,us,2026-04-17 17:51:35
6cbe2fd0-8f68-4e16-b437-99b313853933,Steven Wayne,I preferred the old app.,4,0,0.14.14,0.14.14,2025-03-25 19:25:01,,,Lichess,Google Play,en,us,2026-04-17 17:51:35
9233d73a-3e23-45ee-8873-0a1b4c1f2a41,Jacob Mwangi,Simple and lovely version of lichess but I can't play tournaments with it,5,2,0.14.14,0.14.14,2025-03-25 15:28:13,,,Lichess,Google Play,en,us,2026-04-17 17:51:35
013ceded-fe95-41ff-8dc1-fb91da13dbac,mohamed ben,here are some ideas • change rating color to glawing white. • change sounds. • bring back learn from your mistakes in analysis. • ability to scale the board to personal preference. • ability to create a clan and compete with other clans. • audible courses. • community comunication/posting section.,5,2,0.14.14,0.14.14,2025-03-25 02:54:51,,,Lichess,Google Play,en,us,2026-04-17 17:51:35
7777426c-c8fa-40de-a0ce-b6040471761a,ravi shankar,"The UI looks better compared to other versions of Lichess, but it has some bugs. After accepting a challenge from friend, it doesn’t redirect to the game.",3,1,0.14.14,0.14.14,2025-03-24 09:36:13,,,Lichess,Google Play,en,us,2026-04-17 17:51:35
f3157348-080a-4845-a023-f77f8fc382d7,Sujit Kumar Sahu,Wow,5,1,0.14.13,0.14.13,2025-03-24 04:39:56,,,Lichess,Google Play,en,us,2026-04-17 17:51:35
4e8789e1-ae79-4441-89c3-f29a4c56b3a0,Rushikesh Eaga,request a computer analysis button doesn't work in the app,3,0,,,2025-03-23 19:56:55,,,Lichess,Google Play,en,us,2026-04-17 17:51:35
f33c871a-9d84-47f6-9d29-87150c443a1d,Snow Fox,lichess ui was the only thing holding me back form using the app. finally it's here after all these years,5,2,0.14.14,0.14.14,2025-03-23 16:50:38,,,Lichess,Google Play,en,us,2026-04-17 17:51:35
4291a0d8-762d-45f6-aa01-1071a5e3623f,Ijlal A. Iqbal,"There is a bug, when the time finishes in a chess game for the other side, the game goes draw. 1+0 Bullet. Thanks in advance, other than this its outstanding.",4,1,0.14.14,0.14.14,2025-03-23 06:02:02,,,Lichess,Google Play,en,us,2026-04-17 17:51:35
58ed09f3-eaca-4434-bec5-dee2f6aef4d7,Alex Hudson,"Really enjoy both the website and the app. Very informative, very smooth performance. My only feature request for the app would be to be able to play against Stockfish instead of just analyze Stockfish games played on the website. That said, I don't know if that's realistic.",5,16,0.14.13,0.14.13,2025-03-22 16:54:02,,,Lichess,Google Play,en,us,2026-04-17 17:51:35
3c9f93de-bbb8-4659-8313-2034378f8b6d,Fredrich Montesclaros,slow graphics. not good for bullet. maintain the old lichess.,1,4,0.14.13,0.14.13,2025-03-22 10:37:12,,,Lichess,Google Play,en,us,2026-04-17 17:51:35
6dc42be6-7cd5-43d1-94b4-ec367cc6c775,Abdelrahman,Looks like it was worth the wait!!,5,2,0.14.14,0.14.14,2025-03-22 04:27:58,,,Lichess,Google Play,en,us,2026-04-17 17:51:35
ae70dcd9-38b6-4195-b332-69245aa2ca24,Hussam Chaghlil,like the old app,1,2,,,2025-03-20 01:08:53,,,Lichess,Google Play,en,us,2026-04-17 17:51:35
6979a493-d0a9-45db-8aec-3ea7e9232ab6,احمد محمد,"The app isn't working now. It used to work fine on my Android device, but after updating, it no longer opens the interface. My device specs are: Oppo A1k CPH1923 V6.0.1 Android 9",1,14,0.14.13,0.14.13,2025-03-19 20:25:10,,,Lichess,Google Play,en,us,2026-04-17 17:51:35
8a64e25b-d86a-4b76-bf9e-23c601062b1b,HL,weird buggy displays but overall upgrade on the normal app,4,0,0.14.13,0.14.13,2025-03-19 13:46:25,,,Lichess,Google Play,en,us,2026-04-17 17:51:35
49a1d70f-858a-4828-9839-001ab6403dad,SaphirO,better than chesscom,5,1,0.14.13,0.14.13,2025-03-19 13:03:31,,,Lichess,Google Play,en,us,2026-04-17 17:51:35
7cae0b74-2d49-4a59-b6b0-c7892e84b771,ana,"1000x better than the other popular lichess interface. Better look. More access to desktop features like puzzle themes. Update: few months later, every single feature I said was missing was added in this last 0.14.13 version. Actually such great work. THE BEST CHESS EXPERIENCE ON MOBILE, ZERO DOUBT!",5,46,0.14.13,0.14.13,2025-03-18 04:02:07,,,Lichess,Google Play,en,us,2026-04-17 17:51:35
ad63aec8-7e2a-4ef9-a091-52b82b049412,MADARA UCHIHA (イエス・キリスト),"""5/5 stars! This chess game is a masterpiece! Engaging gameplay, stunning visuals, and challenging AI opponents. The perfect blend of strategy and skill. I'm hooked! Great job, developers!""",5,4,0.14.13,0.14.13,2025-03-17 19:59:50,,,Lichess,Google Play,en,us,2026-04-17 17:51:35
71d897f8-684d-4bcd-9c40-445d37a1eda8,mikias,I truly like the app but I just can't sign in for some reason can someone help with that,2,0,0.14.13,0.14.13,2025-03-17 17:14:16,,,Lichess,Google Play,en,us,2026-04-17 17:51:35
288f8372-5f72-4f7f-a07d-14d483f84806,Илья Голынец,"Love the new look and feel. However still miss few features. I prefer playing puzzles and correspondence games. For puzzles i miss option to turn off rated plays (it's still only available in browser). For correspondence i miss conditional pre-moves, it's annoying to play openings it forced checkmate without it After recent update fonts are getting totally messed up.",3,7,0.14.13,0.14.13,2025-03-17 16:51:10,,,Lichess,Google Play,en,us,2026-04-17 17:51:35
967d0f73-c154-43cb-ae81-646175016f11,Mehul Trivedi,good,5,1,,,2025-03-17 10:28:59,,,Lichess,Google Play,en,us,2026-04-17 17:51:35
46f6a33a-bd87-43e3-b9ef-42b18f6b7f69,Roy Ho,Better than that other website uh,5,1,0.14.13,0.14.13,2025-03-17 09:25:44,,,Lichess,Google Play,en,us,2026-04-17 17:51:35
d7f8211d-7701-4210-a3bb-86b968ee0a19,Aditya,Every feature at presently top of the notch and one thing I notice that I there is a peice animation button which is good but the pieces animation still very crisp and fast from my opinion there should be more options to increase animation of peice which gives me very sophisticated feel towards chess,4,5,0.14.13,0.14.13,2025-03-17 01:51:42,,,Lichess,Google Play,en,us,2026-04-17 17:51:35
5dfd84dd-97d0-484e-b119-132a6a57f877,Oleksandr Smirnov,i have this game,5,1,0.14.13,0.14.13,2025-03-16 22:40:34,,,Lichess,Google Play,en,us,2026-04-17 17:51:35
af2b4ca7-abf4-4449-86bc-2069d8369601,Beluga,"fantastic, loved the update 👏👏👏. really like the evaluation bar, new analysis section, everything is perfect now...",5,1,0.14.8,0.14.8,2025-03-16 17:48:39,,,Lichess,Google Play,en,us,2026-04-17 17:51:35
c166a00d-f191-49c9-96d0-2fdb16c6280b,Alemayehu Bekele,"Very boring UI. The old one was much better. Besides, I lost so many games as moving two steps does only one step forward.",1,10,0.14.13,0.14.13,2025-03-16 11:46:13,,,Lichess,Google Play,en,us,2026-04-17 17:51:35
f069a287-798e-4560-a70e-9ecd09aa5528,Karim Sadek,"worst chess app ever . anyone want to know why? download it which I don't recommend at all, and you'll see for yourself 👎",1,1,0.14.13,0.14.13,2025-03-16 01:53:48,,,Lichess,Google Play,en,us,2026-04-17 17:51:35
2ce499d1-323f-49f6-9fce-0132774569f4,Monk Livelong,I can't play against the CPU without signing in. Offline mode is bogus.,1,5,0.14.13,0.14.13,2025-03-15 07:05:18,,,Lichess,Google Play,en,us,2026-04-17 17:51:35
ec3577d5-8695-4c64-b2e9-c5dfb8916b0e,Hanif Khan,"Guys,It crashes, the previous update was so good.",1,5,0.14.13,0.14.13,2025-03-13 18:40:43,,,Lichess,Google Play,en,us,2026-04-17 17:51:35
72ab1c4a-7e23-4ffb-8f60-c696d6c39f0c,Nayan,"Pleases Please please.... provide cloud analysis permanent, don't make it shift between cloud and local analysis. Because Smartphone CPU gets suffocated instantly at the moment when it shifts to local analysis. Wish my views would be kept in concern. Thanks 💐",4,0,,,2025-03-13 15:31:56,,,Lichess,Google Play,en,us,2026-04-17 17:51:35
44e3d15c-a60d-4c15-ac1a-d0075e27818c,Belkacem AZ,Can't create a tournament. Can't watch a friend's game while playing.,5,1,0.14.13,0.14.13,2025-03-13 11:48:46,,,Lichess,Google Play,en,us,2026-04-17 17:51:35
bfa25d9f-f097-4e67-bfb2-7a18d308750f,Ahmed Maher,Better version with new features edit: can you devs change the layout make it look like the old original app it's much better,4,1,0.13.13,0.13.13,2025-03-12 22:46:12,,,Lichess,Google Play,en,us,2026-04-17 17:51:35
b3622b67-8087-43c5-aead-1d95a0e52413,AJ P,The game analysis button is now hidden for some reason.,5,3,0.14.8,0.14.8,2025-03-12 22:14:39,,,Lichess,Google Play,en,us,2026-04-17 17:51:35
0c49729a-e849-4572-9143-150d828482e2,Abdhadi Amrir,Because the puzzles are free,5,1,,,2025-03-12 18:09:46,,,Lichess,Google Play,en,us,2026-04-17 17:51:35
ada9c223-fc9c-4746-8126-4d6ec2677661,Fustel Tchato,"Please add computer analysis for import game, make the interface especially the boards a little more nice and the app would be perfect.",4,0,,,2025-03-12 15:59:18,,,Lichess,Google Play,en,us,2026-04-17 17:51:35
fad8afbb-7365-41aa-beb7-df44ffc29034,Michael Loconsole,App doesn't seem to work for me. Any trouble shooting advice?,3,0,0.14.8,0.14.8,2025-03-11 19:36:38,,,Lichess,Google Play,en,us,2026-04-17 17:51:35
5a10284d-2e99-4b6b-90ce-8434ae55566c,Kumara Swamy Gundla,"Bro what is this transformation, is it the old lichess... This is on a whole different level and definetly equa-, no more than chess. Com app.... I was a chess. Com user but now i think this is the best thing to upgrade fast for free... Appreciate the effort and Thank you for lichess team..!!!!",5,3,0.14.8,0.14.8,2025-03-11 04:42:12,,,Lichess,Google Play,en,us,2026-04-17 17:51:35
238bca47-dc3f-4d24-a74e-ade178b668d8,Uriel F,"Can't access messages nor see people's profile who I discuss with that are not my ""friends"" in app; low grade to get your attention.",1,7,0.14.8,0.14.8,2025-03-10 18:06:12,,,Lichess,Google Play,en,us,2026-04-17 17:51:35
6ddabb55-c5ad-4e8c-ab42-2b93b0ec18d4,Joshua Enan,A better version of lichess,4,0,0.14.8,0.14.8,2025-03-10 16:24:05,,,Lichess,Google Play,en,us,2026-04-17 17:51:35
6593cd2c-40e2-4d3f-8f12-c9f193c30347,S C,Too hard to report cheaters,1,3,0.14.8,0.14.8,2025-03-10 15:53:17,,,Lichess,Google Play,en,us,2026-04-17 17:51:35
96c464be-6c31-4ff0-9e25-5bfff4274eb8,THE TRUTH,Dogesh bhai is in love with chess. 🐶🐕🐾🐩,5,1,0.14.8,0.14.8,2025-03-10 07:51:41,,,Lichess,Google Play,en,us,2026-04-17 17:51:35
35466ed1-45fa-4a85-bc9e-069d078a6663,Julius L,Few things still missing: tournaments and seeing when your friends are online,5,1,0.13.13,0.13.13,2025-03-09 22:42:30,,,Lichess,Google Play,en,us,2026-04-17 17:51:35
b6667c0e-ac2c-43ea-a977-2639e21cc1c4,Shivam,Literally the best game to improve and study,5,1,,,2025-03-09 17:57:21,,,Lichess,Google Play,en,us,2026-04-17 17:51:35
13e09bdc-4f64-4b0c-be23-bea9c140934a,Arthur,As good as the web version,5,1,0.14.8,0.14.8,2025-03-09 10:30:49,,,Lichess,Google Play,en,us,2026-04-17 17:51:35
4fc1ee81-8386-4a37-b2f4-71c2e058ec8c,Daniel Ndeulita,Can't wait to launch,5,1,,,2025-03-08 17:43:14,,,Lichess,Google Play,en,us,2026-04-17 17:51:35
a96c2166-d890-40e1-b873-9cf16e5e603b,Damir Dzemidzic,Best chess game.,5,1,0.14.8,0.14.8,2025-03-08 09:24:32,,,Lichess,Google Play,en,us,2026-04-17 17:51:35
ea790683-3f7c-451f-b466-bb7bfdbe951a,Matteo Marongiu,Can't play offline against computer,1,2,0.13.13,0.13.13,2025-03-08 09:16:32,,,Lichess,Google Play,en,us,2026-04-17 17:51:35
5eaf7865-72d5-4614-b341-26a7a6b7df6a,Seif Eldin Khaled,It's good app Definitely better than the original app It has things that Desktop has but only one thing that we all need We need Tournments that can be added Just a message to Creator Try to add tournaments It will be more fun,3,0,0.14.8,0.14.8,2025-03-07 19:40:50,,,Lichess,Google Play,en,us,2026-04-17 17:51:35
2bf80365-f622-486d-bc04-4eff0acce065,RANJIT MAKVANA,It's FOSS,5,1,0.13.13,0.13.13,2025-03-07 16:51:39,,,Lichess,Google Play,en,us,2026-04-17 17:51:35
47b49e41-fa04-4798-8661-ab3acb7fd22c,Glen Cuttell,Excellent app. Love you guys x,5,1,0.14.8,0.14.8,2025-03-07 11:25:19,,,Lichess,Google Play,en,us,2026-04-17 17:51:35
15e50cb2-072f-43b7-9c76-28a7f2627a83,"Del Rosario, Marbert Anderson A.",Hoping you'll add offline bots.,4,0,0.14.8,0.14.8,2025-03-06 19:27:15,,,Lichess,Google Play,en,us,2026-04-17 17:51:35
c94c43fa-bea2-4d51-914b-dc11e30f9291,Manuel Álvarez,A really like the new layout and option. Could you please 🙏 include the option to change puzzle difficulty just like on the Web version 🙏 5 stars because lichess rocks,5,1,0.14.8,0.14.8,2025-03-06 13:25:14,,,Lichess,Google Play,en,us,2026-04-17 17:51:35
e4b71dd3-8254-4007-8222-7aad50671a7f,Ricky Romanowicz,"It's a great way to play the game, but I can't see where you find the game I'm playing on the app. I have to go to the website in order to find the game I'm playing. Please help. Because if I swipe my notifications about the game and I open up the app, I'll forget about it and just forfeit the game.",5,1,0.14.8,0.14.8,2025-03-06 01:10:04,,,Lichess,Google Play,en,us,2026-04-17 17:51:35
f970bcac-0e6c-4d80-beff-97208d1b371f,Paul-Peter Theulings,"I can't find the computer analysis in the opening explorer when using the beta version. Update. Found it when using analysis, from there the opening explorer.",4,0,0.14.8,0.14.8,2025-03-04 00:40:47,,,Lichess,Google Play,en,us,2026-04-17 17:51:35
128d675a-1c24-48c9-8efe-7afe9e245ea8,Utkarsh Chawla,"Serious improvements from previous app, definitely the best website and now the best app for chess.",5,1,,,2025-03-03 15:16:07,,,Lichess,Google Play,en,us,2026-04-17 17:51:35
c719251e-f9e9-406e-8d85-4ae6e98306a2,Henry Fielding,big improvement on last iteration of mobile app,5,1,,,2025-03-03 10:51:34,,,Lichess,Google Play,en,us,2026-04-17 17:51:35
def4afd0-011a-417d-9318-1b24efc43c68,IMMORTAL Legends ff,"New interface is really good, just a request can you plz put 'play offline' option with 'online bots' option aswell ?",5,1,0.13.13,0.13.13,2025-03-02 21:07:03,,,Lichess,Google Play,en,us,2026-04-17 17:51:35
67384685-ac71-40f5-b919-084dd63d67e8,bilel bilel,where's tournament mode??,4,0,0.14.8,0.14.8,2025-03-02 16:25:06,,,Lichess,Google Play,en,us,2026-04-17 17:51:35
aa9e8829-af7a-4508-8fe2-0fb9f642c1bd,Michael Chimpalesa,A step in the right direction,4,0,,,2025-03-02 09:36:57,,,Lichess,Google Play,en,us,2026-04-17 17:51:35
fcc6ba07-588c-4663-8215-e6f6096ffd5b,Abolfazl Yousefi,The site still the best,5,1,0.13.13,0.13.13,2025-03-01 21:30:23,,,Lichess,Google Play,en,us,2026-04-17 17:51:35
3b56070a-c239-46a5-a9e4-ca050cd6965e,Qwerty,Good,4,0,0.13.13,0.13.13,2025-03-01 13:01:32,,,Lichess,Google Play,en,us,2026-04-17 17:51:35
d48caf07-4446-450f-9cb8-bd11e66026bd,SHRI GROUPS,Good app,5,1,,,2025-02-26 17:37:56,,,Lichess,Google Play,en,us,2026-04-17 17:51:35
ec6f0557-09f9-4290-ac64-70acb98295de,Pritam Debbarma,The best free chess learning app,5,3,0.13.13,0.13.13,2025-02-26 17:20:57,,,Lichess,Google Play,en,us,2026-04-17 17:51:35
db47b316-9d72-45a5-99d2-1c19e115cc90,Potato Chronicler,"Love the updates, but missing some stuff, for example, puzzle hints instead of just full on solutions",3,0,0.13.13,0.13.13,2025-02-26 02:08:03,,,Lichess,Google Play,en,us,2026-04-17 17:51:35
1cc913c9-c48a-4ec2-8c8a-52eb9e36246f,Kaspars,v0.14.8 is a big buff. Puzzle stats finally work properly and other bugs are fixed. Lots of new stuff like puzzle hints are now added. Overall appearance is now very good and switching between windows is smooth!,5,1,0.14.8,0.14.8,2025-02-26 00:23:34,,,Lichess,Google Play,en,us,2026-04-17 17:51:35
3b3e3fb0-159f-4429-bc9c-2453584abf93,hecko,"theme-wise it definitely doesn't feel like the website, but honestly i quite like it! feature-wise it has the important bits (including near-complete puzzle support!), and i trust it'll only keep getting better :3",5,4,0.13.13,0.13.13,2025-02-25 03:36:53,,,Lichess,Google Play,en,us,2026-04-17 17:51:35
cc5df065-fec2-4724-8077-7b38988f5456,Victor Duru,"Nice app. It's similar to the other one, but with a way cooler UI. I'd love if the bot's feature could be offline just like it is the other lichess app. 👍🏾",4,1,0.13.13,0.13.13,2025-02-25 02:42:07,,,Lichess,Google Play,en,us,2026-04-17 17:51:35
ae02f8d5-a554-4311-8f1f-a96cb6a91671,Felicia Willhoite,"I'm won a few games with few moves and received an email that I'm boosting, whatever that is and it's not allowed. Also because I resigned out of a few games I received a message I would be blocked. This is absolutely annoying.",1,11,0.13.13,0.13.13,2025-02-24 20:51:09,,,Lichess,Google Play,en,us,2026-04-17 17:51:35
25a6739a-4659-4c8d-b10e-f197c09fd1e3,Mark anthony Del Rosario,nice,5,1,0.13.13,0.13.13,2025-02-23 09:08:49,,,Lichess,Google Play,en,us,2026-04-17 17:51:35
866979ce-4396-47d8-94b4-cf165919b5b9,Konstantinos Nikolaidis,"Great job making this app, taking the more appealing characteristics of other chess sites and including every powerfull tool for everyone to use",5,1,0.13.13,0.13.13,2025-02-21 16:26:21,,,Lichess,Google Play,en,us,2026-04-17 17:51:35
1cdd948e-91fa-4dfd-be44-0f37d778be7b,*Hisham.S.8 *,"It's very very good, the same lichess website 👍 👌 👏",5,1,0.13.13,0.13.13,2025-02-20 23:49:22,,,Lichess,Google Play,en,us,2026-04-17 17:51:35
1019b9f1-47d3-4144-b980-81063bfc19cd,Nick,"This is the best chess site. No ads, no paywall. But the application itself is still beta. While it's good, clean and simple, you can't request computer analysis (manual still works), or use Study, etc. Anyway, thanks for developing it! ❤🙏",4,10,0.13.13,0.13.13,2025-02-20 08:10:56,,,Lichess,Google Play,en,us,2026-04-17 17:51:35
2b697502-9845-4119-b00c-794c94ea62ad,Arshia Mesgarani,Great,5,1,0.13.13,0.13.13,2025-02-20 07:05:03,,,Lichess,Google Play,en,us,2026-04-17 17:51:35
488986f4-d21e-4fd4-bb3e-e5be1fbef0a4,Avidan Bhujbal,The BEST free chess app HANDS DOWN,5,1,0.13.13,0.13.13,2025-02-20 06:37:48,,,Lichess,Google Play,en,us,2026-04-17 17:51:35
af727473-5cd5-4ac9-9929-8c79eb0bc90c,Vincent Periolat,it is what it is.,5,1,0.13.13,0.13.13,2025-02-18 18:57:18,,,Lichess,Google Play,en,us,2026-04-17 17:51:35
9157b781-2d1f-4588-92ef-d70340ef4b37,Devi Ravikumar,My children did a little mistake sorry Connect me to lichess,5,1,0.13.13,0.13.13,2025-02-18 16:42:11,,,Lichess,Google Play,en,us,2026-04-17 17:51:35
654ad591-4fef-4103-a2dc-2bb37a402a83,Gabriel Lopez,I've been waiting for this for ages! Awesome to finally have a mobile Lichess app with more of the functionality of the web version,5,3,0.13.13,0.13.13,2025-02-18 15:21:56,,,Lichess,Google Play,en,us,2026-04-17 17:51:35
29fffd73-4f96-4bfe-927c-dc077337aa64,Giri Dhar,Please add a feature when player didn't left the game and wasting the time like minimum of 2 min if didn't make a move not only for the first for complete game atleast abort the game,3,0,0.13.13,0.13.13,2025-02-18 15:14:03,,,Lichess,Google Play,en,us,2026-04-17 17:51:35
caa2889b-e573-4ebf-811e-1c46b84daacf,Milos Tonic,Now this is perfect.You can watch broadcast good work,5,2,0.13.13,0.13.13,2025-02-18 06:51:01,,,Lichess,Google Play,en,us,2026-04-17 17:51:35
08770172-10f6-4ecb-bd20-391fc541fad9,Samuel Abraāo,"Muito bom, recomendo",5,1,0.13.13,0.13.13,2025-02-18 02:14:33,,,Lichess,Google Play,en,us,2026-04-17 17:51:35
f49f062c-f7cf-4f01-b43d-7317eef3fd62,Vamsi Nalluri,Best chess out there,5,1,,,2025-02-16 23:44:44,,,Lichess,Google Play,en,us,2026-04-17 17:51:35
1f50149d-1d0c-4029-9efc-b56e03bf2be6,Mahmoud Atef,"Great, best chess app so far",5,1,0.13.13,0.13.13,2025-02-16 14:58:27,,,Lichess,Google Play,en,us,2026-04-17 17:51:35
131fbbff-dc6d-4fa1-a2ac-457fe9931fb3,RayRay YT (The Game Master),ITS SO BEAUTIFUL I LOVE THE MATERIAL THEME,5,1,0.13.13,0.13.13,2025-02-16 11:33:20,,,Lichess,Google Play,en,us,2026-04-17 17:51:35
15f9d8b8-197c-43ff-85f8-28b2da83754f,Eli Basler,So much better than the old app. I love it!!,5,1,0.13.13,0.13.13,2025-02-16 03:31:52,,,Lichess,Google Play,en,us,2026-04-17 17:51:35
d2f40c59-8e71-4ac2-aadb-5e094aa374a9,Simone,This version of lichess app is more appealing and functional respect the vanilla one. Without doubt the best and complete chess app in circulation.,5,2,0.13.13,0.13.13,2025-02-15 16:14:09,,,Lichess,Google Play,en,us,2026-04-17 17:51:35
d8e239de-15da-49fe-bc4a-a8ecb3d502ba,AKIB H,The best chess app out there,5,1,,,2025-02-15 15:35:52,,,Lichess,Google Play,en,us,2026-04-17 17:51:35
04519f6b-9398-4d5b-b0a9-cd0a7747fd18,RSTGamer,Lichess but with better interface. What can we want more than that.,5,1,0.13.13,0.13.13,2025-02-15 14:45:48,,,Lichess,Google Play,en,us,2026-04-17 17:51:35
7a9153ef-56b1-4335-a66d-c0b35437bc81,Nishant Saini,Wow guys this new update is amazing all features of website are in app now and ui is great❤️,5,1,0.13.13,0.13.13,2025-02-15 13:12:56,,,Lichess,Google Play,en,us,2026-04-17 17:51:35
d9dc0df1-4e1a-4f89-9222-3795c84fe605,mateo hadeshian,Way better than chess.microtransaction.,5,1,,,2025-02-14 19:20:45,,,Lichess,Google Play,en,us,2026-04-17 17:51:35
329114fd-08c4-4d86-ab3f-b98f5a7e3de2,Ese Okpongete,"I understand this is a trial, but what is the point of having friends if I can't watch or spectate their games?",3,1,0.13.13,0.13.13,2025-02-14 09:11:01,,,Lichess,Google Play,en,us,2026-04-17 17:51:35
3d5bdabb-c1e6-4434-b211-199b5a6cd165,Mike Hammer,Like the new app! Could you add the win/loss record when click opponents name in game. Maybe little notification window in upper right hand corner when another player makes a move. Oh and make the take back notification flash,5,1,,,2025-02-14 01:21:48,,,Lichess,Google Play,en,us,2026-04-17 17:51:35
d446d8cd-3bee-41f1-b914-cc0cf84cc8ae,Yimi Ipsa,The best chess app ever.,5,1,0.13.13,0.13.13,2025-02-13 16:00:17,,,Lichess,Google Play,en,us,2026-04-17 17:51:35
9c026926-a665-4b6a-9eed-c26db3746b63,Mohamed Ahmed Hanafy,Perfect 😃,5,2,,,2025-02-12 22:27:19,,,Lichess,Google Play,en,us,2026-04-17 17:51:35
7b3df0da-3c1e-4206-9ab4-36421404a0fb,Shriyans M,Add more puzzle styles to sets,5,1,0.13.13,0.13.13,2025-02-11 23:09:21,,,Lichess,Google Play,en,us,2026-04-17 17:51:35
b0e90233-c748-46f7-a698-7998e7441730,Carter Yancey,"This version definitely has some big improvements over the other, especially in terms of usability and lack of bugs. However, there is no way to add premove lines to correspondence games, so I'm still primarily using the old app.",3,1,0.13.13,0.13.13,2025-02-10 17:36:24,,,Lichess,Google Play,en,us,2026-04-17 17:51:35
09fc8310-6d01-4e74-98d6-675781a1a21c,Mahdi,Best chess ap,5,2,0.13.13,0.13.13,2025-02-08 10:47:27,,,Lichess,Google Play,en,us,2026-04-17 17:51:35
dbef222a-6e03-45b2-bcc5-c06a2c5978c3,Chess wizard,New app is stupid. Very bad for speed chess,1,4,,,2025-02-06 17:55:24,,,Lichess,Google Play,en,us,2026-04-17 17:51:35
fe04aa3f-19f8-4cd8-af88-2e049e11ef1b,Rohan,"Add offline bot playing, like the original one",5,1,0.13.13,0.13.13,2025-02-06 16:57:19,,,Lichess,Google Play,en,us,2026-04-17 17:51:35
69cf076b-0ec8-44a2-a2c0-8c6b6278ea28,al-kin,please add offline bots,5,3,0.13.13,0.13.13,2025-02-05 13:32:25,,,Lichess,Google Play,en,us,2026-04-17 17:51:35
8976edfc-5613-4b8d-8704-3e52a2d7e5bb,Saravana Nadar,The GOAT FOSS app :),5,2,0.13.13,0.13.13,2025-02-05 10:18:46,,,Lichess,Google Play,en,us,2026-04-17 17:51:35
25d274d8-b316-44e4-920b-26a9d65a831d,Parth Binwal,Providing so many features lichess is op Interactive ui puzzle database for practice thankyou lichess,5,1,0.13.13,0.13.13,2025-02-05 10:09:55,,,Lichess,Google Play,en,us,2026-04-17 17:51:35
093e51c5-8000-4e5f-9397-121caec1b1a2,SPEEDY BUMPY,I'm getting insane latency with tmobile,3,1,,,2025-02-04 23:47:27,,,Lichess,Google Play,en,us,2026-04-17 17:51:35
8eb369a7-2056-4a88-b874-2250110b78f8,Rupali Borkute,Very bad 😔😔,1,3,0.13.13,0.13.13,2025-02-04 17:29:04,,,Lichess,Google Play,en,us,2026-04-17 17:51:35
0adf6898-50d8-445a-bf4f-d7da472e600f,Alexander G.,lightweight. fast. minimalist.,5,1,0.13.13,0.13.13,2025-02-04 15:45:22,,,Lichess,Google Play,en,us,2026-04-17 17:51:35
8b9f08f3-c53a-46be-bc39-b5a730cdb6cb,Abdul Aziz,Cab we get premoves option pls,4,0,,,2025-02-04 12:43:55,,,Lichess,Google Play,en,us,2026-04-17 17:51:35
155bee55-abab-4c99-aec9-f4ee66e6a0e2,hassan yhyia,"Great, but it doesn't show my time after each move in game analysis. I will give it 5 if it does",4,1,0.13.13,0.13.13,2025-02-03 20:13:50,,,Lichess,Google Play,en,us,2026-04-17 17:51:35
4f215636-04bb-443a-b1ff-522583f39f08,Yohan Lobo,I love this beta version compared to the old one. It's refreshing and feels really good with lots of features for free. Also please make Google play payment available so that I can donate money to lichess. I am from India.,5,1,0.13.13,0.13.13,2025-02-03 17:30:56,,,Lichess,Google Play,en,us,2026-04-17 17:51:35
22fae4ac-9bdc-49ae-8c01-825de4161105,Vikas Sharma,Poor calculation of mate I found. I played a rapid chess match and opponent give me a check and It was not a mate position but lichess server showed mate and my score was decreased by 114 points. I was shocked what did just happen.,1,2,,,2025-02-03 16:27:12,,,Lichess,Google Play,en,us,2026-04-17 17:51:35
5bc1a82e-d0e3-4e63-9ff8-83358c6f39d6,Mohamed Elsayad,"I appreciate your efforts for making this new app it is much better than the old but, but there is an issue, I can't watch live game of my friends, I wonder if you can update it soon",5,3,0.13.13,0.13.13,2025-02-02 23:35:53,,,Lichess,Google Play,en,us,2026-04-17 17:51:35
95811721-d737-4b46-8a29-d3e9d04ea4ea,Ted Thomas,"Almost perfect now, but stills no way to play the computer offline?",4,2,0.13.13,0.13.13,2025-02-02 12:06:10,,,Lichess,Google Play,en,us,2026-04-17 17:51:35
cb717d3d-2e5b-4bb9-8047-7d8009c3a834,יהודה,Great ממש טוב,5,1,0.13.13,0.13.13,2025-02-01 21:42:28,,,Lichess,Google Play,en,us,2026-04-17 17:51:35
716586ec-7b94-428b-89d8-259023e98304,kayfinesse,When I first opened the app I thought I'd accidentally opened lichess on my browser. I was pleasantly surprised. Two thumbs up.,5,3,0.13.13,0.13.13,2025-01-31 23:37:16,,,Lichess,Google Play,en,us,2026-04-17 17:51:35
ef96c8e8-c8c1-4879-9d23-85723b6ac0b8,SOM NATH BANERJEE,so far so good !,4,0,0.13.13,0.13.13,2025-01-31 17:04:11,,,Lichess,Google Play,en,us,2026-04-17 17:51:35
be68dc06-b067-46db-a3b2-422babc955a2,mathapelo tladi,It's a great game,5,1,0.13.13,0.13.13,2025-01-31 15:57:34,,,Lichess,Google Play,en,us,2026-04-17 17:51:35
ebcb026d-6833-42d7-b415-4b4b3aa14a7a,Arbaz,"Never thought we will be able to draw arrows on mobile, thank you so much",5,1,0.13.13,0.13.13,2025-01-31 08:33:05,,,Lichess,Google Play,en,us,2026-04-17 17:51:35
357bda01-cdda-4a42-b7e1-d65899db1350,Aaron,It's nice but I can't play tournaments.,4,0,0.13.13,0.13.13,2025-01-30 18:27:36,,,Lichess,Google Play,en,us,2026-04-17 17:51:35
e9abf792-c528-41b8-ba75-fba2872733d8,A,Significant improve rather than last app. Niceee,5,1,0.13.13,0.13.13,2025-01-29 17:42:32,,,Lichess,Google Play,en,us,2026-04-17 17:51:35
83a3c414-4e37-4955-94b1-200a77c0ff57,Victor Blue,"It's best for learning and totally free, love you lichess.",5,1,,,2025-01-29 13:55:22,,,Lichess,Google Play,en,us,2026-04-17 17:51:35
dc203cc6-eda6-4d44-b6fa-114a6483f6d6,Vikas Dutt Sharma,the app was not 🚫 working and it's pieces were not able to move on the another boxes.l hate this game,1,1,,,2025-01-29 11:51:44,,,Lichess,Google Play,en,us,2026-04-17 17:51:35
ed947527-1f3d-4a45-be8f-4ca0b960e670,Christian Quijano,"Great updates! Have been waiting a long time for this. The layout is nice too! very well thought out, and the ability to draw arrows and highlights is 👌👌👌! One feature i would love to have is voice input. I use it all the time on the browser version but having it on mobile would be amazing 😀😝😝. Hoping for an answer about this thanks! ♟️👑💪👌👈",5,38,0.13.13,0.13.13,2025-01-29 11:29:05,,,Lichess,Google Play,en,us,2026-04-17 17:51:35
c80a93ae-b043-4424-8ce5-82692f9b3761,David Rivera,"Great for analizing plays, would recommend",5,1,0.13.13,0.13.13,2025-01-28 21:59:51,,,Lichess,Google Play,en,us,2026-04-17 17:51:35
77728e0f-4134-4ee4-9a9a-bb31ab86d083,Sunny,"The best chess, no adds",5,1,0.13.13,0.13.13,2025-01-28 21:12:49,,,Lichess,Google Play,en,us,2026-04-17 17:51:35
861a9b2c-ab29-48c8-82f8-8779b1492fc7,Priyansh Prajapati,Just stunning!,5,1,0.13.13,0.13.13,2025-01-28 19:38:47,,,Lichess,Google Play,en,us,2026-04-17 17:51:35
da93f960-f19e-4968-8c49-fdedba8724e1,Talib Raeen,"UI & UX improvement, clock, arrows and circle and puzzle theme on app now. It's just amazing. Hope Lichess do improvements at this speed. Fabulous ♥️",5,1,0.13.13,0.13.13,2025-01-27 20:17:43,,,Lichess,Google Play,en,us,2026-04-17 17:51:35
ec441721-e938-4c88-93a2-41df9c3197fb,Sersyxo,"Hi @lichess , i only have 1 problem that I am not able to login to my account in the mobile app whereas I am able to login in the website, kindly resolve the issue/bug",4,0,0.13.13,0.13.13,2025-01-27 16:03:16,,,Lichess,Google Play,en,us,2026-04-17 17:51:35
2862986a-8cb5-45b4-bc56-f3ca194b7cc7,Nilanjan Santra,"The fact that this is open source, free deserve full Five Star.. This is a gift in a world of money. Why not gift him back full five star.",5,2,0.13.13,0.13.13,2025-01-26 21:01:49,,,Lichess,Google Play,en,us,2026-04-17 17:51:35
aa171c55-212a-47a2-ac75-101332201688,ARJUN REDDY Appala,Top rated free app,5,1,0.12.5,0.12.5,2025-01-26 17:42:02,,,Lichess,Google Play,en,us,2026-04-17 17:51:35
e3c0d18c-e9e6-4188-ac29-9ab3577a9ac5,Kyriakos Amoiridis,"The new app is brilliant,well done. New UI looks much better and the app is faster.",5,1,0.13.13,0.13.13,2025-01-26 10:27:59,,,Lichess,Google Play,en,us,2026-04-17 17:51:35
3b864124-6c7f-4335-b0d1-149dfd3e7ad2,malik Zoumrani,You don't need any other chess app now. Everything on the website is available in the phone app.,5,1,0.13.13,0.13.13,2025-01-25 23:56:38,,,Lichess,Google Play,en,us,2026-04-17 17:51:35
49aa4891-fcc7-4d6e-a902-4b1ef8562399,hemwjs aja,"I mean, it's lichess, there isn't anything better than this",5,2,0.13.13,0.13.13,2025-01-25 18:19:51,,,Lichess,Google Play,en,us,2026-04-17 17:51:35
c56a7b9d-9ef1-490f-8ccc-aaa31147d007,Gurwinder dehlon,Excellent app for learning new tactics,5,1,0.13.13,0.13.13,2025-01-25 16:39:45,,,Lichess,Google Play,en,us,2026-04-17 17:51:35
8f9bf715-2905-4f87-b74c-86ce9d2a84e4,Von Allen P. Lucero,I like the change so far pls add voice input 😍😍😍😸😸😸,3,0,0.13.13,0.13.13,2025-01-25 11:40:42,,,Lichess,Google Play,en,us,2026-04-17 17:51:35
23131be0-49bf-4cb0-82cd-9531a973cbc6,haik,The new ui is very good,5,1,0.13.13,0.13.13,2025-01-25 04:02:13,,,Lichess,Google Play,en,us,2026-04-17 17:51:35
c8ef7691-a5b5-4ae3-88e3-66dc902e3d47,aditya ranjan,replace the official app with this one pleaseeeee,5,1,0.13.13,0.13.13,2025-01-24 10:44:09,,,Lichess,Google Play,en,us,2026-04-17 17:51:35
88ef159d-eb4f-4a72-970c-21598db30271,Will,"Excellent app! Entirely free with everything you need (analysis, puzzle, study...) Only thing is first game the pieces were lagging. Just turn off piece animation :)",5,2,0.13.13,0.13.13,2025-01-24 05:17:00,,,Lichess,Google Play,en,us,2026-04-17 17:51:35
521a7af5-fb9e-430e-b0d8-0a55de846602,Sameli Kaitaranta,"Very good, still missing some features though.",5,1,0.13.13,0.13.13,2025-01-24 01:24:18,,,Lichess,Google Play,en,us,2026-04-17 17:51:35
e47e4dbc-e42b-4776-95fb-d843dffd8492,Vidas Kavoliūnas,"It's really fun to play, but there are so many lost games because of pieces moving halfway to an intended position by dragging. I need to develop a whole different way of making a move by two taps. That's rather annoying.",2,2,0.13.13,0.13.13,2025-01-23 19:58:12,,,Lichess,Google Play,en,us,2026-04-17 17:51:35
143c996d-2fb1-43e2-b5ad-cfa696f9f57f,Carl Rodney Tindugan,"Great app, arguably better than its competitor.",5,1,0.13.13,0.13.13,2025-01-23 13:37:07,,,Lichess,Google Play,en,us,2026-04-17 17:51:35
668da66f-87fb-492c-83f8-a1e67c798489,t e,Shout out the Scala boys,5,1,,,2025-01-23 05:34:09,,,Lichess,Google Play,en,us,2026-04-17 17:51:35
6d4c453b-cd63-4e1b-801f-dfc7c2ddc116,Jaya Shankar Singh,First app I installed on my new phone,5,1,0.13.13,0.13.13,2025-01-23 04:03:42,,,Lichess,Google Play,en,us,2026-04-17 17:51:35
175e475f-afa5-4b06-9094-4eecffb005b9,Kyoshima_Akira,It's Lichess what else can I say,5,2,,,2025-01-22 22:52:39,,,Lichess,Google Play,en,us,2026-04-17 17:51:35
b7f3d561-7e0b-4eb9-8bfd-6eedf4cf755d,Coach Romark,The best of all! Great for playing and for tutoring! Kudos lichess team!,5,2,0.13.13,0.13.13,2025-01-22 11:59:54,,,Lichess,Google Play,en,us,2026-04-17 17:51:35
d4bb2601-c7bb-43e9-ae62-758c2a54c221,Hitesh Singh,"Please add back ""Continue with computer"" feature it was very helpful...please🙏",3,1,0.13.13,0.13.13,2025-01-22 08:56:52,,,Lichess,Google Play,en,us,2026-04-17 17:51:35
e6dd3fa2-6079-4ec8-8542-d9397ab32a1e,KHIRSINDHU SAHU,Supreme,5,1,0.13.13,0.13.13,2025-01-22 06:00:34,,,Lichess,Google Play,en,us,2026-04-17 17:51:35
676a2f8a-9eca-4f0e-b821-be88abaa72c5,Sunita Verma,I love this app now we can draw arrows and analyse by double touch but u must touch the screen first with one finger and then drag the second finger to draw arrows while touching the screen with first finger,5,14,0.13.13,0.13.13,2025-01-21 14:45:21,,,Lichess,Google Play,en,us,2026-04-17 17:51:35
3874c6de-ce1e-49bf-abc0-2cb91e5d6ca6,Amir ali Ali akbari,Is very good,5,1,0.13.13,0.13.13,2025-01-20 16:03:54,,,Lichess,Google Play,en,us,2026-04-17 17:51:35
030496e1-daf6-412e-8d6c-c2728890bab5,Raj Sahani,Nice one,5,1,0.13.13,0.13.13,2025-01-20 09:00:33,,,Lichess,Google Play,en,us,2026-04-17 17:51:35
e05b91d4-d74f-46e2-8ca2-14d935e040f3,Doshi Devarsh,"Extremely good app. Extremely helpful, very very very helpful app.",5,1,0.13.13,0.13.13,2025-01-19 18:00:16,,,Lichess,Google Play,en,us,2026-04-17 17:51:35
bf79430f-f481-4a25-80d4-2f68dbdd794d,Rahul A gowda,Its awesome i loved it.,5,1,0.13.13,0.13.13,2025-01-19 17:49:59,,,Lichess,Google Play,en,us,2026-04-17 17:51:35
c02e1125-02c6-4c10-bf9a-31fd1d9b748e,mr1,"Please release a new update asap, the beta is doing great",5,1,0.13.13,0.13.13,2025-01-19 14:35:42,,,Lichess,Google Play,en,us,2026-04-17 17:51:35
68e2c6ab-b521-4b54-a730-6bbbfd820fdc,Mahbubul Alam Sabuj,Too much unfair matchups in anan mode,1,2,0.13.13,0.13.13,2025-01-19 14:19:12,,,Lichess,Google Play,en,us,2026-04-17 17:51:35
3fdafaa3-c437-44e1-ae7b-e91df0b7ed79,Angel,"Way better than its predecessor! The only thing I would add is the already existing ""Puzzle racer"". But works quite well, props to the team!",5,2,0.13.13,0.13.13,2025-01-19 10:34:11,,,Lichess,Google Play,en,us,2026-04-17 17:51:35
ed022d1e-5d47-498e-a79f-7a6fec05c744,Mayank .•,"Everything that was missing from the mobile version had been added, now i don't have to zoom in zoom out navigating the desktop pudhe on my mobile. Only one request please add the background designs from the normal version or at least AMOLED black.",5,5,0.13.13,0.13.13,2025-01-18 23:49:51,,,Lichess,Google Play,en,us,2026-04-17 17:51:35
3d3a290f-15df-420a-a3e5-d7243bb0174b,Joshua,So far I'm happy with my experience with this chess app,5,1,0.13.13,0.13.13,2025-01-18 17:46:58,,,Lichess,Google Play,en,us,2026-04-17 17:51:35
9f05e3c9-9848-4e22-b625-b73f610b7b8a,Ayo Bams,The app is very good. Very good layout for bullet on mobile. Looking forward to how tournaments will be on the app.,5,2,0.13.13,0.13.13,2025-01-18 14:49:42,,,Lichess,Google Play,en,us,2026-04-17 17:51:35
2c9fa825-0146-4c17-a2fd-2a04aa8c7e66,John ROBINSON,Great free chess app. Clean and decent rating system,5,1,0.13.13,0.13.13,2025-01-17 23:51:21,,,Lichess,Google Play,en,us,2026-04-17 17:51:35
05abc329-be23-4c9e-824d-1a2010f1ef5a,Kelvin Musiimenta,Couldnt find the learn from your mistakes which is in the other app,4,0,0.13.13,0.13.13,2025-01-17 15:26:09,,,Lichess,Google Play,en,us,2026-04-17 17:51:35
e9d5c2ea-4235-4b94-8e20-b3e28cc90aa8,gmfalconx,I love the new design it's very satisfying I hope more people try it,5,1,0.13.13,0.13.13,2025-01-17 07:51:00,,,Lichess,Google Play,en,us,2026-04-17 17:51:35
c8b49730-6a19-4965-8071-0478996f87b3,محمد الامين فيصل,There are no contests and no pre-emptive transfers. I hope these features will be updated in advance.,1,3,0.13.13,0.13.13,2025-01-17 06:38:57,,,Lichess,Google Play,en,us,2026-04-17 17:51:35
bcc78891-7ff4-49de-be43-630e20a41091,Balaji Pattabhiraman,I loose more because of the lack of familiarity of the new layout in blitz. stick to old ui,1,2,,,2025-01-17 03:17:11,,,Lichess,Google Play,en,us,2026-04-17 17:51:35
9a8bde77-5a1f-4992-9079-2a686ab372a6,A. Kumar,Best of the Best,5,1,,,2025-01-16 09:57:21,,,Lichess,Google Play,en,us,2026-04-17 17:51:35
f1a4c1d3-0c0b-4f9f-8a4e-874452aeddec,Arya Halder,Can't play with computer in offline mode. Add the option for playing offline with computer.,3,0,,,2025-01-15 16:33:31,,,Lichess,Google Play,en,us,2026-04-17 17:51:35
6ef474c0-dfa8-4003-bfed-ca363588bd3c,Hardik Panchal,insanely good app,5,2,0.13.13,0.13.13,2025-01-15 11:44:31,,,Lichess,Google Play,en,us,2026-04-17 17:51:35
93b41743-dd33-427e-9404-02dba5e23125,Baibhav Pradhan,The best chess app. Period.,5,2,0.13.13,0.13.13,2025-01-15 10:28:28,,,Lichess,Google Play,en,us,2026-04-17 17:51:35
4e573bbd-007d-4a63-89dd-b1b533bed628,Amadeus,What an update it's so fantastic and amazing 😍😍😍,5,2,0.13.13,0.13.13,2025-01-15 07:23:44,,,Lichess,Google Play,en,us,2026-04-17 17:51:35
82d90b81-3726-4233-9475-b6c08042d08a,Hassanein Shimal,Best chess app ever keep it this way.,5,2,0.13.13,0.13.13,2025-01-15 04:19:53,,,Lichess,Google Play,en,us,2026-04-17 17:51:35
a96a7cf3-9f9f-48e0-b249-0140d7c82c2d,Mahesh Chaudhari,"I liked, that they changed whole interface, it looks so good 👍",5,2,0.13.13,0.13.13,2025-01-15 03:42:03,,,Lichess,Google Play,en,us,2026-04-17 17:51:35
09edcfc8-9b5a-43ce-8e15-5b13ba3e082c,Kribi,"This is better, but add the profile picture feature.",5,2,0.13.13,0.13.13,2025-01-15 01:06:00,,,Lichess,Google Play,en,us,2026-04-17 17:51:35
1a97562c-dac7-45fc-8840-5da4d192e9bf,Devjit Manna,The app is great but it crashes a lot when I request a computer analysis and check it in analysis board.Edit: It works great on 64 bit devices,5,4,0.13.13,0.13.13,2025-01-14 06:33:01,,,Lichess,Google Play,en,us,2026-04-17 17:51:35
800d327f-1504-4f2b-b7e1-d041842fc6b3,Кубит.,Excelente.,5,2,0.13.13,0.13.13,2025-01-14 06:25:18,,,Lichess,Google Play,en,us,2026-04-17 17:51:35
77cddfce-307b-4413-a747-96d37f18d3f0,Shubham Gaur,Best chess app ever made>💙💙,5,2,0.13.13,0.13.13,2025-01-13 20:05:23,,,Lichess,Google Play,en,us,2026-04-17 17:51:35
015f058a-674b-4be1-9e1e-52ae8a9781e8,Abdullah Iqbal Ahmed,Thank you for keeping chess free,5,2,,,2025-01-13 16:01:35,,,Lichess,Google Play,en,us,2026-04-17 17:51:35
de6b6acd-b0c4-4937-b3da-65defcc67716,Varun Wadhwani,App is crazy good I will just recommende that the button for computer analysis is more visible and default piece set u open with is standard,5,2,0.13.13,0.13.13,2025-01-12 19:02:12,,,Lichess,Google Play,en,us,2026-04-17 17:51:35
07711e9f-53e0-4d7a-981a-d378357e6b7c,Matthew Rowe,"This should be the main app, brilliant. Just brilliant",5,2,0.13.13,0.13.13,2025-01-11 19:24:17,,,Lichess,Google Play,en,us,2026-04-17 17:51:35
